Thread_ID,Timestamp,Latency_ms
2,1789495573.734012,1.8724580004345626
2,1789495573.7378151,2.9062920075375587
2,1789495573.7404852,1.9746670150198042
2,1789495573.743383,2.037124999333173
2,1789495573.745949,1.7665410123299807
2,1789495573.749046,2.3737500014249235
2,1789495573.75265,2.866041992092505
2,1789495573.755122,1.82395800948143
2,1789495573.7572439,1.3452089915517718
2,1789495573.7601228,2.154792018700391
2,1789495573.764123,2.8145830146968365
2,1789495573.766187,1.3612089969683439
2,1789495573.768939,1.9373749964870512
2,1789495573.7711911,1.5303750114981085
2,1789495573.774356,2.4425000010523945
2,1789495573.777055,1.885458012111485
2,1789495573.780204,1.919417001772672
2,1789495573.782086,0.9141669725067914
2,1789495573.784616,1.75108399707824
2,1789495573.787971,2.5679579994175583
2,1789495573.7911649,2.372707996983081
2,1789495573.794448,2.035291981883347
2,1789495573.797369,2.16283299960196
2,1789495573.800114,1.9413749978411943
2,1789495573.803019,2.2085420205257833
2,1789495573.806009,2.2236660006456077
2,1789495573.8083148,1.6518750053364784
2,1789495573.811287,2.0829160057473928
2,1789495573.8137522,1.68304200633429
2,1789495573.815884,1.467042020522058
2,1789495573.817326,0.7923750090412796
2,1789495573.819828,1.9250839832238853
2,1789495573.822191,1.4581250143237412
2,1789495573.824683,1.8045410106424242
2,1789495573.8266041,1.2186669919174165
2,1789495573.8287868,1.4816669863648713
2,1789495573.830763,1.1306660016998649
2,1789495573.8328059,1.1200830049347132
2,1789495573.834476,0.9674169996287674
2,1789495573.8369138,1.746791007462889
2,1789495573.8392699,1.4189999783411622
2,1789495573.841173,1.1882920225616544
2,1789495573.843998,2.1012499928474426
2,1789495573.84571,0.8989579800982028
2,1789495573.8487759,2.159708004910499
2,1789495573.850742,1.1417909990996122
2,1789495573.8526819,1.2558749876916409
2,1789495573.8546538,1.161790976766497
2,1789495573.856392,0.9792089986149222
2,1789495573.858347,1.2584170035552233
2,1789495573.8611572,1.7254999838769436
2,1789495573.86325,1.3922909856773913
2,1789495573.865571,1.5939169970806688
2,1789495573.866875,0.5614169931504875
2,1789495573.868617,1.079374982509762
2,1789495573.870353,1.0770419903565198
2,1789495573.871822,0.8035000064410269
2,1789495573.873174,0.6987089873291552
2,1789495573.874644,0.6644169916398823
2,1789495573.876113,0.7415410073008388
2,1789495573.877938,1.1291670089121908
2,1789495573.880833,2.0794580050278455
2,1789495573.883372,1.792041992302984
2,1789495573.885608,1.505791995441541
2,1789495573.887834,1.5302080137189478
2,1789495573.889977,1.4242090110201389
2,1789495573.8923771,1.72079200274311
2,1789495573.89455,1.5171249979175627
2,1789495573.89658,1.3655839720740914
2,1789495573.898539,1.255292008863762
2,1789495573.900689,1.4538329851347953
2,1789495573.902991,1.6525410173926502
2,1789495573.905161,1.5096249990165234
2,1789495573.906778,0.9752080077305436
2,1789495573.9088728,1.2768750020768493
2,1789495573.911017,1.5039999852888286
2,1789495573.913131,1.3515000173356384
2,1789495573.915118,1.3893749855924398
2,1789495573.917151,1.3030419941060245
2,1789495573.919471,1.528541004518047
2,1789495573.921477,1.3582500105258077
2,1789495573.923945,1.7749580147210509
2,1789495573.926177,1.4397909981198609
2,1789495573.930155,3.0335419869516045
2,1789495573.933208,2.3457499919459224
2,1789495573.936276,2.397499978542328
2,1789495573.9387012,1.5448750054929405
2,1789495573.94137,1.8523340113461018
2,1789495573.944326,2.2554160095751286
2,1789495573.947263,2.2455420112237334
2,1789495573.950517,2.435917005641386
2,1789495573.953078,1.8574169953353703
2,1789495573.956256,2.3079999955371022
2,1789495573.9592268,2.2385420161299407
2,1789495573.962784,2.9181249847169966
2,1789495573.966295,2.8135000029578805
2,1789495573.9694989,2.5267079763580114
2,1789495573.9727738,2.6022919919341803
2,1789495573.975581,2.140333002898842
2,1789495573.977091,0.7367499929387122
2,1789495573.980302,2.45724999695085
2,1789495573.983378,2.3000839864835143
2,1789495573.9864478,2.3766669910401106
2,1789495573.98981,2.563416986959055
2,1789495573.9928892,2.3089580063242465
2,1789495573.996205,2.6834169984795153
2,1789495573.998674,1.790541980881244
2,1789495574.000492,1.1819589999504387
2,1789495574.005543,3.889374987920746
2,1789495574.009396,2.8661660035140812
2,1789495574.013351,3.134875005343929
2,1789495574.0174642,3.458874998614192
2,1789495574.02144,3.340583003591746
2,1789495574.025007,2.8516250022221357
2,1789495574.02969,3.9627499936614186
2,1789495574.033334,2.9508750012610108
2,1789495574.037877,3.80158398183994
2,1789495574.042017,3.4563749795779586
2,1789495574.04624,3.50550000439398
2,1789495574.050446,3.482500003883615
2,1789495574.0539641,2.8328750049695373
2,1789495574.05849,3.7063329946249723
2,1789495574.062826,3.533665993018076
2,1789495574.0666602,3.1561669893562794
2,1789495574.071198,3.8838340260554105
2,1789495574.074463,2.484166994690895
2,1789495574.0791192,3.7433329853229225
2,1789495574.084451,4.4299589935690165
2,1789495574.090204,4.818958987016231
2,1789495574.094038,3.1596249900758266
2,1789495574.099308,4.600957996444777
2,1789495574.106671,6.672541989246383
2,1789495574.112244,4.31279101758264
2,1789495574.117287,4.304290981963277
2,1789495574.123466,5.2983330097049475
2,1789495574.129417,5.291750014293939
2,1789495574.134788,4.131000023335218
2,1789495574.138773,3.2991250045597553
2,1789495574.1424901,3.0097499839030206
2,1789495574.146346,3.2037500059232116
2,1789495574.1531782,4.724917002022266
2,1789495574.158032,4.097124998224899
2,1789495574.1630049,4.264124989276752
2,1789495574.167972,4.121166974073276
2,1789495574.173046,4.429333988809958
2,1789495574.180118,6.207875005202368
2,1789495574.183576,2.8207080031279474
2,1789495574.187158,2.9203750018496066
2,1789495574.19044,2.50620799488388
2,1789495574.194491,3.141207998851314
2,1789495574.198018,2.5534169981256127
2,1789495574.202198,3.4576250181999058
2,1789495574.205971,3.010917018400505
2,1789495574.21019,3.5216250107623637
2,1789495574.2143738,3.4978329786099494
2,1789495574.2180102,2.914584008976817
2,1789495574.221639,2.9052919999230653
2,1789495574.226698,4.2849580058828
2,1789495574.23184,4.463542019948363
2,1789495574.235949,3.3996249840129167
2,1789495574.2408938,4.30083301034756
2,1789495574.244875,3.260041994508356
2,1789495574.251512,5.447458999697119
2,1789495574.257003,4.61433400050737
2,1789495574.26092,3.242374979890883
2,1789495574.264639,3.0327499844133854
2,1789495574.268126,2.731707994826138
2,1789495574.2720299,3.1292080238927156
2,1789495574.275477,2.7819169918075204
2,1789495574.279003,2.716541988775134
2,1789495574.2825239,2.773832995444536
2,1789495574.28635,3.1818749848753214
2,1789495574.289938,2.9178339755162597
2,1789495574.294374,3.706375020556152
2,1789495574.298767,3.68287498713471
2,1789495574.3036952,4.207249992759898
2,1789495574.308306,3.881749988067895
2,1789495574.3134341,4.410666006151587
2,1789495574.319211,5.051417014328763
2,1789495574.324407,4.2421249963808805
2,1789495574.331198,6.10779199632816
2,1789495574.335436,3.5650000208988786
2,1789495574.3392901,3.027500002644956
2,1789495574.343039,3.031625004950911
2,1789495574.346804,3.0717919871676713
2,1789495574.351072,3.492541000014171
2,1789495574.3545809,2.7765409904532135
2,1789495574.35828,2.830875018844381
2,1789495574.362561,3.5725830239243805
2,1789495574.3662028,2.912416006438434
2,1789495574.369935,2.992584020830691
2,1789495574.373933,3.21354201878421
2,1789495574.378867,4.052374977618456
2,1789495574.383252,3.645707998657599
2,1789495574.388144,4.059500002767891
2,1789495574.393039,4.18195899692364
2,1789495574.3991501,5.4297089809551835
2,1789495574.4061792,6.2137499917298555
2,1789495574.412095,5.083124997327104
2,1789495574.418249,5.439499975182116
2,1789495574.424924,5.963832983979955
2,1789495574.430623,4.664750013034791
2,1789495574.437283,5.962416995316744
2,1789495574.441046,3.0929999775253236
2,1789495574.4452019,3.4701660042628646
2,1789495574.45064,4.672582988860086
2,1789495574.454507,3.272583009675145
2,1789495574.459167,3.9882080163806677
2,1789495574.463237,3.386583994142711
2,1789495574.467337,3.245041996706277
2,1789495574.4743948,6.172250024974346
2,1789495574.481601,6.386458000633866
2,1789495574.48636,4.074875003425404
2,1789495574.490331,3.3123329922091216
2,1789495574.494087,2.942250022897497
2,1789495574.497709,2.985958009958267
2,1789495574.501788,3.316375019494444
2,1789495574.505443,2.9981249826960266
2,1789495574.5090098,2.9277919966261834
2,1789495574.512919,3.1959580082912
2,1789495574.517035,3.42795901815407
2,1789495574.52052,2.832916012266651
2,1789495574.525865,4.639624996343628
2,1789495574.531042,4.4556669890880585
2,1789495574.535586,3.7503750063478947
2,1789495574.540156,3.8538329827133566
2,1789495574.5454988,4.603957990184426
2,1789495574.552227,6.081291998270899
2,1789495574.558774,5.765541980508715
2,1789495574.5619001,2.3935839999467134
2,1789495574.566083,3.3777920180000365
2,1789495574.570154,3.334041015477851
2,1789495574.574075,3.079459012951702
2,1789495574.578109,3.374667023308575
2,1789495574.581485,2.5482919882051647
2,1789495574.585133,2.9928339936304837
2,1789495574.589354,3.4932080016005784
2,1789495574.594249,4.070124996360391
2,1789495574.600925,4.67600001138635
2,1789495574.606257,4.688291985075921
2,1789495574.610295,3.370792022906244
2,1789495574.6152,4.266042000381276
2,1789495574.620542,4.6765420120209455
2,1789495574.6276832,6.44591698073782
2,1789495574.633316,4.868457996053621
2,1789495574.637724,3.577334020519629
2,1789495574.6412532,2.8375830152072012
2,1789495574.6445599,2.5748749903868884
2,1789495574.648107,2.8118750196881592
2,1789495574.6520572,3.139874985208735
2,1789495574.6560588,3.357749985298142
2,1789495574.660924,4.146124992985278
2,1789495574.66541,3.8265000039245933
2,1789495574.669627,3.5703750036191195
2,1789495574.674749,4.4542500108946115
2,1789495574.6789372,3.5511669993866235
2,1789495574.6842828,4.658916994230822
2,1789495574.6889899,4.034166981000453
2,1789495574.6935601,3.8859159976709634
2,1789495574.6998012,5.512666015420109
2,1789495574.707049,6.409042020095512
2,1789495574.71254,4.798332985956222
2,1789495574.718403,5.062749987700954
2,1789495574.7242482,5.07450001896359
2,1789495574.729735,4.83241697656922
2,1789495574.735871,5.3327089990489185
2,1789495574.741834,5.030458007240668
2,1789495574.7460768,3.2851660216692835
2,1789495574.750541,3.72362500638701
2,1789495574.754168,2.9574159998446703
2,1789495574.75916,4.18775001890026
2,1789495574.763623,3.514665993861854
2,1789495574.772639,7.917707989690825
2,1789495574.782261,8.852166996803135
2,1789495574.7872472,4.347290989244357
2,1789495574.791382,3.4452500112820417
2,1789495574.7953658,3.2190409838221967
2,1789495574.798883,2.793249994283542
2,1789495574.8028748,3.3070830104406923
2,1789495574.8072,3.6600829917006195
2,1789495574.81089,3.03370802430436
2,1789495574.81469,3.0394999776035547
2,1789495574.818835,3.4305829904042184
2,1789495574.824061,4.369750007754192
2,1789495574.828555,3.836083022179082
2,1789495574.8334541,4.005458002211526
2,1789495574.8383,4.067582980496809
2,1789495574.842421,3.330374980578199
2,1789495574.848724,5.5122500052675605
2,1789495574.855455,5.885082995519042
2,1789495574.860846,4.5965420140419155
2,1789495574.864714,3.1448749941773713
2,1789495574.869493,4.035374993691221
2,1789495574.873429,3.2454999745823443
2,1789495574.87703,2.942458988400176
2,1789495574.88061,2.876375016057864
2,1789495574.88435,3.0386669968720526
2,1789495574.8891258,3.9864580030553043
2,1789495574.8919199,2.0495829812716693
2,1789495574.8972101,4.504667012952268
2,1789495574.9022899,4.1694169922266155
2,1789495574.9074922,4.533333005383611
2,1789495574.913291,5.135999992489815
2,1789495574.919171,5.025249993195757
2,1789495574.9276092,7.669083977816626
2,1789495574.933732,5.464916001074016
2,1789495574.9375691,3.15891599166207
2,1789495574.941136,2.9296659922692925
2,1789495574.945472,3.6117080016992986
2,1789495574.9495308,3.4156670153606683
2,1789495574.953884,3.6189579986967146
2,1789495574.957168,2.5187080027535558
2,1789495574.9594638,1.5186670061666518
2,1789495574.963152,2.9352499986998737
2,1789495574.9668648,2.9679999861400574
2,1789495574.9684632,0.949790992308408
2,1789495574.973294,4.194917011773214
2,1789495574.978576,4.583542002364993
2,1789495574.983546,4.283082991605625
2,1789495574.989096,4.711541987489909
2,1789495574.994671,4.786250006873161
2,1789495575.001973,6.499415991129354
2,1789495575.008936,6.267792021390051
2,1789495575.0154219,5.6580839736852795
2,1789495575.021536,5.188541981624439
2,1789495575.027314,4.828249977435917
2,1789495575.0328572,4.849749995628372
2,1789495575.039743,5.863500002305955
2,1789495575.0464609,5.872375011676922
2,1789495575.052017,4.6030420053284615
2,1789495575.057615,4.84833400696516
2,1789495575.062836,4.524832998868078
2,1789495575.067324,3.8407500251196325
2,1789495575.074466,6.4512090175412595
2,1789495575.0829701,7.855166011722758
2,1789495575.089464,5.785500019555911
2,1789495575.0937028,3.5313749976921827
2,1789495575.097816,3.4040420141536742
2,1789495575.10156,2.9379999905359
2,1789495575.104908,2.6723750052042305
2,1789495575.109319,3.6601249885279685
2,1789495575.113774,3.5431669966783375
2,1789495575.117866,3.365374985150993
2,1789495575.123904,3.981415997259319
2,1789495575.128225,3.612708009313792
2,1789495575.1331651,4.139374999795109
2,1789495575.1372318,3.2799170003272593
2,1789495575.141545,3.4709580068010837
2,1789495575.147649,5.411749996710569
2,1789495575.15494,6.628040981013328
2,1789495575.160838,5.018166993977502
2,1789495575.166126,4.331500007538125
2,1789495575.1696188,2.816417021676898
2,1789495575.1742342,3.8123339763842523
2,1789495575.178273,3.3222499769181013
2,1789495575.1827269,3.781167004490271
2,1789495575.186513,3.0945830221753567
2,1789495575.19053,3.2467920100316405
2,1789495575.1945212,3.3424579887650907
2,1789495575.19764,2.467582991812378
2,1789495575.202942,4.622333974111825
2,1789495575.208585,4.924999986542389
2,1789495575.213591,4.194417007965967
2,1789495575.2188249,4.557750013191253
2,1789495575.22453,5.110124999191612
2,1789495575.232737,7.43437500204891
2,1789495575.2390761,5.6057080219034106
2,1789495575.2471411,7.317916984902695
2,1789495575.252293,4.420167009811848
2,1789495575.256098,3.0753330211155117
2,1789495575.259883,3.110499994363636
2,1789495575.263525,2.914833021350205
2,1789495575.2677581,3.3413329801987857
2,1789495575.2718349,3.3998330181930214
2,1789495575.275763,3.286833001766354
2,1789495575.28009,3.5608329926617444
2,1789495575.285552,4.459125018911436
2,1789495575.286922,0.7249999907799065
2,1789495575.291727,4.120625002542511
2,1789495575.2961578,3.687249991344288
2,1789495575.300114,3.285749990027398
2,1789495575.3057878,4.808457975741476
2,1789495575.313111,6.436249997932464
2,1789495575.317677,3.9173330005723983
2,1789495575.323738,5.355624976800755
2,1789495575.330187,5.80104099935852
2,1789495575.3351092,4.068541980814189
2,1789495575.3422751,6.505249999463558
2,1789495575.347988,5.028500017942861
2,1789495575.35453,5.786916997749358
2,1789495575.360159,4.68908398761414
2,1789495575.365849,4.727457999251783
2,1789495575.370219,3.723458998138085
2,1789495575.3745909,3.63445800030604
2,1789495575.381084,5.596833012532443
2,1789495575.389189,7.463666988769546
2,1789495575.395417,5.433541984530166
2,1789495575.4018078,5.668375000823289
2,1789495575.405605,3.1509999826084822
2,1789495575.410294,3.7942909984849393
2,1789495575.414233,3.298416006145999
2,1789495575.418133,3.1851669773459435
2,1789495575.42276,3.9085830212570727
2,1789495575.4268951,3.3918750123120844
2,1789495575.431648,4.074041004059836
2,1789495575.4365592,4.224333009915426
2,1789495575.441548,4.305332986405119
2,1789495575.4460008,3.795959026319906
2,1789495575.450816,4.027292015962303
2,1789495575.455693,4.080832994077355
2,1789495575.462624,6.270334008149803
2,1789495575.468771,5.154042009962723
2,1789495575.475276,5.786749999970198
2,1789495575.481272,5.281999998260289
2,1789495575.484187,2.269540971610695
2,1789495575.487207,2.3304999922402203
2,1789495575.491435,3.555790986865759
2,1789495575.4952588,3.180750005412847
2,1789495575.499719,3.7700830143876374
2,1789495575.504231,3.779916005441919
2,1789495575.508356,3.447459021117538
2,1789495575.513388,4.342708009062335
2,1789495575.5186188,4.554790997644886
2,1789495575.5226822,3.364832984516397
2,1789495575.527682,4.269083001418039
2,1789495575.533525,5.162290995940566
2,1789495575.540599,6.266207987209782
2,1789495575.5467992,5.305375001626089
2,1789495575.55228,4.761999996844679
2,1789495575.5590441,6.001500005368143
2,1789495575.566654,6.935917015653104
2,1789495575.570247,2.8500840126071125
2,1789495575.574461,3.389083984075114
2,1789495575.5790389,3.919708979083225
2,1789495575.585197,4.359582992037758
2,1789495575.590637,4.493250016821548
2,1789495575.595443,4.090749978786334
2,1789495575.600823,4.664875013986602
2,1789495575.638339,36.75762499915436
2,1789495575.6464908,7.417125016218051
2,1789495575.652438,5.254957999568433
2,1789495575.659785,5.945417011389509
2,1789495575.665636,4.9809170013759285
2,1789495575.672161,5.217500001890585
2,1789495575.6787672,5.798832979053259
2,1789495575.6846778,5.262958002276719
2,1789495575.6888561,3.492416988592595
2,1789495575.69328,3.7583330122288316
2,1789495575.701365,7.288499997230247
2,1789495575.708161,6.075125013012439
2,1789495575.713587,4.702042002463713
2,1789495575.718157,3.9204999920912087
2,1789495575.724326,5.464291025418788
2,1789495575.7316449,6.558124994626269
2,1789495575.738476,6.126749998657033
2,1789495575.745901,6.620583008043468
2,1789495575.752044,5.498417012859136
2,1789495575.758486,5.773541983217001
2,1789495575.7624772,3.311709006084129
2,1789495575.766554,3.203332977136597
2,1789495575.770428,3.1468340021092445
2,1789495575.774056,2.9527080187108368
5,1789495573.733911,1.4472500188276172
5,1789495573.736319,1.6210000030696392
5,1789495573.739546,2.4714170140214264
5,1789495573.742363,1.9742500153370202
5,1789495573.746494,3.283290978288278
5,1789495573.750259,2.938332996563986
5,1789495573.753679,2.662375016370788
5,1789495573.756445,1.8848750041797757
5,1789495573.759604,2.3440000077243894
5,1789495573.761955,1.5831250057090074
5,1789495573.764645,1.9086670072283596
5,1789495573.7667682,1.3126249832566828
5,1789495573.771007,3.5636249813251197
5,1789495573.7738712,2.1529580117203295
5,1789495573.776188,1.565167010994628
5,1789495573.7787158,1.7842499946709722
5,1789495573.7813609,1.71237500035204
5,1789495573.784971,2.5804159813560545
5,1789495573.7877948,1.81200000224635
5,1789495573.7905762,1.987958006793633
5,1789495573.793623,2.2855839924886823
5,1789495573.7963781,2.0041669777128845
5,1789495573.80024,3.0612499976996332
5,1789495573.8030038,2.0232920069247484
5,1789495573.805862,2.148375002434477
5,1789495573.808885,2.323166001588106
5,1789495573.811232,1.6156669880729169
5,1789495573.813257,1.275874994462356
5,1789495573.815258,1.009790983516723
5,1789495573.817562,1.5431669889949262
5,1789495573.819714,1.3435829896479845
5,1789495573.821913,1.495583012001589
5,1789495573.8241558,1.486875000409782
5,1789495573.8258529,1.0457920143380761
5,1789495573.827708,1.0786250059027225
5,1789495573.829896,1.3407499936874956
5,1789495573.832295,1.4052079932298511
5,1789495573.834253,1.2836669920943677
5,1789495573.836421,1.3578750076703727
5,1789495573.83836,1.1277079756837338
5,1789495573.8409548,1.7241660098079592
5,1789495573.842952,1.1378749914001673
5,1789495573.84512,1.5010829956736416
5,1789495573.846886,1.0330830118618906
5,1789495573.849261,1.6703750006854534
5,1789495573.851028,1.059875008650124
5,1789495573.8532648,1.4597919944208115
5,1789495573.855816,1.8119169981218874
5,1789495573.858009,1.2102079926989973
5,1789495573.860197,1.4767499815206975
5,1789495573.8628612,1.7757499881554395
5,1789495573.8646898,0.9703329997137189
5,1789495573.866362,0.8675419958308339
5,1789495573.8680909,0.9517080034129322
5,1789495573.870156,1.3094590103719383
5,1789495573.871784,0.942917016800493
5,1789495573.872981,0.531709025381133
5,1789495573.8747919,1.0806250211317092
5,1789495573.87599,0.5274169961921871
5,1789495573.8774111,0.7757919956929982
5,1789495573.880317,2.2129580029286444
5,1789495573.882837,1.7295410216320306
5,1789495573.8851478,1.657458982663229
5,1789495573.8873742,1.5745410055387765
5,1789495573.889678,1.6568750143051147
5,1789495573.891343,1.0021250054705888
5,1789495573.893095,1.0605420102365315
5,1789495573.895587,1.6631670005153865
5,1789495573.897793,1.3990000006742775
5,1789495573.899838,1.3444579963106662
5,1789495573.902047,1.5479580033570528
5,1789495573.90412,1.337790978141129
5,1789495573.906025,1.19704200187698
5,1789495573.9081018,1.4099580002948642
5,1789495573.9096792,0.9005829924717546
5,1789495573.91202,1.4686660142615438
5,1789495573.913889,1.2022080190945417
5,1789495573.9163039,1.6343749884981662
5,1789495573.918303,1.3470000121742487
5,1789495573.9208262,1.8172499840147793
5,1789495573.9228659,1.3579160149674863
5,1789495573.9251368,1.5595410077366978
5,1789495573.929464,2.580083004431799
5,1789495573.9325068,2.1954590047243983
5,1789495573.935369,2.1486670011654496
5,1789495573.938045,1.9243750139139593
5,1789495573.941107,2.096957992762327
5,1789495573.9435258,1.7244999762624502
5,1789495573.944673,0.4632079799193889
5,1789495573.9475148,1.9761250005103648
5,1789495573.9502249,2.0044579869136214
5,1789495573.9532769,2.276500017615035
5,1789495573.956959,2.968624990899116
5,1789495573.960233,2.6343329809606075
5,1789495573.963211,2.341124985832721
5,1789495573.966227,2.3256669810507447
5,1789495573.969146,2.272875019116327
5,1789495573.97214,2.3250409867614508
5,1789495573.974178,1.3200830144342035
5,1789495573.977016,2.176707988837734
5,1789495573.9801579,2.4874999944586307
5,1789495573.9836001,2.6236660196445882
5,1789495573.986518,2.1530409867409617
5,1789495573.990169,2.967416978208348
5,1789495573.9934762,2.548332995502278
5,1789495573.996675,2.5520839844830334
5,1789495573.999682,2.2773749951738864
5,1789495574.00411,2.8053339920006692
5,1789495574.006583,1.7449580191168934
5,1789495574.010614,3.3769169822335243
5,1789495574.014677,3.2458750065416098
5,1789495574.0181289,2.7419579855632037
5,1789495574.0225122,3.6460840201471
5,1789495574.026111,2.9137080127839
5,1789495574.031869,4.987666994566098
5,1789495574.035302,2.65779098845087
5,1789495574.038696,2.6804579829331487
5,1789495574.0421782,2.839916996890679
5,1789495574.04657,3.749166993657127
5,1789495574.050596,3.259040997363627
5,1789495574.0551648,3.6801249952986836
5,1789495574.058788,2.8597500058822334
5,1789495574.062927,3.486125002382323
5,1789495574.066515,2.9030420118942857
5,1789495574.0707579,3.5008330014534295
5,1789495574.073983,2.525874995626509
5,1789495574.078798,4.16608399245888
5,1789495574.083607,4.125250008655712
5,1789495574.0888672,4.510666010901332
5,1789495574.093737,4.192124994006008
5,1789495574.098937,4.475041991099715
5,1789495574.1064909,6.657833990175277
5,1789495574.111753,4.598874977091327
5,1789495574.117756,5.279624980175868
5,1789495574.124257,5.771958007244393
5,1789495574.130635,5.573166999965906
5,1789495574.135655,4.298375017242506
5,1789495574.139507,3.2050840090960264
5,1789495574.14349,3.185750014381483
5,1789495574.147115,2.7824999997392297
5,1789495574.15253,4.046124988235533
5,1789495574.1564028,3.1374170212075114
5,1789495574.160811,3.6662910133600235
5,1789495574.1638231,2.243916009319946
5,1789495574.1684852,4.021625005407259
5,1789495574.1748202,5.5271250021178275
5,1789495574.1807842,5.103040981339291
5,1789495574.185206,3.391541977180168
5,1789495574.188962,3.0745830154046416
5,1789495574.192754,3.108208009507507
5,1789495574.1963341,2.9379999905359
5,1789495574.200295,3.294499998446554
5,1789495574.204048,3.0663750076200813
5,1789495574.207188,2.454041998134926
5,1789495574.210698,2.7963340107817203
5,1789495574.2144718,3.097417007666081
5,1789495574.218582,3.376040986040607
5,1789495574.222802,3.503457992337644
5,1789495574.227201,3.674874984426424
5,1789495574.2319481,3.969665995100513
5,1789495574.236906,4.2215000139549375
5,1789495574.242201,4.634333017747849
5,1789495574.247054,4.198541981168091
5,1789495574.254213,6.08816699241288
5,1789495574.25874,3.665917000034824
5,1789495574.262787,3.3876660163514316
5,1789495574.266475,2.8641250100918114
5,1789495574.270396,3.282583988038823
5,1789495574.274634,3.5808749962598085
5,1789495574.278493,3.169999981764704
5,1789495574.282673,3.4077079908456653
5,1789495574.286732,3.4178339992649853
5,1789495574.290118,2.738915994996205
5,1789495574.29364,2.822209004079923
5,1789495574.2970371,2.8014580020681024
5,1789495574.302022,4.274542006896809
5,1789495574.3078132,5.01187500776723
5,1789495574.3133261,4.864416987402365
5,1789495574.3184159,4.308415984269232
5,1789495574.322012,2.9287500074133277
5,1789495574.3282719,5.432042002212256
5,1789495574.3335779,4.659375001210719
5,1789495574.337564,3.2344170031137764
5,1789495574.3416262,3.3669999975245446
5,1789495574.3453429,2.9947500152047724
5,1789495574.349013,2.9159999976400286
5,1789495574.353148,3.4330829803366214
5,1789495574.357057,3.230291011277586
5,1789495574.361237,3.421542001888156
5,1789495574.3651578,3.176291997078806
5,1789495574.369,3.167708986438811
5,1789495574.3731258,3.3537920098751783
5,1789495574.3775601,3.6172919790260494
5,1789495574.382983,4.662124993046746
5,1789495574.387727,3.998874977696687
5,1789495574.392863,4.309292009565979
5,1789495574.3976939,4.0325830050278455
5,1789495574.404622,6.260082998778671
5,1789495574.41099,5.463833018438891
5,1789495574.417752,6.0533749929163605
5,1789495574.423417,4.872125020483509
5,1789495574.4296582,5.461708002258092
5,1789495574.435812,5.301666999002919
5,1789495574.440493,3.9393329934682697
5,1789495574.444704,3.5701669985428452
5,1789495574.4505432,4.8947909963317215
5,1789495574.455861,4.667500004870817
5,1789495574.460549,3.9075000095181167
5,1789495574.465377,4.05879199388437
5,1789495574.469453,3.3841249824035913
5,1789495574.476906,6.7167919769417495
5,1789495574.4828968,5.225875007454306
5,1789495574.487376,3.833499999018386
5,1789495574.491425,3.1233750050887465
5,1789495574.495992,3.849333996186033
5,1789495574.4996538,2.8207499999552965
5,1789495574.5038211,3.428082971367985
5,1789495574.508356,3.751832991838455
5,1789495574.5132911,4.269750003004447
5,1789495574.517122,3.190791991073638
5,1789495574.520473,2.6800420018844306
5,1789495574.5252469,4.088707995833829
5,1789495574.5301251,4.164792015217245
5,1789495574.5358531,4.942041996400803
5,1789495574.5409129,4.33654198423028
5,1789495574.545325,3.709749988047406
5,1789495574.551341,5.306790990289301
5,1789495574.5564852,4.451916989637539
5,1789495574.561258,4.103707993635908
5,1789495574.5648892,2.880333981011063
5,1789495574.569419,3.790791000938043
5,1789495574.573714,3.5052500024903566
5,1789495574.577378,2.9887080017942935
5,1789495574.5810041,2.917166013503447
5,1789495574.585004,3.3438750251661986
5,1789495574.589361,3.616750007495284
5,1789495574.5936809,3.5796659940388054
5,1789495574.5961301,1.796040975023061
5,1789495574.6010082,4.107415996259078
5,1789495574.6069171,5.268042004900053
5,1789495574.611572,3.6831249890383333
5,1789495574.616184,3.9020419935695827
5,1789495574.621778,4.836292006075382
5,1789495574.628478,5.895459005841985
5,1789495574.634292,5.071999999927357
5,1789495574.639167,3.9661659975536168
5,1789495574.642936,2.9462080274242908
5,1789495574.647615,3.8755419955123216
5,1789495574.651031,2.720666991081089
5,1789495574.6556091,3.887583006871864
5,1789495574.659252,2.9809169936925173
5,1789495574.6632051,3.30400001257658
5,1789495574.666903,2.9887080017942935
5,1789495574.671248,3.595999995013699
5,1789495574.675377,3.445167007157579
5,1789495574.679717,3.5795409930869937
5,1789495574.6850328,4.582291003316641
5,1789495574.689924,4.080874990904704
5,1789495574.695999,5.357541027478874
5,1789495574.7036722,6.797790993005037
5,1789495574.709297,4.920375009533018
5,1789495574.71604,5.645584024023265
5,1789495574.723378,6.622625020099804
5,1789495574.729905,5.845708015840501
5,1789495574.737008,6.389708025380969
5,1789495574.7425878,4.3100000184495
5,1789495574.747964,4.542458016658202
5,1789495574.752865,4.253000020980835
5,1789495574.758275,4.669708985602483
5,1789495574.7626991,3.729832998942584
5,1789495574.768589,5.153417005203664
5,1789495574.776248,6.959666992770508
5,1789495574.7839081,6.410541012883186
5,1789495574.788276,3.6993329995311797
5,1789495574.7924259,3.3240829943679273
5,1789495574.796333,3.177624981617555
5,1789495574.800069,3.090125013841316
5,1789495574.8040562,3.1832090171519667
5,1789495574.808152,3.374583990080282
5,1789495574.812285,3.452834003837779
5,1789495574.816278,3.253041999414563
5,1789495574.820087,3.103916998952627
5,1789495574.825537,4.801917006261647
5,1789495574.830587,4.286874987883493
5,1789495574.8365052,5.145584000274539
5,1789495574.8416152,4.465750011149794
5,1789495574.849378,6.912417011335492
5,1789495574.8560681,5.878334020962939
5,1789495574.862228,5.517625017091632
5,1789495574.8654861,2.5444580242037773
5,1789495574.869874,3.647042001830414
5,1789495574.873543,2.996583003550768
5,1789495574.877627,3.4107500105164945
5,1789495574.882039,3.693125006975606
5,1789495574.885494,2.7813749911729246
5,1789495574.889863,3.6360830126795918
5,1789495574.8954968,3.764833993045613
5,1789495574.9009979,4.6700420207344
5,1789495574.906563,4.775915993377566
5,1789495574.911425,4.155542002990842
5,1789495574.9186718,6.2882499769330025
5,1789495574.9266539,7.231083000078797
5,1789495574.931972,4.505000018980354
5,1789495574.93555,2.8545840177685022
5,1789495574.939292,3.0852909840177745
5,1789495574.9432042,3.2662079902365804
5,1789495574.9468439,2.976791001856327
5,1789495574.951078,3.189041977748275
5,1789495574.9546869,2.8950000123586506
5,1789495574.958853,3.3995000121649355
5,1789495574.9629738,3.376750013558194
5,1789495574.9672499,3.53729201015085
5,1789495574.972796,4.07445800374262
5,1789495574.978157,4.663416999392211
5,1789495574.9825962,3.7812910159118474
5,1789495574.9868228,3.555583010893315
5,1789495574.991679,4.138917021919042
5,1789495574.998848,6.2683750002179295
5,1789495575.0060742,6.211624975549057
5,1789495575.013545,6.816833018092439
5,1789495575.01954,5.2715000056196
5,1789495575.026071,5.850209010532126
5,1789495575.03281,5.8937499998137355
5,1789495575.039566,5.8690830192063
5,1789495575.045252,4.844999988563359
5,1789495575.051712,5.582792015047744
5,1789495575.056704,4.312625009333715
5,1789495575.0614421,4.0021659806370735
5,1789495575.0668259,4.650958988349885
5,1789495575.072282,4.740790987852961
5,1789495575.080151,7.127874996513128
5,1789495575.086277,5.099083005916327
5,1789495575.091837,4.8654580023139715
5,1789495575.095945,3.3760830119717866
5,1789495575.099821,3.1086670060176402
5,1789495575.104227,3.6543750029522926
5,1789495575.107924,2.9881660011596978
5,1789495575.111349,2.7195840084459633
5,1789495575.115038,2.976834017317742
5,1789495575.118388,2.575458987848833
5,1789495575.124852,4.887832998065278
5,1789495575.130303,4.772207990754396
5,1789495575.134909,3.8954580086283386
5,1789495575.141216,5.517167010111734
5,1789495575.145577,3.5983750130981207
5,1789495575.152724,6.337833008728921
5,1789495575.159818,6.283208989771083
5,1789495575.1657758,5.319457995938137
5,1789495575.169661,3.1595000182278454
5,1789495575.1738062,3.234707983210683
5,1789495575.17765,3.152040997520089
5,1789495575.181875,3.4394169924780726
5,1789495575.1856918,3.176209022058174
5,1789495575.1896992,3.213541000150144
5,1789495575.1931012,2.7000420086551458
5,1789495575.196552,2.6998329849448055
5,1789495575.201385,3.659000009065494
5,1789495575.2065222,4.198459006147459
5,1789495575.2117429,4.454917012481019
5,1789495575.21738,4.905208013951778
5,1789495575.223098,5.063166987383738
5,1789495575.22926,5.490625015227124
5,1789495575.236853,6.714124989230186
5,1789495575.243728,6.103624997194856
5,1789495575.2499058,5.377916997531429
5,1789495575.253672,3.0365420097950846
5,1789495575.257832,3.4458329901099205
5,1789495575.262123,3.478124999674037
5,1789495575.266787,3.837250027572736
5,1789495575.2715368,4.021416010800749
5,1789495575.276233,3.949625010136515
5,1789495575.2803578,3.4020000020973384
5,1789495575.286261,4.646917019272223
5,1789495575.292223,5.179708008654416
5,1789495575.297225,4.358500009402633
5,1789495575.301564,3.5566659935284406
5,1789495575.307341,4.856916988501325
5,1789495575.313903,5.849916982697323
5,1789495575.319965,5.321249976987019
5,1789495575.3262122,5.489292001584545
5,1789495575.3323252,5.327999999281019
5,1789495575.3396878,6.698124983813614
5,1789495575.345529,5.197249993216246
5,1789495575.351449,5.106541997520253
5,1789495575.35808,5.966208002064377
5,1789495575.363484,4.761000018334016
5,1789495575.36901,4.632625001249835
5,1789495575.3744462,4.59616698208265
5,1789495575.381247,6.071374984458089
5,1789495575.388944,6.809334008721635
5,1789495575.395113,5.472624994581565
5,1789495575.401549,5.595583003014326
5,1789495575.405411,3.2179169938899577
5,1789495575.4090612,3.005790989845991
5,1789495575.4130602,3.241041995352134
5,1789495575.417793,3.9852499903645366
5,1789495575.421731,3.2239579886663705
5,1789495575.425589,3.1897910230327398
5,1789495575.4294772,3.1539170013274997
5,1789495575.434496,4.156416980549693
5,1789495575.4394271,4.179082985501736
5,1789495575.444463,4.315833008149639
5,1789495575.450176,5.048374994657934
5,1789495575.456008,5.030458007240668
5,1789495575.4637382,7.050624990370125
5,1789495575.4694788,4.974624986061826
5,1789495575.475345,5.056958994828165
5,1789495575.481845,5.798708007205278
5,1789495575.485589,3.033000015420839
5,1789495575.4890711,2.8066250088158995
5,1789495575.492265,2.4495410034433007
5,1789495575.495883,2.941875020042062
5,1789495575.499868,3.3024169970303774
5,1789495575.504222,3.5345420183148235
5,1789495575.508149,3.277207986684516
5,1789495575.513588,4.723042016848922
5,1789495575.518175,3.8734579866286367
5,1789495575.5229352,3.9932499930728227
5,1789495575.5283258,4.610042000422254
5,1789495575.5337348,4.537375003565103
5,1789495575.5419571,7.513124990509823
5,1789495575.547075,4.420334007591009
5,1789495575.5532238,5.501457984792069
5,1789495575.559755,5.640584015054628
5,1789495575.566834,6.332290999125689
5,1789495575.570385,2.8191670135129243
5,1789495575.574605,3.4534579899627715
5,1789495575.5787818,3.4545000235084444
5,1789495575.58578,4.963292012689635
5,1789495575.590195,3.7026670179329813
5,1789495575.5951738,4.232292005326599
5,1789495575.599842,3.9695829909760505
5,1789495575.636648,36.06383301666938
5,1789495575.642698,5.399499990744516
5,1789495575.650016,6.602667010156438
5,1789495575.656565,5.7446249993517995
5,1789495575.6624389,5.079291004221886
5,1789495575.6686301,5.529832997126505
5,1789495575.674318,4.668124980526045
5,1789495575.6796658,4.583959002047777
5,1789495575.685705,5.130582983838394
5,1789495575.692687,5.766999995103106
5,1789495575.7011478,7.365958008449525
5,1789495575.70874,6.905041984282434
5,1789495575.713679,4.276375024346635
5,1789495575.718241,3.8781250186730176
5,1789495575.72306,4.125458013731986
5,1789495575.7305548,6.471750006312504
5,1789495575.738407,7.046375016216189
5,1789495575.7442508,5.171541997697204
5,1789495575.750752,5.500415980350226
5,1789495575.758222,6.744874990545213
5,1789495575.7625768,3.6769169964827597
5,1789495575.767113,3.6458329996094108
5,1789495575.771623,3.8654170057270676
5,1789495575.7755468,3.211208007996902
0,1789495573.7337239,1.8478750134818256
0,1789495573.736786,2.1298329811543226
0,1789495573.739414,1.866916980361566
0,1789495573.742075,1.6091249999590218
0,1789495573.7454028,2.3326660157181323
0,1789495573.747909,1.8091249803546816
0,1789495573.7503948,1.5027089975774288
0,1789495573.753889,2.519166999263689
0,1789495573.756713,2.0366669923532754
0,1789495573.759903,2.088624984025955
0,1789495573.762345,1.7566250171512365
0,1789495573.765515,2.355875010835007
0,1789495573.768328,1.9171669846400619
0,1789495573.770737,1.582875003805384
0,1789495573.773673,2.0765830122400075
0,1789495573.776418,1.9542079826351255
0,1789495573.7790809,1.9384580082260072
0,1789495573.7813172,1.4998750120867044
0,1789495573.783927,1.7649999936111271
0,1789495573.7869272,2.229292003903538
0,1789495573.789261,1.5750410093460232
0,1789495573.791301,1.2395420053508133
0,1789495573.793896,1.8237080075778067
0,1789495573.796417,1.753374992404133
0,1789495573.7992709,2.2038749884814024
0,1789495573.802075,2.0032089960295707
0,1789495573.803488,0.6709579902235419
0,1789495573.807363,2.3914999910630286
0,1789495573.81038,2.041500003542751
0,1789495573.812821,1.429790980182588
0,1789495573.8148758,1.4067919983062893
0,1789495573.8169758,1.464417000534013
0,1789495573.819082,1.3437499874271452
0,1789495573.820527,0.6694170006085187
0,1789495573.8226612,1.358500012429431
0,1789495573.824777,1.357000001007691
0,1789495573.8274271,1.6385829949285835
0,1789495573.8296268,1.113790989620611
0,1789495573.831661,1.230708003276959
0,1789495573.8335721,1.0665830050129443
0,1789495573.8365362,2.1337920043151826
0,1789495573.839027,1.5199589834082872
0,1789495573.841344,1.566541992360726
0,1789495573.843751,1.4881250099278986
0,1789495573.8466969,2.0572500070557
0,1789495573.8485,1.0658749961294234
0,1789495573.850615,1.4245829952415079
0,1789495573.8528771,1.5073749818839133
0,1789495573.8547819,1.2447499902918935
0,1789495573.857064,1.5262500091921538
0,1789495573.859469,1.393500017002225
0,1789495573.861959,1.7911669856403023
0,1789495573.864404,1.7684170161373913
0,1789495573.865962,0.7698340050410479
0,1789495573.867198,0.5817500059492886
0,1789495573.868832,0.9584999934304506
0,1789495573.870621,1.1015420022886246
0,1789495573.8723469,1.0718749836087227
0,1789495573.8740668,0.8788330014795065
0,1789495573.875223,0.4250000056345016
0,1789495573.877295,1.3765839976258576
0,1789495573.880036,2.088875015033409
0,1789495573.882545,1.7955419898498803
0,1789495573.885115,1.7633750103414059
0,1789495573.887265,1.3727909827139229
0,1789495573.889633,1.7081669939216226
0,1789495573.891876,1.5971249958965927
0,1789495573.8938692,1.2322080146986991
0,1789495573.896033,1.4957499806769192
0,1789495573.89799,1.2869169877376407
0,1789495573.899922,1.266458013560623
0,1789495573.90136,0.8375839970540255
0,1789495573.9037828,1.656750013353303
0,1789495573.906401,1.9380410085432231
0,1789495573.9089081,1.825292012654245
0,1789495573.911128,1.5534580161329359
0,1789495573.913832,1.9866670190822333
0,1789495573.915902,1.3430830149445683
0,1789495573.917675,1.0297090047970414
0,1789495573.919647,1.2814590008929372
0,1789495573.9215648,1.2610830017365515
0,1789495573.923541,1.1942499841097742
0,1789495573.925663,1.4611250080633909
0,1789495573.928857,1.9240420078858733
0,1789495573.931762,2.1800000104121864
0,1789495573.93546,2.920291997725144
0,1789495573.938129,1.9648330053314567
0,1789495573.940628,1.7687499930616468
0,1789495573.941812,0.4280419962015003
0,1789495573.9445,1.8357090011704713
0,1789495573.947524,2.2895829752087593
0,1789495573.9501052,1.8110829987563193
0,1789495573.952498,1.7104589787777513
0,1789495573.956481,3.2644590246491134
0,1789495573.9593952,2.2345000179484487
0,1789495573.962732,2.6447499985806644
0,1789495573.9660952,2.547500014770776
0,1789495573.968787,2.0483750267885625
0,1789495573.971566,1.9818329892586917
0,1789495573.9739509,1.6858750022947788
0,1789495573.9770072,2.195000008214265
0,1789495573.980093,2.363083011005074
0,1789495573.982891,2.1136669965926558
0,1789495573.986061,2.501042006770149
0,1789495573.989013,2.290750009706244
0,1789495573.992096,2.4337079958058894
0,1789495573.9946911,1.8693750025704503
0,1789495573.9969358,1.5297920035663992
0,1789495573.9998841,2.1764170087408274
0,1789495574.004672,3.1332919897977263
0,1789495574.0079591,2.562375011621043
0,1789495574.0122151,2.8023339982610196
0,1789495574.0159628,3.0507500050589442
0,1789495574.018702,2.057833975413814
0,1789495574.0230558,3.659124980913475
0,1789495574.026796,3.0518750136252493
0,1789495574.032639,5.165915994439274
0,1789495574.03728,3.959374997066334
0,1789495574.0411,3.1254999921657145
0,1789495574.044053,2.309458010131493
0,1789495574.047967,3.2515000202693045
0,1789495574.051572,2.882375003537163
0,1789495574.056736,4.447624989552423
0,1789495574.0604181,3.0004580039530993
0,1789495574.0646122,3.4934169962070882
0,1789495574.068553,3.0187499942258
0,1789495574.072457,3.2236249826382846
0,1789495574.07865,4.534584004431963
0,1789495574.0833411,4.029375006211922
0,1789495574.086925,2.8134580061305314
0,1789495574.092161,4.4596669904422015
0,1789495574.096339,3.504458989482373
0,1789495574.101567,4.458457988221198
0,1789495574.109061,6.202542019309476
0,1789495574.114794,5.074042011983693
0,1789495574.121391,5.772959004389122
0,1789495574.1272352,5.177375016501173
0,1789495574.1338859,5.883916979655623
0,1789495574.1382778,3.7302500277291983
0,1789495574.142072,3.1391250086016953
0,1789495574.145664,2.9365000082179904
0,1789495574.148607,2.295125013915822
0,1789495574.153558,4.003917012596503
0,1789495574.158389,3.8061670202296227
0,1789495574.163233,4.0415829862467945
0,1789495574.16768,3.7785409949719906
0,1789495574.172947,4.610208998201415
0,1789495574.180285,6.658375001279637
0,1789495574.183936,2.9964169953018427
0,1789495574.186497,1.8588330131024122
0,1789495574.190382,3.2067089923657477
0,1789495574.194517,3.3385829883627594
0,1789495574.198941,3.758874983759597
0,1789495574.202517,2.836625004420057
0,1789495574.207041,3.753333992790431
0,1789495574.210316,2.561667002737522
0,1789495574.214061,2.9189589840825647
0,1789495574.218824,4.061999992700294
0,1789495574.223723,4.145541985053569
0,1789495574.229119,4.57633298356086
0,1789495574.233838,4.000250017270446
0,1789495574.239029,4.506958997808397
0,1789495574.24393,4.230124992318451
0,1789495574.248729,3.8975420175120234
0,1789495574.2555048,5.881332996068522
0,1789495574.260267,4.011874989373609
0,1789495574.263757,2.8228749870322645
0,1789495574.268118,3.546333988197148
0,1789495574.271212,2.403667022008449
0,1789495574.274975,3.074540989473462
0,1789495574.2790122,3.3298330090474337
0,1789495574.283093,3.1716660014353693
0,1789495574.287107,3.2490410085301846
0,1789495574.291033,3.2161670096684247
0,1789495574.294983,3.2857909973245114
0,1789495574.29865,2.9657080012839288
0,1789495574.3035579,4.219374997774139
0,1789495574.308492,4.214874992612749
0,1789495574.313474,4.304624977521598
0,1789495574.319469,4.510833998210728
0,1789495574.3244932,4.2975420074071735
0,1789495574.330284,5.122541973832995
0,1789495574.334643,3.5993329947814345
0,1789495574.338343,3.051208012038842
0,1789495574.3423092,3.188250004313886
0,1789495574.346338,3.2170829945243895
0,1789495574.350291,3.294916998129338
0,1789495574.354033,3.041624993784353
0,1789495574.3586051,3.921666997484863
0,1789495574.362134,2.874750003684312
0,1789495574.365414,2.636166987940669
0,1789495574.3693461,3.1680840183980763
0,1789495574.373148,3.071958024520427
0,1789495574.378269,4.383499996038154
0,1789495574.382842,3.8800000038463622
0,1789495574.388695,5.148083000676706
0,1789495574.393793,4.250541998771951
0,1789495574.400479,6.042082997737452
0,1789495574.406622,5.496875004610047
0,1789495574.4121192,4.7477920015808195
0,1789495574.419148,6.210749997990206
0,1789495574.42476,4.8936659877654165
0,1789495574.431106,5.641542025841773
0,1789495574.4371681,5.394874984631315
0,1789495574.441638,3.8082909886725247
0,1789495574.4451818,2.8114999877288938
0,1789495574.4505742,4.739958996651694
0,1789495574.4557061,4.214374988805503
0,1789495574.460002,3.6327920097392052
0,1789495574.46466,4.011915996670723
0,1789495574.469589,4.088084009708837
0,1789495574.475652,5.365125020034611
0,1789495574.482644,6.207708996953443
0,1789495574.487114,3.768750000745058
0,1789495574.491085,3.2949580054264516
0,1789495574.4952488,3.5104590060655028
0,1789495574.498622,2.742708020377904
0,1789495574.502361,3.0884169973433018
0,1789495574.507197,4.035167017718777
0,1789495574.51086,2.8134160093031824
0,1789495574.514227,2.6905419945251197
0,1789495574.517575,2.5687919987831265
0,1789495574.522143,3.7930000107735395
0,1789495574.527067,4.053624987136573
0,1789495574.532009,4.241000016918406
0,1789495574.5367,4.001458000857383
0,1789495574.541843,4.402332997415215
0,1789495574.5475352,4.8951250209938735
0,1789495574.554573,6.134708994068205
0,1789495574.5597,4.378084006020799
0,1789495574.5629702,2.5834590196609497
0,1789495574.566986,3.304167010355741
0,1789495574.571177,3.4420409938320518
0,1789495574.574381,2.5562499940861017
0,1789495574.578178,3.0562500178348273
0,1789495574.581635,2.618041995447129
0,1789495574.585251,2.9209170024842024
0,1789495574.5895412,3.4492499835323542
0,1789495574.593913,3.705625014845282
0,1789495574.596304,1.7253329860977829
0,1789495574.601554,4.479082999750972
0,1789495574.606861,4.6146250097081065
0,1789495574.612153,4.526417003944516
0,1789495574.61625,3.3825840218923986
0,1789495574.621687,4.8346669937018305
0,1789495574.628612,6.147084000986069
0,1789495574.63426,4.926209017867222
0,1789495574.638587,3.5488330177031457
0,1789495574.6426198,3.3242080244235694
0,1789495574.646465,3.1747920147608966
0,1789495574.650532,3.3938330016098917
0,1789495574.655263,4.083125008037314
0,1789495574.658865,2.9441659862641245
0,1789495574.662399,2.8403750038705766
0,1789495574.666493,3.5607909958343953
0,1789495574.671,3.798291989369318
0,1789495574.675463,3.7781250139232725
0,1789495574.679901,3.881709009874612
0,1789495574.685051,4.3992499995511025
0,1789495574.69041,4.619457991793752
0,1789495574.6950028,3.9358749927487224
0,1789495574.7010481,5.349332990590483
0,1789495574.70662,4.911333002382889
0,1789495574.7131908,5.530541995540261
0,1789495574.719605,5.708416982088238
0,1789495574.7258801,5.5947499931789935
0,1789495574.730836,4.315666999900714
0,1789495574.7367601,5.250667018117383
0,1789495574.742683,4.6283749979920685
0,1789495574.748947,5.067334015620872
0,1789495574.753568,3.748957999050617
0,1789495574.758867,4.65579199953936
0,1789495574.763541,4.03095901128836
0,1789495574.770664,6.321207998553291
0,1789495574.77927,7.682291994569823
0,1789495574.785614,5.469374998938292
0,1789495574.789896,3.394875006051734
0,1789495574.794061,3.453334007645026
0,1789495574.797685,2.888291986892
0,1789495574.802104,3.4692919871304184
0,1789495574.805973,3.118416992947459
0,1789495574.810227,3.523958002915606
0,1789495574.813594,2.695833012694493
0,1789495574.818778,4.539209010545164
0,1789495574.824416,4.810582991922274
0,1789495574.830009,4.866542003583163
0,1789495574.833817,3.051874984521419
0,1789495574.838161,3.6621250037569553
0,1789495574.843725,4.773041990119964
0,1789495574.852212,7.700583024416119
0,1789495574.8588328,5.921584001043811
0,1789495574.8624482,2.971041976707056
0,1789495574.866674,3.5421670181676745
0,1789495574.8710048,3.6484170123003423
0,1789495574.8753312,3.6351250018924475
0,1789495574.878719,2.742999990005046
0,1789495574.8824131,2.9898750071879476
0,1789495574.887618,4.413291986566037
0,1789495574.891008,2.711791981710121
0,1789495574.895136,3.1477919837925583
0,1789495574.900352,4.113582981517538
0,1789495574.9045591,3.50625001010485
0,1789495574.908322,3.0342079990077764
0,1789495574.913698,4.42254199879244
0,1789495574.919693,5.100874986965209
0,1789495574.927061,6.6810420248657465
0,1789495574.932958,5.214041011640802
0,1789495574.937161,3.3191250113304704
0,1789495574.941389,3.5289580118842423
0,1789495574.94601,3.8775409921072423
0,1789495574.95017,3.455208003288135
0,1789495574.9542952,3.463083994574845
0,1789495574.958594,3.6527500196825713
0,1789495574.9624162,3.15987499197945
0,1789495574.9655948,2.4956249981187284
0,1789495574.96826,2.0142079738434404
0,1789495574.972678,3.689875011332333
0,1789495574.97633,3.0123750038910657
0,1789495574.979038,1.9210420141462237
0,1789495574.983158,3.366208024090156
0,1789495574.986934,3.0866250162944198
0,1789495574.9912431,3.6177909933030605
0,1789495574.9970932,5.137916014064103
0,1789495575.005183,7.006375002674758
0,1789495575.010637,4.796249995706603
0,1789495575.0169868,5.67899999441579
0,1789495575.023337,5.6414589926134795
0,1789495575.029769,5.652332998579368
0,1789495575.035817,5.324790981831029
0,1789495575.042207,5.539832985959947
0,1789495575.0471418,4.082790983375162
0,1789495575.052205,4.367582994746044
0,1789495575.056457,3.577750001568347
0,1789495575.061295,4.058417020132765
0,1789495575.066612,4.660125006921589
0,1789495575.071166,3.8760410097893327
0,1789495575.079183,7.283584011020139
0,1789495575.0854452,5.516874982276931
0,1789495575.090585,4.287916992325336
0,1789495575.094986,3.6214170104358345
0,1789495575.098561,2.8380420117173344
0,1789495575.102128,2.8571250149980187
0,1789495575.105223,2.2652090119663626
0,1789495575.109192,3.204790991730988
0,1789495575.113081,3.193875018041581
0,1789495575.116491,2.673832990694791
0,1789495575.1201842,3.042374999495223
0,1789495575.12566,4.734416987048462
0,1789495575.1308138,4.321999993408099
0,1789495575.1354618,3.868458006763831
0,1789495575.1414962,5.079291993752122
0,1789495575.1474922,5.078334012068808
0,1789495575.1554759,7.34091698541306
0,1789495575.161024,4.899833002127707
0,1789495575.16608,4.21708298381418
0,1789495575.169698,2.785165997920558
0,1789495575.17369,3.3497079857625067
0,1789495575.177623,3.2375840237364173
0,1789495575.1817532,3.470333991572261
0,1789495575.1857688,3.3199159952346236
0,1789495575.190279,3.7235420022625476
0,1789495575.1935968,2.6687920035328716
0,1789495575.197279,2.6676249981392175
0,1789495575.202236,4.252374987117946
0,1789495575.208407,5.381166993174702
0,1789495575.213865,4.785291996086016
0,1789495575.220567,5.815125012304634
0,1789495575.224801,3.45183297758922
0,1789495575.230907,5.319624993717298
0,1789495575.2393112,7.576959003927186
0,1789495575.248236,8.026625000638887
0,1789495575.25332,4.382624989375472
0,1789495575.257309,3.3019999973475933
0,1789495575.261579,3.5716250131372362
0,1789495575.265121,2.7649999829009175
0,1789495575.269299,3.408666991163045
0,1789495575.273107,3.1637499923817813
0,1789495575.27703,3.191625000908971
0,1789495575.2801988,2.482957992469892
0,1789495575.286452,5.1510419871192425
0,1789495575.291313,4.16195800062269
0,1789495575.296376,4.4064999965485185
0,1789495575.301763,4.660375008825213
0,1789495575.30783,5.226707988185808
0,1789495575.314021,5.440540990093723
0,1789495575.319999,5.240624974248931
0,1789495575.325737,4.824458010261878
0,1789495575.331824,5.261540994979441
0,1789495575.337972,5.39674999890849
0,1789495575.3440928,5.25562500115484
0,1789495575.3501408,5.219665996264666
0,1789495575.355424,4.588250012602657
0,1789495575.360151,4.047583002829924
0,1789495575.364704,3.7102079950273037
0,1789495575.368889,3.486665984382853
0,1789495575.3746219,4.881083994405344
0,1789495575.3814359,5.85712501197122
0,1789495575.3879008,5.473041004734114
0,1789495575.393922,5.304207996232435
0,1789495575.4006941,6.035750004230067
0,1789495575.404842,3.3142500033136457
0,1789495575.408811,3.2236669794656336
0,1789495575.413068,3.4828339994419366
0,1789495575.4173179,3.6094590032007545
0,1789495575.420942,2.984040998853743
0,1789495575.424673,3.020708973053843
0,1789495575.428392,2.92658299440518
0,1789495575.4327831,3.601917007472366
0,1789495575.437909,4.332250013248995
0,1789495575.442865,4.23654101905413
0,1789495575.447704,4.152541019720957
0,1789495575.45184,3.437584004132077
0,1789495575.456981,4.424791026394814
0,1789495575.465527,7.872792019043118
0,1789495575.472642,6.340708991046995
0,1789495575.479326,6.043125002179295
0,1789495575.482263,2.1410420013125986
0,1789495575.486447,3.4101249766536057
0,1789495575.490491,3.3319999929517508
0,1789495575.495038,3.8557910011149943
0,1789495575.498943,3.266499988967553
0,1789495575.5030122,3.3334579784423113
0,1789495575.507414,3.610415995353833
0,1789495575.513698,5.411584017565474
0,1789495575.5182679,3.831417008768767
0,1789495575.522978,3.972917009377852
0,1789495575.528676,4.845457995543256
0,1789495575.534624,5.111459002364427
0,1789495575.543516,7.869499997468665
0,1789495575.551142,6.725791987264529
0,1789495575.557448,5.633041990222409
0,1789495575.564078,5.807917012134567
0,1789495575.569765,5.00345800537616
0,1789495575.573592,3.128708020085469
0,1789495575.577183,2.909583010477945
0,1789495575.580333,2.483707998180762
0,1789495575.586627,5.559499986702576
0,1789495575.5920792,4.738542018458247
0,1789495575.596278,3.498874983051792
0,1789495575.601429,4.451083019375801
0,1789495575.639122,36.95404200698249
0,1789495575.6468322,7.063625002047047
0,1789495575.653978,5.837167002027854
0,1789495575.6595929,4.9048750079236925
0,1789495575.666055,5.488082999363542
0,1789495575.6727428,5.643916985718533
0,1789495575.679181,5.32420800300315
0,1789495575.686142,5.519792000995949
0,1789495575.6914508,4.477042006328702
0,1789495575.700323,7.029417000012472
0,1789495575.7077582,6.595874991035089
0,1789495575.71216,3.745458001503721
0,1789495575.716575,3.661833005025983
0,1789495575.721157,3.9065000019036233
0,1789495575.7288058,6.978709017857909
0,1789495575.7355158,5.882416997337714
0,1789495575.741632,5.17395802307874
0,1789495575.749249,6.528666999656707
0,1789495575.756074,6.179458985570818
0,1789495575.760142,3.3656669838819653
0,1789495575.763533,2.638459001900628
0,1789495575.767179,2.8445000061765313
0,1789495575.771403,3.504166001221165
0,1789495575.7756228,3.4753329819068313
1,1789495573.733963,1.8911669903900474
1,1789495573.736938,2.1066660119686276
1,1789495573.740918,3.030334017239511
1,1789495573.7449548,3.1604999967385083
1,1789495573.7481978,2.287875016918406
1,1789495573.750697,1.7172500083688647
1,1789495573.753233,1.7729999963194132
1,1789495573.756365,2.2354999964591116
1,1789495573.760088,2.3933750053402036
1,1789495573.762928,2.069083013338968
1,1789495573.764992,1.3509580167010427
1,1789495573.76878,2.9289590020198375
1,1789495573.771126,1.591583015397191
1,1789495573.774495,2.205042022978887
1,1789495573.777695,2.369082998484373
1,1789495573.780999,2.4257919867523015
1,1789495573.784095,2.2382500173989683
1,1789495573.787333,2.1761660173069686
1,1789495573.7901099,1.983458991162479
1,1789495573.792398,1.608959020813927
1,1789495573.795016,1.4865410048514605
1,1789495573.798087,2.1937499986961484
1,1789495573.8006248,1.6420829924754798
1,1789495573.802798,1.3566250272560865
1,1789495573.803888,0.3934170235879719
1,1789495573.807936,2.7428329922258854
1,1789495573.811597,2.8900409815832973
1,1789495573.813542,1.0404589993413538
1,1789495573.815249,0.9151670092251152
1,1789495573.8172119,1.008084014756605
1,1789495573.8196921,1.6145000117830932
1,1789495573.821714,1.1736250016838312
1,1789495573.823773,1.4086659939493984
1,1789495573.825691,1.1662080069072545
1,1789495573.828081,1.644000003580004
1,1789495573.830034,1.3079589989501983
1,1789495573.832614,1.4067910087760538
1,1789495573.8346891,1.346917008049786
1,1789495573.836895,1.4593749947380275
1,1789495573.8392909,1.3982079981360584
1,1789495573.84127,1.3237920065876096
1,1789495573.843818,1.760957995429635
1,1789495573.8457868,1.3531669974327087
1,1789495573.8483799,1.8170410185121
1,1789495573.850226,1.16545899072662
1,1789495573.852982,1.9479169859550893
1,1789495573.855349,1.6318330017384142
1,1789495573.857392,1.2371249904390424
1,1789495573.8608499,2.263915986986831
1,1789495573.8635468,1.946250005858019
1,1789495573.865474,1.2536249996628612
1,1789495573.8667269,0.5295420123729855
1,1789495573.868393,0.983458012342453
1,1789495573.8700302,0.9885420149657875
1,1789495573.871664,0.8858749934006482
1,1789495573.8730502,0.697082985425368
1,1789495573.874572,0.8341249777004123
1,1789495573.876433,1.078207977116108
1,1789495573.877758,0.5729999975301325
1,1789495573.880108,1.6349999932572246
1,1789495573.8829892,2.0915000059176236
1,1789495573.884609,0.8964170119725168
1,1789495573.886496,1.2294999905861914
1,1789495573.8886669,1.5149580140132457
1,1789495573.8903942,1.0574579937383533
1,1789495573.8925471,1.3237909879535437
1,1789495573.894295,1.1065839789807796
1,1789495573.896611,1.658541994402185
1,1789495573.898633,1.2977079895790666
1,1789495573.900547,1.1736250016838312
1,1789495573.9027991,1.528541004518047
1,1789495573.905299,1.7830419819802046
1,1789495573.907391,1.400417007971555
1,1789495573.909303,1.1938339739572257
1,1789495573.911372,1.2423330044839531
1,1789495573.91371,1.5456669789273292
1,1789495573.916335,1.9061670172959566
1,1789495573.918625,1.5326249995268881
1,1789495573.9206872,1.210374990478158
1,1789495573.922613,1.252666988875717
1,1789495573.924448,1.1625000042840838
1,1789495573.92634,1.2276250054128468
1,1789495573.929964,2.585375012131408
1,1789495573.93253,1.8252080189995468
1,1789495573.93529,1.9949999987147748
1,1789495573.938027,2.0638749992940575
1,1789495573.941139,2.4731250014156103
1,1789495573.944065,2.1457920083776116
1,1789495573.9467149,2.003415982471779
1,1789495573.949426,2.0296669972594827
1,1789495573.951859,1.68954097898677
1,1789495573.955498,2.6460830122232437
1,1789495573.959147,2.8262920095585287
1,1789495573.962185,2.394042006926611
1,1789495573.9640708,1.2073329999111593
1,1789495573.966757,1.9735420064534992
1,1789495573.969833,2.3862080124672502
1,1789495573.973181,2.6777090097311884
1,1789495573.976442,2.3400840000249445
1,1789495573.979264,2.186584024457261
1,1789495573.9822552,2.2859580058138818
1,1789495573.9852102,2.180292009143159
1,1789495573.987979,2.0814589806832373
1,1789495573.991512,2.8300000121816993
1,1789495573.9952068,3.038875001948327
1,1789495573.997186,1.2470840010792017
1,1789495573.9998631,2.013457997236401
1,1789495574.0047832,3.299834002973512
1,1789495574.007824,2.3947499867063016
1,1789495574.011405,2.686749998247251
1,1789495574.014291,2.1844579896423966
1,1789495574.018091,3.0718339839950204
1,1789495574.0217369,2.9662919987458736
1,1789495574.025679,3.2198750122915953
1,1789495574.02999,3.5927910066675395
1,1789495574.034859,4.030874988529831
1,1789495574.038188,2.4682919902261347
1,1789495574.041898,3.066582983592525
1,1789495574.046057,3.493833006359637
1,1789495574.0491781,2.4300420191138983
1,1789495574.053428,3.513125004246831
1,1789495574.057327,3.193333017406985
1,1789495574.061383,3.4130420244764537
1,1789495574.064754,2.640833001350984
1,1789495574.068799,3.19241700344719
1,1789495574.0725791,3.0497919942718
1,1789495574.077394,3.2250829972326756
1,1789495574.081324,3.2810409902594984
1,1789495574.086078,3.991917008534074
1,1789495574.091031,4.077624995261431
1,1789495574.0957692,3.9797089993953705
1,1789495574.100587,4.17033297708258
1,1789495574.1093261,8.01533300545998
1,1789495574.114881,4.885667003691196
1,1789495574.1205719,4.865124996285886
1,1789495574.127129,5.731540994020179
1,1789495574.13364,5.561583006056026
1,1789495574.1378508,3.5186669847462326
1,1789495574.141812,3.15445801243186
1,1789495574.1457531,3.169000003254041
1,1789495574.148476,1.9814999832306057
1,1789495574.152832,3.658250003354624
1,1789495574.156235,2.731374988798052
1,1789495574.161071,4.070249997312203
1,1789495574.165281,3.536375006660819
1,1789495574.168929,2.905583009123802
1,1789495574.1741261,4.524874995695427
1,1789495574.180314,5.53883399697952
1,1789495574.1848361,3.8636660028714687
1,1789495574.189495,3.824165993137285
1,1789495574.193613,3.416624997043982
1,1789495574.197495,3.2119159877765924
1,1789495574.201524,3.2652909867465496
1,1789495574.205695,3.3594169944990426
1,1789495574.210198,3.8299160078167915
1,1789495574.214945,3.893709013937041
1,1789495574.219041,3.379667003173381
1,1789495574.2236722,3.9836670039221644
1,1789495574.228749,4.407125001307577
1,1789495574.233552,4.041459003929049
1,1789495574.23799,3.6792920145671815
1,1789495574.242107,3.428833995712921
1,1789495574.246422,3.6432909837458283
1,1789495574.253331,6.079958024201915
1,1789495574.258493,4.405708983540535
1,1789495574.2620249,2.890957985073328
1,1789495574.266134,3.3420000108890235
1,1789495574.269851,2.966500003822148
1,1789495574.273762,3.2170840131584555
1,1789495574.277984,3.4937089949380606
1,1789495574.281995,3.2742919865995646
1,1789495574.2854679,2.6760420005302876
1,1789495574.2893739,3.2299580052495003
1,1789495574.2932212,3.204291977453977
1,1789495574.2977731,3.8418329786509275
1,1789495574.302612,4.1027499828487635
1,1789495574.306946,3.563832986401394
1,1789495574.311124,3.419624990783632
1,1789495574.315694,3.920167015166953
1,1789495574.3203359,3.860166994854808
1,1789495574.326263,5.280750017846003
1,1789495574.332622,5.5762919946573675
1,1789495574.336223,2.88287500734441
1,1789495574.339827,2.8502499917522073
1,1789495574.343787,3.2614580122753978
1,1789495574.347957,3.5328749800100923
1,1789495574.351679,3.014540998265147
1,1789495574.3560672,3.740458021638915
1,1789495574.360407,3.5741669998969883
1,1789495574.364275,3.1763749720994383
1,1789495574.36813,3.140291024465114
1,1789495574.371731,2.855791011825204
1,1789495574.377364,4.5375000045169145
1,1789495574.382957,4.904458008240908
1,1789495574.387743,3.9038749819155782
1,1789495574.39238,3.731583012267947
1,1789495574.398022,4.977208009222522
1,1789495574.4061382,7.103957992512733
1,1789495574.411946,5.100208014482632
1,1789495574.418456,5.819500016514212
1,1789495574.424225,5.0605409778654575
1,1789495574.431152,6.257375003769994
1,1789495574.438229,6.357500009471551
1,1789495574.442317,3.4154580207541585
1,1789495574.4452229,2.200500020990148
1,1789495574.4497988,3.733874997124076
1,1789495574.453368,2.918833022704348
1,1789495574.4569259,2.7877920074388385
1,1789495574.4607208,2.982125006383285
1,1789495574.4655979,4.15445800172165
1,1789495574.471786,5.448042007628828
1,1789495574.477797,5.1843329856637865
1,1789495574.483679,5.126999982167035
1,1789495574.487208,2.8709580074064434
1,1789495574.491321,3.3509579952806234
1,1789495574.495552,3.4989170089829713
1,1789495574.4998882,3.6566250200849026
1,1789495574.503389,2.8184590046294034
1,1789495574.507205,3.0931250075809658
1,1789495574.510386,2.42866700864397
1,1789495574.514091,2.9687079950235784
1,1789495574.517855,3.0282910156529397
1,1789495574.523999,3.9211670227814466
1,1789495574.528717,3.8925410190131515
1,1789495574.533746,4.342624975834042
1,1789495574.538091,3.5524999839253724
1,1789495574.542825,4.004458023700863
1,1789495574.548159,4.562374990200624
1,1789495574.5543098,5.462957982672378
1,1789495574.559942,4.9374999944120646
1,1789495574.5641978,3.5562920093070716
1,1789495574.568296,3.4022080071736127
1,1789495574.572437,3.572125016944483
1,1789495574.5761,2.9882089875172824
1,1789495574.580058,3.2640410063322634
1,1789495574.584512,3.7375829997472465
1,1789495574.58822,3.0015000083949417
1,1789495574.5920599,3.0936670082155615
1,1789495574.594791,2.065250009763986
1,1789495574.6010408,4.695665993494913
1,1789495574.6055639,3.943374991649762
1,1789495574.611012,4.577249987050891
1,1789495574.6155012,3.8112079782877117
1,1789495574.62096,4.610125004546717
1,1789495574.6283572,6.719917000737041
1,1789495574.6338172,4.787541984114796
1,1789495574.638177,3.673875005915761
1,1789495574.6421561,3.2922920072451234
1,1789495574.646328,3.3622919872868806
1,1789495574.650069,3.053166001336649
1,1789495574.6533718,2.6318749878555536
1,1789495574.657424,3.3669160038698465
1,1789495574.661503,3.3877080131787807
1,1789495574.666002,3.804125008173287
1,1789495574.669896,3.2393329893238842
1,1789495574.6739461,3.2576250087004155
1,1789495574.6787698,3.9788330032024533
1,1789495574.6833658,3.835915995296091
1,1789495574.6880481,3.987417003372684
1,1789495574.6928298,3.916125016985461
1,1789495574.701926,8.232042018789798
1,1789495574.708163,5.3884999942965806
1,1789495574.714992,6.091625022236258
1,1789495574.722668,6.765083002392203
1,1789495574.7293131,5.8832920040003955
1,1789495574.73488,4.8458749952260405
1,1789495574.740679,5.054083012510091
1,1789495574.7465448,4.063499975018203
1,1789495574.751446,4.1617499955464154
1,1789495574.756305,4.12362499628216
1,1789495574.761099,4.059582977788523
1,1789495574.766402,4.605750000337139
1,1789495574.772331,5.146458017406985
1,1789495574.7815459,8.499208983266726
1,1789495574.787269,5.0439159967936575
1,1789495574.790991,2.9762920166831464
1,1789495574.794854,3.130917000817135
1,1789495574.798317,2.7616659936029464
1,1789495574.802357,3.374499996425584
1,1789495574.806988,3.7907909718342125
1,1789495574.8112729,3.5926249984186143
1,1789495574.815511,3.4445000055711716
1,1789495574.818856,2.6844579842872918
1,1789495574.8225532,3.0249999836087227
1,1789495574.827372,4.172209009993821
1,1789495574.831585,3.5368750104680657
1,1789495574.836446,4.158666997682303
1,1789495574.841346,4.158750001806766
1,1789495574.84705,4.983749997336417
1,1789495574.8546612,6.856124993646517
1,1789495574.86127,5.752333992859349
1,1789495574.864964,2.9951670148875564
1,1789495574.8685749,2.773540996713564
1,1789495574.87218,2.9247500060591847
1,1789495574.875865,3.0474170052912086
1,1789495574.880192,3.71295798686333
1,1789495574.8843908,3.532750008162111
1,1789495574.888671,3.6275409802328795
1,1789495574.891835,2.4912090157158673
1,1789495574.896598,4.015166021417826
1,1789495574.901825,4.559915978461504
1,1789495574.90725,4.6967499947641045
1,1789495574.912939,5.014792026486248
1,1789495574.917991,4.370792012196034
1,1789495574.92573,6.99754199013114
1,1789495574.9323049,5.689542012987658
1,1789495574.93695,3.9829169982112944
1,1789495574.940917,3.312291984912008
1,1789495574.945268,3.692917001899332
1,1789495574.949049,3.0619169992860407
1,1789495574.952257,2.527500008000061
1,1789495574.955224,2.3305419890675694
1,1789495574.958775,2.8972910076845437
1,1789495574.9631941,3.7151669966988266
1,1789495574.967783,3.6688749969471246
1,1789495574.973469,4.5136660046409816
1,1789495574.978859,4.679208999732509
1,1789495574.9836469,4.09954201313667
1,1789495574.988099,3.8079590012785047
1,1789495574.99315,4.287292016670108
1,1789495575.000921,6.978707999223843
1,1789495575.007148,5.555416981223971
1,1789495575.013002,4.963417013641447
1,1789495575.0190861,5.381708993809298
1,1789495575.02604,6.236208020709455
1,1789495575.0325382,5.817208002554253
1,1789495575.039113,5.517415993381292
1,1789495575.044301,4.438167001353577
1,1789495575.049309,4.235832981066778
1,1789495575.054579,4.594750003889203
1,1789495575.058718,3.383625007700175
1,1789495575.063345,3.868833009619266
1,1789495575.068366,4.151792003540322
1,1789495575.075961,6.7501670273486525
1,1789495575.083081,6.447874999139458
1,1789495575.088781,5.151416000444442
1,1789495575.0926678,3.1382500019390136
1,1789495575.096944,3.6348339926917106
1,1789495575.1011121,3.349915990838781
1,1789495575.104834,3.057584021007642
1,1789495575.108963,3.3407089940737933
1,1789495575.113069,3.4376670082565397
1,1789495575.1170602,3.432333003729582
1,1789495575.119958,2.153958019334823
1,1789495575.1245089,3.984125010902062
1,1789495575.1292028,4.055708006490022
1,1789495575.134549,4.495375003898516
1,1789495575.1406562,5.032291985116899
1,1789495575.145107,3.6037079989910126
1,1789495575.152375,6.498208997072652
1,1789495575.159709,6.458874995587394
1,1789495575.16518,4.6518339950125664
1,1789495575.169002,3.150125005049631
1,1789495575.1714618,1.8191249982919544
1,1789495575.174936,2.7921250148210675
1,1789495575.1792262,3.6224169889464974
1,1789495575.183628,3.7424579786602408
1,1789495575.1873841,2.944417006801814
1,1789495575.191242,3.1829999934416264
1,1789495575.195306,3.4147500118706375
1,1789495575.198196,2.1604159846901894
1,1789495575.2033012,4.4299999717622995
1,1789495575.208111,4.073291987879202
1,1789495575.214456,5.563125014305115
1,1789495575.219973,4.874875012319535
1,1789495575.225431,4.709457978606224
1,1789495575.2346408,8.380915998714045
1,1789495575.242537,7.111874991096556
1,1789495575.24995,6.416791002266109
1,1789495575.253959,3.213709016563371
1,1789495575.2586088,3.974207997089252
1,1789495575.262217,2.9104170098435134
1,1789495575.265955,3.07987499400042
1,1789495575.270033,3.3678330073598772
1,1789495575.272882,2.1983750048093498
1,1789495575.277081,3.3240829943679273
1,1789495575.280423,2.5276250089518726
1,1789495575.286121,4.455166985280812
1,1789495575.290835,4.053625016240403
1,1789495575.29524,3.7127079849597067
1,1789495575.300546,4.59374999627471
1,1789495575.305482,4.258916014805436
1,1789495575.313121,6.645458022831008
1,1789495575.318986,5.1307500107213855
1,1789495575.325356,5.678582994733006
1,1789495575.3312771,5.267125001410022
1,1789495575.33695,5.014915979700163
1,1789495575.342554,4.887958988547325
1,1789495575.3487659,5.502415995579213
1,1789495575.3545759,5.0529589934740216
1,1789495575.359445,4.160082986345515
1,1789495575.364351,4.1560000099707395
1,1789495575.368808,3.751209005713463
1,1789495575.3743849,4.803624993655831
1,1789495575.380856,5.837333999807015
1,1789495575.388279,6.693583010928705
1,1789495575.3950799,5.84516700473614
1,1789495575.401819,5.897292023291811
1,1789495575.405641,3.1404999899677932
1,1789495575.410081,3.6950419889762998
1,1789495575.413662,2.8983329830225557
1,1789495575.417999,3.594834008254111
1,1789495575.4222322,3.5892500018235296
1,1789495575.426101,3.2186250027734786
1,1789495575.430298,3.4834580146707594
1,1789495575.436369,5.197999998927116
1,1789495575.4420962,5.07524999557063
1,1789495575.446473,3.6021250125486404
1,1789495575.4508002,3.57333300053142
1,1789495575.4564328,4.87299999804236
1,1789495575.4638028,6.562208000104874
1,1789495575.47063,6.055915990145877
1,1789495575.475724,4.451624990906566
1,1789495575.481662,5.010541994124651
1,1789495575.485753,3.3837080118246377
1,1789495575.4901571,3.7348750047385693
1,1789495575.49481,4.0065000066533685
1,1789495575.498832,3.3741660008672625
1,1789495575.502972,3.4445830096956342
1,1789495575.507225,3.5578749957494438
1,1789495575.5118358,3.795833996264264
1,1789495575.516549,4.015541024273261
1,1789495575.520766,3.403166978387162
1,1789495575.524553,2.9812499997206032
1,1789495575.529728,4.4294590188656
1,1789495575.5360482,5.5690419976599514
1,1789495575.54386,6.830583006376401
1,1789495575.551115,6.534584012115374
1,1789495575.55693,5.048916005762294
1,1789495575.563447,5.8546670188661665
1,1789495575.569003,4.914249991998076
1,1789495575.571718,1.979207998374477
1,1789495575.5754051,2.9995829972904176
1,1789495575.5794802,3.3995840058196336
1,1789495575.585151,4.2461249977350235
1,1789495575.590082,4.200916999252513
1,1789495575.595635,4.9172089784406126
1,1789495575.6011992,4.943458014167845
1,1789495575.638585,36.648624984081835
1,1789495575.6466439,7.23437502165325
1,1789495575.652689,4.975499992724508
1,1789495575.659248,5.4681249894201756
1,1789495575.665355,4.967124987160787
1,1789495575.67138,5.313708010362461
1,1789495575.6778,5.745792004745454
1,1789495575.6842828,5.761000007623807
1,1789495575.6896992,4.583750007441267
1,1789495575.693772,3.28808298218064
1,1789495575.7009778,6.519124988699332
1,1789495575.708988,7.272207993082702
1,1789495575.713922,4.195875022560358
1,1789495575.719444,4.853208985878155
1,1789495575.726499,6.3338750042021275
1,1789495575.735204,7.855124975321814
1,1789495575.742181,6.335249985568225
1,1789495575.748966,6.115666008554399
1,1789495575.754724,5.013458023313433
1,1789495575.759721,4.234041000017896
1,1789495575.7638552,3.4361250000074506
1,1789495575.767262,2.686749998247251
1,1789495575.771383,3.3637919987086207
1,1789495575.7757618,3.704417002154514
7,1789495573.7342331,1.406915980624035
7,1789495573.738053,2.275750011904165
7,1789495573.740787,2.069583017146215
7,1789495573.743545,2.082124992739409
7,1789495573.746253,1.9997089984826744
7,1789495573.7493298,2.3637920094188303
7,1789495573.752696,2.513166022254154
7,1789495573.7556102,2.1659590129274875
7,1789495573.757625,1.1270410032011569
7,1789495573.7602198,1.8281249795109034
7,1789495573.76338,2.2707500029355288
7,1789495573.765557,1.483708998421207
7,1789495573.768265,2.0552909991238266
7,1789495573.7707572,1.3807089999318123
7,1789495573.7739651,2.5113339943345636
7,1789495573.776703,2.0155000092927366
7,1789495573.780968,3.1005000055301934
7,1789495573.784045,2.3424579994753003
7,1789495573.787227,2.40508298156783
7,1789495573.790278,2.3718749871477485
7,1789495573.792362,1.2934170081280172
7,1789495573.795305,2.1335420024115592
7,1789495573.797759,1.7227079952135682
7,1789495573.802055,3.4250419994350523
7,1789495573.803422,0.37929098471067846
7,1789495573.806468,1.9165419798810035
7,1789495573.809707,2.505790995201096
7,1789495573.812137,1.595874986378476
7,1789495573.814146,1.2442500155884773
7,1789495573.816549,1.3813750119879842
7,1789495573.818793,1.456958008930087
7,1789495573.820173,0.7212909986265004
7,1789495573.822765,1.7105829901993275
7,1789495573.824766,1.251290988875553
7,1789495573.8267388,1.2587090022861958
7,1789495573.8283882,0.8635840204078704
7,1789495573.830233,1.1662080069072545
7,1789495573.833193,1.711333985440433
7,1789495573.835563,1.5281249943654984
7,1789495573.8377879,1.4731249830219895
7,1789495573.8401039,1.3592089817393571
7,1789495573.842871,2.0313340064603835
7,1789495573.845551,2.0129999902565032
7,1789495573.8475142,1.3190419995225966
7,1789495573.849678,1.2917499989271164
7,1789495573.85164,1.3170419842936099
7,1789495573.853417,0.9222080116160214
7,1789495573.855937,1.6848329978529364
7,1789495573.857706,1.1430839949753135
7,1789495573.8602948,1.6050409758463502
7,1789495573.86268,1.3548749848268926
7,1789495573.864576,1.215041003888473
7,1789495573.866098,0.8582089794799685
7,1789495573.867615,0.8119579870253801
7,1789495573.869317,0.9513330005574971
7,1789495573.871117,1.0744169994723052
7,1789495573.872339,0.5785829853266478
7,1789495573.874181,1.0921250213868916
7,1789495573.875412,0.5824579857289791
7,1789495573.877098,0.976874987827614
7,1789495573.8787358,0.9719580120872706
7,1789495573.8810802,1.6271249915007502
7,1789495573.88406,2.3042499960865825
7,1789495573.885885,1.181750005343929
7,1789495573.888366,1.8037920235656202
7,1789495573.890327,1.2790419859811664
7,1789495573.892889,1.7429580038879067
7,1789495573.894858,1.1196249979548156
7,1789495573.8970518,1.354500011075288
7,1789495573.89934,1.5161249903030694
7,1789495573.901056,1.043917000060901
7,1789495573.903331,1.5764170093461871
7,1789495573.905776,1.7601669824216515
7,1789495573.908406,1.9141249940730631
7,1789495573.910748,1.6974159807432443
7,1789495573.912714,1.316457986831665
7,1789495573.914869,1.4709999959450215
7,1789495573.9168372,1.2542080075945705
7,1789495573.918776,1.2275000044610351
7,1789495573.920989,1.428624993423
7,1789495573.923031,1.3310830108821392
7,1789495573.9251032,1.3874169962946326
7,1789495573.926396,0.6488749932032079
7,1789495573.930253,2.7879999834112823
7,1789495573.933656,2.322624990483746
7,1789495573.936028,1.6213329799938947
7,1789495573.938613,1.9017920130863786
7,1789495573.941181,1.898040995001793
7,1789495573.943969,2.029042021604255
7,1789495573.945981,1.3694170047529042
7,1789495573.948506,1.6737919941078871
7,1789495573.951044,1.8519999866839498
7,1789495573.953653,1.9651660113595426
7,1789495573.957815,3.4427499922458082
7,1789495573.960752,2.21445900388062
7,1789495573.963299,1.8949579971376806
7,1789495573.966784,2.79987501562573
7,1789495573.9699168,2.3084160056896508
7,1789495573.972893,2.2331659856718034
7,1789495573.9764621,2.8037089796271175
7,1789495573.9790442,1.9257079984527081
7,1789495573.980905,1.1421669914852828
7,1789495573.983689,2.090459020109847
7,1789495573.986133,1.6749999776948243
7,1789495573.989624,2.8091249987483025
7,1789495573.992898,2.6139169931411743
7,1789495573.996109,2.5397920107934624
7,1789495573.999135,2.3674170079175383
7,1789495574.000654,0.8586669864598662
7,1789495574.005373,3.44008399406448
7,1789495574.008865,2.699416014365852
7,1789495574.013383,3.8510420126840472
7,1789495574.016885,2.7780000236816704
7,1789495574.0210161,3.4515000006649643
7,1789495574.025048,3.2216249965131283
7,1789495574.0296052,3.853875008644536
7,1789495574.033438,3.1410410010721534
7,1789495574.036983,3.0014169751666486
7,1789495574.0411851,3.5491669841576368
7,1789495574.044411,2.5518329930491745
7,1789495574.048627,3.479000006336719
7,1789495574.052266,2.8778330015484244
7,1789495574.056309,3.3782499958761036
7,1789495574.059793,2.775500004645437
7,1789495574.063551,3.0984999903012067
7,1789495574.068445,4.096166987437755
7,1789495574.071933,2.7531249797903
7,1789495574.074835,2.243374998215586
7,1789495574.079721,4.211041989037767
7,1789495574.084102,3.487082984065637
7,1789495574.08812,3.281582990894094
7,1789495574.092559,3.7954580038785934
7,1789495574.097759,4.393165989313275
7,1789495574.105199,6.568334007170051
7,1789495574.110563,4.65208402602002
7,1789495574.116427,4.8220000171568245
7,1789495574.123033,5.876166018424556
7,1789495574.128683,4.753665998578072
7,1789495574.134254,4.8002910043578595
7,1789495574.137802,2.8602090023923665
7,1789495574.1415749,3.033000015420839
7,1789495574.14518,2.892499993322417
7,1789495574.148182,2.349958987906575
7,1789495574.153249,4.357792000519112
7,1789495574.1575732,3.695875027915463
7,1789495574.1627488,4.377750010462478
7,1789495574.168376,5.022958997869864
7,1789495574.174551,5.120499990880489
7,1789495574.180593,5.209542025113478
7,1789495574.18494,3.655999986222014
7,1789495574.189461,3.8381670019589365
7,1789495574.193307,3.029999992577359
7,1789495574.1973839,3.356750006787479
7,1789495574.2009048,2.829624980222434
7,1789495574.205405,3.8267080090008676
7,1789495574.209184,3.1113750010263175
7,1789495574.2126138,2.693459013244137
7,1789495574.216479,3.16508297692053
7,1789495574.220157,2.93874999624677
7,1789495574.2252312,3.50625001010485
7,1789495574.230745,4.824292002012953
7,1789495574.235722,4.431124980328605
7,1789495574.2404852,4.106292006326839
7,1789495574.245173,3.815708012552932
7,1789495574.253479,7.218041981104761
7,1789495574.257456,3.1301250273827463
7,1789495574.2610922,2.888415998313576
7,1789495574.265749,3.8526669959537685
7,1789495574.269779,3.3576670102775097
7,1789495574.273468,3.0542500026058406
7,1789495574.277309,3.1636249914299697
7,1789495574.280923,2.9052500030957162
7,1789495574.2839491,2.3682919854763895
7,1789495574.288057,3.361249982845038
7,1789495574.291457,2.639500016812235
7,1789495574.29502,2.888000017264858
7,1789495574.301026,3.680374997202307
7,1789495574.306603,4.908417002297938
7,1789495574.310902,3.559541975846514
7,1789495574.315058,3.4380839788354933
7,1789495574.320006,4.086250002728775
7,1789495574.324925,4.261458001565188
7,1789495574.331462,5.651665996992961
7,1789495574.336031,3.894791007041931
7,1789495574.339962,3.224165993742645
7,1789495574.34386,3.1711250194348395
7,1789495574.347892,3.3883749856613576
7,1789495574.351697,3.0868749890942127
7,1789495574.355326,2.918083016993478
7,1789495574.359683,3.633250016719103
7,1789495574.363044,2.5952500000130385
7,1789495574.3667881,3.0669160187244415
7,1789495574.370827,3.3799170050770044
7,1789495574.376846,4.2301669891458005
7,1789495574.382046,4.5310000132303685
7,1789495574.387109,4.4013749866280705
7,1789495574.391553,3.752542019356042
7,1789495574.396957,4.72812500083819
7,1789495574.404587,6.800292001571506
7,1789495574.4110951,5.842792015755549
7,1789495574.416765,4.970999987563118
7,1789495574.422979,5.566042003920302
7,1789495574.4297512,5.634583008941263
7,1789495574.435926,5.329250008799136
7,1789495574.4408371,4.241791000822559
7,1789495574.444127,2.625249995617196
7,1789495574.45031,4.691209003794938
7,1789495574.45569,4.687332984758541
7,1789495574.460341,3.938541980460286
7,1789495574.4644349,3.378458000952378
7,1789495574.4687629,3.5715420090127736
7,1789495574.474824,5.306915991241112
7,1789495574.48079,5.239208985585719
7,1789495574.485587,4.037749982671812
7,1789495574.489472,3.0373750196304172
7,1789495574.493036,2.8845409979112446
7,1789495574.497298,3.616790985688567
7,1789495574.501075,3.0692919972352684
7,1789495574.5051,3.3509590139146894
7,1789495574.508718,2.9729160014539957
7,1789495574.512544,3.095916996244341
7,1789495574.516801,3.5822499776259065
7,1789495574.520641,3.1687500013504177
7,1789495574.526056,4.7535419871564955
7,1789495574.5305579,3.778375015826896
7,1789495574.536031,4.808792000403628
7,1789495574.5414999,4.7550419985782355
7,1789495574.546911,4.74608299555257
7,1789495574.5536141,5.949790996965021
7,1789495574.559391,5.035750014940277
7,1789495574.563343,3.1976250174921006
7,1789495574.567273,3.252458991482854
7,1789495574.572074,4.154874972300604
7,1789495574.576396,3.6040420236531645
7,1789495574.580309,3.105249983491376
7,1789495574.584251,3.158292005537078
7,1789495574.58761,2.724042016780004
7,1789495574.5913742,2.797249995637685
7,1789495574.594694,2.6286249922122806
7,1789495574.599551,3.2393340079579502
7,1789495574.6042502,3.9149999793153256
7,1789495574.609601,4.605333000654355
7,1789495574.614248,3.9687080134171993
7,1789495574.619804,4.884166992269456
7,1789495574.627411,6.895832979353145
7,1789495574.633339,5.2464579930529
7,1789495574.638293,4.281500005163252
7,1789495574.6426811,3.7057920126244426
7,1789495574.646223,2.8215000056661665
7,1789495574.6495621,2.6652499800547957
7,1789495574.6536908,3.338500013342127
7,1789495574.6573372,2.990749984746799
7,1789495574.661386,3.362374991411343
7,1789495574.665626,3.4618749923538417
7,1789495574.669993,3.66529100574553
7,1789495574.674986,4.223459021886811
7,1789495574.680118,4.4767080107703805
7,1789495574.6855109,4.609457973856479
7,1789495574.690967,4.772666987264529
7,1789495574.696265,4.549750010482967
7,1789495574.705608,8.502292010234669
7,1789495574.711766,5.363042000681162
7,1789495574.71689,4.296625003917143
7,1789495574.723367,5.559957993682474
7,1789495574.7281668,4.052458010846749
7,1789495574.734694,5.8897909766528755
7,1789495574.740716,5.288374988595024
7,1789495574.747274,4.674374999012798
7,1789495574.752501,4.530332982540131
7,1789495574.757581,4.410916997585446
7,1789495574.762151,3.915209003025666
7,1789495574.766926,4.071333009051159
7,1789495574.7754052,7.791292009642348
7,1789495574.784408,7.917499984614551
7,1789495574.788861,3.5097500076517463
7,1789495574.792963,3.3746249973773956
7,1789495574.7976499,3.9859160024207085
7,1789495574.8019671,3.563708014553413
7,1789495574.80591,3.163916990160942
7,1789495574.8098571,3.254500014008954
7,1789495574.813897,3.3461250131949782
7,1789495574.817993,3.317958995467052
7,1789495574.824071,4.714999988209456
7,1789495574.828363,3.610874991863966
7,1789495574.833025,3.9469579933211207
7,1789495574.83826,4.535542015219107
7,1789495574.843383,4.088750021765009
7,1789495574.850666,6.532208004500717
7,1789495574.8570921,5.712541023967788
7,1789495574.863065,5.265457992209122
7,1789495574.866936,3.104375005932525
7,1789495574.871846,4.182000004220754
7,1789495574.875777,3.1919169996399432
7,1789495574.880234,3.7947079981677234
7,1789495574.883543,2.592625009128824
7,1789495574.886844,2.536749991122633
7,1789495574.890539,3.0224579968489707
7,1789495574.896194,4.2280409834347665
7,1789495574.900625,3.7280829856172204
7,1789495574.9054458,4.148416017415002
7,1789495574.9097128,3.57874998007901
7,1789495574.9145641,4.084541986230761
7,1789495574.922187,6.913292017998174
7,1789495574.928802,5.570624984102324
7,1789495574.9343722,4.863541020313278
7,1789495574.938498,3.4523340000305325
7,1789495574.9425569,3.384207986528054
7,1789495574.946798,3.516666009090841
7,1789495574.950976,3.4321249986533076
7,1789495574.954773,3.0544170003850013
7,1789495574.958391,2.8942920034751296
7,1789495574.9628181,3.714040998602286
7,1789495574.967631,4.169916996033862
7,1789495574.972857,4.0781669958960265
7,1789495574.9777339,4.18474999605678
7,1789495574.9819698,3.577834024326876
7,1789495574.9866638,4.016083985334262
7,1789495574.991758,4.4506670092232525
7,1789495574.9996212,7.173707999754697
7,1789495575.0051022,4.792624997207895
7,1789495575.0110688,5.270875000860542
7,1789495575.01686,5.089582991786301
7,1789495575.0244732,6.899125000927597
7,1789495575.030744,5.550041008973494
7,1789495575.037614,6.1348330054897815
7,1789495575.044251,5.98087499383837
7,1789495575.049875,4.875791986705735
7,1789495575.0539,3.2794169965200126
7,1789495575.058366,3.734208003152162
7,1789495575.063741,4.587333009112626
7,1789495575.068778,4.3673750187736005
7,1789495575.076802,7.27287502377294
7,1789495575.0867991,9.267707995604724
7,1789495575.0912662,3.6962500016670674
7,1789495575.095853,3.8385420048143715
7,1789495575.099974,3.410125005757436
7,1789495575.104311,3.6562919849529862
7,1789495575.108507,3.5111659963149577
7,1789495575.112181,2.9723340121563524
7,1789495575.116529,3.6747500125784427
7,1789495575.119497,2.323667024029419
7,1789495575.1241758,3.936749999411404
7,1789495575.129567,4.631165997125208
7,1789495575.13441,4.134084010729566
7,1789495575.140183,5.090708000352606
7,1789495575.144923,4.099707992281765
7,1789495575.1525388,6.892957986565307
7,1789495575.158561,5.241500010015443
7,1789495575.165219,5.906541016884148
7,1789495575.169333,3.502665989799425
7,1789495575.1734982,3.4159590140916407
7,1789495575.176961,2.7994170086458325
7,1789495575.180327,2.6612090005073696
7,1789495575.183987,2.9776669980492443
7,1789495575.1875782,2.930374990683049
7,1789495575.1917078,3.4241249959450215
7,1789495575.195524,3.1120410130824894
7,1789495575.201856,4.375915974378586
7,1789495575.207169,4.476208996493369
7,1789495575.211236,3.3482089929748327
7,1789495575.215688,3.728249983396381
7,1789495575.220902,4.488208011025563
7,1789495575.226083,4.437083000084385
7,1789495575.233383,6.574875005753711
7,1789495575.24212,7.616582995979115
7,1789495575.24916,6.173959001898766
7,1789495575.253747,3.919624985428527
7,1789495575.257822,3.350707993377
7,1789495575.2614222,2.9457909986376762
7,1789495575.264857,2.7635830047074705
7,1789495575.2688,3.289165993919596
7,1789495575.272236,2.79241701355204
7,1789495575.275981,3.0412909982260317
7,1789495575.279729,3.022416989551857
7,1789495575.28603,4.98066600994207
7,1789495575.291552,4.834249994019046
7,1789495575.296721,4.463458026293665
7,1789495575.3013172,3.8880000065546483
7,1789495575.306821,4.801541013875976
7,1789495575.313357,5.776167003205046
7,1789495575.319419,5.353167012799531
7,1789495575.32549,5.3492920123972
7,1789495575.3318431,5.684292002115399
7,1789495575.337718,5.205124994972721
7,1789495575.3455548,7.142874994315207
7,1789495575.3520372,5.566041974816471
7,1789495575.358672,5.989665980450809
7,1789495575.364657,5.179915984626859
7,1789495575.3700979,4.740458010928705
7,1789495575.3746629,3.8005830137990415
7,1789495575.380915,5.547750013647601
7,1789495575.388444,6.8250409967731684
7,1789495575.395458,6.137040996691212
7,1789495575.401115,4.905750014586374
7,1789495575.4047139,2.8801659937016666
7,1789495575.408802,3.3709999988786876
7,1789495575.412301,2.859707979951054
7,1789495575.4159281,2.9433750023599714
7,1789495575.419416,2.8440830064937472
7,1789495575.423062,2.978915988933295
7,1789495575.426532,2.760583010967821
7,1789495575.430996,3.750250005396083
7,1789495575.436306,4.619458020897582
7,1789495575.44097,3.8564999995287508
7,1789495575.445809,4.108042019652203
7,1789495575.450149,3.566667000995949
7,1789495575.454968,4.122042009839788
7,1789495575.463344,7.680334005272016
7,1789495575.47018,6.1935000121593475
7,1789495575.476934,6.006875017192215
7,1789495575.481507,3.64812501356937
7,1789495575.485989,3.7472080148290843
7,1789495575.489849,3.105582989519462
7,1789495575.493819,3.294166992418468
7,1789495575.4976158,3.1536669994238764
7,1789495575.501245,2.8508749965112656
7,1789495575.50464,2.7114170079585165
7,1789495575.5084958,3.1457079749088734
7,1789495575.513602,4.386707994854078
7,1789495575.5186272,4.247709002811462
7,1789495575.523735,4.278832988347858
7,1789495575.5287628,4.367207991890609
7,1789495575.5347672,5.384542018873617
7,1789495575.54338,7.3046670004259795
7,1789495575.550348,6.300958018982783
7,1789495575.557198,6.191833002958447
7,1789495575.564045,6.147417007014155
7,1789495575.5698738,5.142374982824549
7,1789495575.574408,3.8348750094883144
7,1789495575.578658,3.600374999223277
7,1789495575.5807621,1.4328329998534173
7,1789495575.5860832,4.57187500433065
7,1789495575.5911412,4.378999990876764
7,1789495575.59615,4.204291995847598
7,1789495575.601165,4.313917015679181
7,1789495575.638051,35.99624999333173
7,1789495575.6457999,7.098540983861312
7,1789495575.6521442,5.54458299302496
7,1789495575.65803,5.233125004451722
7,1789495575.6638458,5.1369169959798455
7,1789495575.6692312,4.7061249788384885
7,1789495575.6755142,5.551207985263318
7,1789495575.6806972,4.442540986929089
7,1789495575.686474,4.94849999086
7,1789495575.692574,5.341749987564981
7,1789495575.699358,5.615041998680681
7,1789495575.708249,8.011291007278487
7,1789495575.713012,3.850958019029349
7,1789495575.717238,3.5511250025592744
7,1789495575.7215009,3.5834580194205046
7,1789495575.7292879,6.941457977518439
7,1789495575.73617,5.4423749970737845
7,1789495575.741473,4.460166004719213
7,1789495575.748626,6.217666988959536
7,1789495575.7540622,4.751457978272811
7,1789495575.759199,4.2721659992821515
7,1789495575.763424,3.5684590111486614
7,1789495575.76756,3.491874987957999
7,1789495575.771873,3.341833013109863
7,1789495575.776347,3.816209005890414
4,1789495573.734143,1.8050840008072555
4,1789495573.7367308,1.4193330134730786
4,1789495573.73849,1.0563340038061142
4,1789495573.7423291,2.690749999601394
4,1789495573.745585,2.610166004160419
4,1789495573.748821,2.4384999996982515
4,1789495573.752478,2.842374989995733
4,1789495573.755966,2.5758330011740327
4,1789495573.758364,1.6237499949056655
4,1789495573.7605991,1.4182500017341226
4,1789495573.7626398,1.104625000152737
4,1789495573.7656431,2.2372499806806445
4,1789495573.7688918,2.089667017571628
4,1789495573.771563,1.9487500248942524
4,1789495573.774511,2.0430419826880097
4,1789495573.776962,1.4946669980417937
4,1789495573.780436,2.704832993913442
4,1789495573.783052,1.71537502319552
4,1789495573.7854831,1.730208023218438
4,1789495573.788028,1.8602079944685102
4,1789495573.79097,2.1310829906724393
4,1789495573.793951,2.1744589903391898
4,1789495573.7968361,2.075750002404675
4,1789495573.8004858,2.6548749883659184
4,1789495573.803206,2.0444999972824007
4,1789495573.806592,2.2673339990433306
4,1789495573.810554,3.089666977757588
4,1789495573.8126469,1.0045839881058782
4,1789495573.814379,1.0888749966397882
4,1789495573.816598,1.3136669876985252
4,1789495573.819517,2.138834010111168
4,1789495573.82141,1.1337499890942127
4,1789495573.823201,1.0647500166669488
4,1789495573.825187,1.2652919976972044
4,1789495573.827461,1.477540994528681
4,1789495573.8292968,1.0834590066224337
4,1789495573.831702,1.42937499913387
4,1789495573.8336189,1.1807919945567846
4,1789495573.836378,1.8949999939650297
4,1789495573.838388,1.0099999781232327
4,1789495573.8403919,1.0016669984906912
4,1789495573.8434381,2.201499999500811
4,1789495573.8456168,1.5084579936228693
4,1789495573.847541,1.3060839846730232
4,1789495573.8498812,1.6685409937053919
4,1789495573.851754,1.1837499914690852
4,1789495573.853638,1.2166669766884297
4,1789495573.855405,1.0992079915013164
4,1789495573.857132,0.7859579927753657
4,1789495573.8600671,1.6572909953538328
4,1789495573.8624299,1.519124984042719
4,1789495573.864842,1.5800410183146596
4,1789495573.8663402,0.7253329968079925
4,1789495573.867904,0.8584590104874223
4,1789495573.8698869,1.1622500023804605
4,1789495573.871399,0.71629200829193
4,1789495573.8729632,0.8505419827997684
4,1789495573.8744771,0.8457080111838877
4,1789495573.875695,0.5640419840347022
4,1789495573.877376,1.0181249817833304
4,1789495573.8802922,2.255583996884525
4,1789495573.882602,1.6144999826792628
4,1789495573.8850381,1.785959000699222
4,1789495573.887043,1.281000004382804
4,1789495573.889545,1.8092090031132102
4,1789495573.890923,0.6999579782132059
4,1789495573.892956,1.3103749952279031
4,1789495573.8954508,1.7599579878151417
4,1789495573.898025,1.739625004120171
4,1789495573.900264,1.5767499862704426
4,1789495573.9017448,0.8023330010473728
4,1789495573.903549,1.0690829949453473
4,1789495573.90582,1.6320830036420375
4,1789495573.9081972,1.5942080062814057
4,1789495573.9100292,1.0911250137723982
4,1789495573.91226,1.422500004991889
4,1789495573.914541,1.5388749889098108
4,1789495573.916757,1.531499990960583
4,1789495573.919335,1.8573749985080212
4,1789495573.921195,1.1616669944487512
4,1789495573.92322,1.3502499787136912
4,1789495573.925607,1.6296250105369836
4,1789495573.928821,1.9195000058971345
4,1789495573.9311738,1.6565409896429628
4,1789495573.933577,1.7505830037407577
4,1789495573.935955,1.6720829880796373
4,1789495573.93904,2.3857500054873526
4,1789495573.941535,1.6847910010255873
4,1789495573.944139,1.8689999997150153
4,1789495573.9464939,1.6798329888843
4,1789495573.94874,1.4615419786423445
4,1789495573.951168,1.7252919788006693
4,1789495573.95501,3.072082996368408
4,1789495573.959219,3.513959003612399
4,1789495573.962604,2.639374986756593
4,1789495573.965111,1.869542000349611
4,1789495573.966996,1.2261249939911067
4,1789495573.970129,2.3813750012777746
4,1789495573.972849,2.051791991107166
4,1789495573.9767208,3.173584002070129
4,1789495573.979815,2.4194160068873316
4,1789495573.9825,2.034292003372684
4,1789495573.9853098,2.146792015992105
4,1789495573.988065,1.977083011297509
4,1789495573.9908779,2.136875002179295
4,1789495573.993784,2.167999977245927
4,1789495573.9965298,2.081499987980351
4,1789495573.9997141,2.5205420097336173
4,1789495574.0052211,3.829124994808808
4,1789495574.009994,4.0242499962914735
4,1789495574.013698,3.050583996810019
4,1789495574.0173619,2.8938330069649965
4,1789495574.021116,2.920208004070446
4,1789495574.024262,2.265040995553136
4,1789495574.027829,2.7508329949341714
4,1789495574.033243,4.5310000132303685
4,1789495574.037379,3.4613750176504254
4,1789495574.041537,3.456708014709875
4,1789495574.044769,2.5598749925848097
4,1789495574.0489972,3.5032909945584834
4,1789495574.0531561,3.464999987045303
4,1789495574.056774,2.878500003134832
4,1789495574.060357,2.8907499799970537
4,1789495574.0644639,3.3869999751914293
4,1789495574.0676422,2.4630829866509885
4,1789495574.071954,3.545958985341713
4,1789495574.078368,4.346500005340204
4,1789495574.08401,4.989209002815187
4,1789495574.0883782,3.699333989061415
4,1789495574.093705,4.52587500330992
4,1789495574.0984828,3.984165989095345
4,1789495574.105694,6.50854199193418
4,1789495574.112146,5.763541004853323
4,1789495574.118114,5.24200001382269
4,1789495574.1233191,4.272791993571445
4,1789495574.129104,5.015916016418487
4,1789495574.1350038,4.979082994395867
4,1789495574.139362,3.5357080050744116
4,1789495574.145418,5.273999995552003
4,1789495574.1485682,2.473541011568159
4,1789495574.153606,4.278082982636988
4,1789495574.1572978,2.96529199113138
4,1789495574.1629481,4.944665997754782
4,1789495574.168013,4.326333000790328
4,1789495574.173779,5.108999990625307
4,1789495574.179925,5.340624978998676
4,1789495574.182604,1.9988339918199927
4,1789495574.1855118,2.241374982986599
4,1789495574.189055,2.886000002035871
4,1789495574.192404,2.66191698028706
4,1789495574.1959229,2.8277920209802687
4,1789495574.200125,3.5342499904800206
4,1789495574.2040808,3.2225830073002726
4,1789495574.207577,2.732082997681573
4,1789495574.211366,2.9756669828202575
4,1789495574.21522,3.135541017400101
4,1789495574.219008,3.111083002295345
4,1789495574.223339,3.6859160172753036
4,1789495574.228317,4.202416981570423
4,1789495574.23249,3.5008330014534295
4,1789495574.23742,4.247459000907838
4,1789495574.243212,5.141459027072415
4,1789495574.247595,3.677540982607752
4,1789495574.253878,5.428375006886199
4,1789495574.257801,3.1169159919954836
4,1789495574.2615411,3.0390419997274876
4,1789495574.265474,3.264833998400718
4,1789495574.268857,2.713624999159947
4,1789495574.2723022,2.7996249846182764
4,1789495574.2755141,2.5326249888166785
4,1789495574.27904,2.864082984160632
4,1789495574.282906,3.0584170017391443
4,1789495574.286767,3.109333018073812
4,1789495574.2911391,3.618082992034033
4,1789495574.29478,2.8941249765921384
4,1789495574.299031,3.4908749803435057
4,1789495574.303993,4.234249994624406
4,1789495574.30804,3.366541990544647
4,1789495574.312887,4.107459011720493
4,1789495574.31832,4.665915999794379
4,1789495574.3233101,4.35224999091588
4,1789495574.330179,5.983459006529301
4,1789495574.334072,3.172000026097521
4,1789495574.338014,3.170416021021083
4,1789495574.3418272,2.883709006709978
4,1789495574.345643,3.061333001824096
4,1789495574.349546,3.1033749983180314
4,1789495574.3538198,3.4630000009201467
4,1789495574.356993,2.5035840226337314
4,1789495574.360939,3.30079099512659
4,1789495574.364956,3.1536669994238764
4,1789495574.3687491,3.112834005150944
4,1789495574.372788,3.3932090154848993
4,1789495574.377177,3.6860000109300017
4,1789495574.382594,4.729790991405025
4,1789495574.387142,3.8832909776829183
4,1789495574.392024,4.166041995631531
4,1789495574.398135,5.251542024780065
4,1789495574.405556,6.384750013239682
4,1789495574.411516,5.321290984284133
4,1789495574.417804,5.650709004839882
4,1789495574.424235,5.766125017544255
4,1789495574.4294899,4.458874987903982
4,1789495574.434601,4.457458999240771
4,1789495574.43991,4.586916998960078
4,1789495574.443603,2.982540987432003
4,1789495574.4501572,4.557709005894139
4,1789495574.45578,4.796791996341199
4,1789495574.460573,4.10270900465548
4,1789495574.4659982,4.61187498876825
4,1789495574.4706821,3.941833012504503
4,1789495574.479382,7.955417007906362
4,1789495574.484938,4.8014170024544
4,1789495574.4881501,2.5225419958587736
4,1789495574.4924412,3.5907080164179206
4,1789495574.4960861,2.890165982535109
4,1789495574.500584,3.580167016480118
4,1789495574.50466,3.2554589852225035
4,1789495574.508436,3.111625002929941
4,1789495574.512348,3.1673749908804893
4,1789495574.516096,3.102916991338134
4,1789495574.519419,2.5959580088965595
4,1789495574.5239801,3.7975420127622783
4,1789495574.528221,3.550333989551291
4,1789495574.533112,4.142207995755598
4,1789495574.537359,3.4856669954024255
4,1789495574.541047,2.9696669953409582
4,1789495574.548537,6.553209008416161
4,1789495574.555157,5.820749996928498
4,1789495574.560381,4.308959003537893
4,1789495574.564712,3.502083010971546
4,1789495574.5687199,3.3598750014789402
4,1789495574.572543,3.1542080105282366
4,1789495574.5766861,3.3817910007201135
4,1789495574.580545,3.197374986484647
4,1789495574.584747,3.3153330150526017
4,1789495574.5893261,3.9015829970594496
4,1789495574.593441,3.418707987293601
4,1789495574.596071,1.9869579991791397
4,1789495574.6008,4.090249974979088
4,1789495574.6053061,3.8602499989792705
4,1789495574.610666,4.634542012354359
4,1789495574.615129,3.7681660032831132
4,1789495574.620317,4.541415983112529
4,1789495574.6278741,6.782207987271249
4,1789495574.63424,5.5814170045778155
4,1789495574.6378932,2.9650829965248704
4,1789495574.6419232,3.328999999212101
4,1789495574.644893,2.2502909996546805
4,1789495574.649396,3.825250023510307
4,1789495574.654006,3.9271249843295664
4,1789495574.658464,3.8081660168245435
4,1789495574.662412,3.2904169929679483
4,1789495574.6666508,3.519291989505291
4,1789495574.671566,4.173083987552673
4,1789495574.677323,4.945541004417464
4,1789495574.682644,4.512000014074147
4,1789495574.6878211,4.48908400721848
4,1789495574.692652,4.139875003602356
4,1789495574.699682,6.350790994474664
4,1789495574.706593,5.774541990831494
4,1789495574.711427,4.0282499976456165
4,1789495574.717382,5.179707979550585
4,1789495574.723514,5.479084007674828
4,1789495574.729005,4.782791977049783
4,1789495574.735144,5.450291006127372
4,1789495574.7415721,5.601832992397249
4,1789495574.7461069,3.3685830130707473
4,1789495574.751204,4.153415997279808
4,1789495574.755651,3.7477090081665665
4,1789495574.760011,3.6496249958872795
4,1789495574.76515,4.452208027942106
4,1789495574.772914,6.699250021483749
4,1789495574.781078,7.410792022710666
4,1789495574.785912,4.1459170170128345
4,1789495574.789939,3.314083005534485
4,1789495574.793767,3.0615839932579547
4,1789495574.7975092,3.1012909894343466
4,1789495574.801876,3.708999982336536
4,1789495574.8057652,2.945165993878618
4,1789495574.8093288,2.8906670049764216
4,1789495574.813007,2.9941660177428275
4,1789495574.8171132,3.3249579719267786
4,1789495574.821099,3.304167010355741
4,1789495574.82638,4.533083003479987
4,1789495574.8319411,4.817042005015537
4,1789495574.836565,3.858124982798472
4,1789495574.841728,4.4708749919664115
4,1789495574.846407,4.0987920074258
4,1789495574.8547158,7.397915993351489
4,1789495574.860642,4.960582999046892
4,1789495574.864755,3.449334006290883
4,1789495574.8687098,3.169000003254041
4,1789495574.872807,3.4148749837186188
4,1789495574.8766878,3.24383401311934
4,1789495574.881349,3.9426250150427222
4,1789495574.884953,2.886500005843118
4,1789495574.8890398,3.445542010013014
4,1789495574.891901,2.075457974569872
4,1789495574.896779,4.109625006094575
4,1789495574.901655,4.181917000096291
4,1789495574.90706,4.65166600770317
4,1789495574.910941,3.1745409942232072
4,1789495574.915172,3.5452499869279563
4,1789495574.923058,7.062999997287989
4,1789495574.9297159,5.858708987943828
4,1789495574.934217,3.730625001480803
4,1789495574.93808,3.1857090070843697
4,1789495574.942114,3.356000001076609
4,1789495574.946199,3.386000025784597
4,1789495574.9502249,3.345333010656759
4,1789495574.953991,3.1241670076269656
4,1789495574.957919,3.2983749988488853
4,1789495574.96074,2.182583004469052
4,1789495574.963676,2.1132919937372208
4,1789495574.967561,3.149374999338761
4,1789495574.973539,4.740749980555847
4,1789495574.978699,4.451959015568718
4,1789495574.983968,4.482791002374142
4,1789495574.989262,4.56662499345839
4,1789495574.99454,4.636041005142033
4,1789495575.001337,6.122624996351078
4,1789495575.007093,4.974624986061826
4,1789495575.012703,4.814707994228229
4,1789495575.018496,5.060625000623986
4,1789495575.024247,5.114125000545755
4,1789495575.030721,5.623833014396951
4,1789495575.037267,5.754707992309704
4,1789495575.043831,5.868041014764458
4,1789495575.0480719,3.293791989563033
4,1789495575.0534039,4.547374992398545
4,1789495575.057992,3.877374983858317
4,1789495575.062687,4.04212498688139
4,1789495575.067341,3.917875001206994
4,1789495575.07501,6.978417019126937
4,1789495575.081543,5.843833991093561
4,1789495575.088208,5.918416980421171
4,1789495575.092319,3.4237910003867
4,1789495575.096289,3.1832910026423633
4,1789495575.1006432,3.694375016493723
4,1789495575.104885,3.5820420016534626
4,1789495575.1087072,3.159417014103383
4,1789495575.112967,3.618292015744373
4,1789495575.117004,3.254250012105331
4,1789495575.120256,2.575666003394872
4,1789495575.1249259,3.9007920131552964
4,1789495575.130891,5.250624992186204
4,1789495575.13552,3.8730000087525696
4,1789495575.141004,4.772707994561642
4,1789495575.146435,4.694332979852334
4,1789495575.1537778,6.497541995486245
4,1789495575.1594949,5.0721250008791685
4,1789495575.164882,4.519083013292402
4,1789495575.169067,3.423291986109689
4,1789495575.171957,2.251083991723135
4,1789495575.175141,2.444625017233193
4,1789495575.178978,2.9763329948764294
4,1789495575.182792,3.118041990092024
4,1789495575.186451,2.9630000062752515
4,1789495575.1907809,3.5633340012282133
4,1789495575.194605,3.0820000101812184
4,1789495575.197829,2.461958007188514
4,1789495575.202649,4.1221670107916
4,1789495575.2084212,5.059917020844296
4,1789495575.2133791,4.280875000404194
4,1789495575.218743,4.693583003245294
4,1789495575.224105,4.544667026493698
4,1789495575.230187,5.376083980081603
4,1789495575.2374,6.480791984358802
4,1789495575.2446551,6.611499993596226
4,1789495575.2517078,6.405791995348409
4,1789495575.2555032,3.1509580148849636
4,1789495575.258979,2.7469169872347265
4,1789495575.262789,3.201209008693695
4,1789495575.2666292,3.088833997026086
4,1789495575.2714949,4.172874992946163
4,1789495575.275466,3.08062499971129
4,1789495575.279389,3.2406670216005296
4,1789495575.285995,4.984708008123562
4,1789495575.290603,3.9655829896219075
4,1789495575.295125,3.6863750137854367
4,1789495575.299922,4.0238749934360385
4,1789495575.3056068,4.731708002509549
4,1789495575.31258,6.05491700116545
4,1789495575.3164392,3.1654580088797957
4,1789495575.3220532,4.914749995805323
4,1789495575.326872,4.133958980673924
4,1789495575.33268,4.891000018687919
4,1789495575.340448,6.636917009018362
4,1789495575.346307,5.169875017600134
4,1789495575.352067,5.080834002001211
4,1789495575.358712,4.74979099817574
4,1789495575.364054,4.477541981032118
4,1789495575.3693419,4.577917017741129
4,1789495575.374419,4.495249973842874
4,1789495575.380739,5.635957990307361
4,1789495575.387609,6.22837501578033
4,1789495575.394291,6.002333975629881
4,1789495575.400109,5.101083981571719
4,1789495575.4042938,3.423457994358614
4,1789495575.408306,3.34379100240767
4,1789495575.4128761,3.809250018093735
4,1789495575.4174888,3.899957984685898
4,1789495575.421219,3.0034160008654
4,1789495575.4254441,3.535625000949949
4,1789495575.430308,4.145334009081125
4,1789495575.435117,4.040375002659857
4,1789495575.43976,3.897208982380107
4,1789495575.445212,4.743625002447516
4,1789495575.450114,4.085082997335121
4,1789495575.456173,5.22329201339744
4,1789495575.4639611,7.074374996591359
4,1789495575.470689,6.00966700585559
4,1789495575.4774542,5.927999998675659
4,1789495575.4810722,2.9668329807464033
4,1789495575.483263,1.5377919771708548
4,1789495575.487627,3.6102499871049076
4,1789495575.491319,2.997375006088987
4,1789495575.495295,3.2641249999869615
4,1789495575.4996622,3.640375012764707
4,1789495575.5037901,3.460792009718716
4,1789495575.507545,3.1037919980008155
4,1789495575.512161,3.7692500045523047
4,1789495575.516306,3.4541659988462925
4,1789495575.520362,3.2432499865535647
4,1789495575.524204,3.1437080178875476
4,1789495575.5290802,4.153791000135243
4,1789495575.5352252,5.385166004998609
4,1789495575.544084,7.749417010927573
4,1789495575.550789,6.0139579873066396
4,1789495575.556957,5.492500000400469
4,1789495575.5628312,5.200207990128547
4,1789495575.569576,6.034124991856515
4,1789495575.573604,3.3201669866684824
4,1789495575.577406,3.094667015830055
4,1789495575.580558,2.492542000254616
4,1789495575.5855622,4.306207993067801
4,1789495575.590454,4.215541004668921
4,1789495575.5956,4.422082973178476
4,1789495575.60031,4.005166993010789
4,1789495575.6370041,36.00979200564325
4,1789495575.64546,7.690667000133544
4,1789495575.651237,5.055790999904275
4,1789495575.656972,5.043624987592921
4,1789495575.66166,3.7453749973792583
4,1789495575.668601,6.24554100795649
4,1789495575.67496,5.1502499845810235
4,1789495575.67971,3.9899170224089175
4,1789495575.6858618,5.440791981527582
4,1789495575.6915,4.363291984191164
4,1789495575.699792,6.446583021897823
4,1789495575.7060668,5.546708009205759
4,1789495575.712984,6.047917006071657
4,1789495575.717524,3.901541989762336
4,1789495575.721728,3.5261670127511024
4,1789495575.729811,7.435375009663403
4,1789495575.735958,5.080999981146306
4,1789495575.741575,4.889875010121614
4,1789495575.7481349,5.883624980924651
4,1789495575.754643,5.824332998599857
4,1789495575.759903,4.50158299645409
4,1789495575.764226,3.6324169777799398
4,1789495575.768991,4.05504199443385
4,1789495575.772397,2.7451250061858445
4,1789495575.776395,3.3586660283617675
3,1789495573.7341912,1.9558749918360263
3,1789495573.737536,1.9904589862562716
3,1789495573.741011,2.7754170005209744
3,1789495573.7438521,2.122375008184463
3,1789495573.7476149,2.5547079858370125
3,1789495573.751105,2.4865419836714864
3,1789495573.753875,2.029082999797538
3,1789495573.75635,1.6090830031316727
3,1789495573.759414,2.2950420097913593
3,1789495573.76189,1.6844580241013318
3,1789495573.764492,1.924125012010336
3,1789495573.7669299,1.4947919989936054
3,1789495573.7694259,1.7592920048628002
3,1789495573.7717462,1.5991250111255795
3,1789495573.774296,1.2797079980373383
3,1789495573.777461,2.423708006972447
3,1789495573.780349,1.8353330087848008
3,1789495573.782335,0.9396249952260405
3,1789495573.785138,1.970541983610019
3,1789495573.788387,2.3351669951807708
3,1789495573.791117,1.8813750066328794
3,1789495573.79425,2.3822920047678053
3,1789495573.797021,1.9717079994734377
3,1789495573.8005729,2.507875004084781
3,1789495573.803072,1.748291018884629
3,1789495573.8062139,2.3029590083751827
3,1789495573.809352,2.4312080058734864
3,1789495573.811934,1.7484590061940253
3,1789495573.8137898,1.1613749957177788
3,1789495573.8154838,1.024291996145621
3,1789495573.8176808,1.1802500230260193
3,1789495573.819802,1.47312501212582
3,1789495573.822403,1.761292020091787
3,1789495573.824899,1.8317919748369604
3,1789495573.827596,1.9143749959766865
3,1789495573.829654,1.242166996235028
3,1789495573.832006,1.4381660148501396
3,1789495573.8337128,0.9949590021278709
3,1789495573.836,1.428249990567565
3,1789495573.838227,1.4905830030329525
3,1789495573.840827,1.9043750071432441
3,1789495573.843244,1.4606670010834932
3,1789495573.845334,1.26787499175407
3,1789495573.846967,0.8319579937960953
3,1789495573.848825,1.1736250016838312
3,1789495573.85056,1.0346670169383287
3,1789495573.852886,1.6032090061344206
3,1789495573.8546848,0.9888750209938735
3,1789495573.856917,1.4242920151446015
3,1789495573.8595672,1.7317089950665832
3,1789495573.861724,1.3868749956600368
3,1789495573.864079,1.5222500078380108
3,1789495573.8657632,0.9042919846251607
3,1789495573.867171,0.7216670201160014
3,1789495573.86916,1.117999985581264
3,1789495573.8710709,0.998999981675297
3,1789495573.87244,0.6082920008338988
3,1789495573.8740191,0.8927909948397428
3,1789495573.875304,0.6409159977920353
3,1789495573.876928,0.882125023053959
3,1789495573.878494,0.9028750064317137
3,1789495573.881202,1.9029579998459667
3,1789495573.884035,2.085707994410768
3,1789495573.886633,1.832167006796226
3,1789495573.8887439,1.422915986040607
3,1789495573.890414,0.9704999974928796
3,1789495573.8925362,1.3546249829232693
3,1789495573.894625,1.411208009812981
3,1789495573.896757,1.4577080146409571
3,1789495573.899004,1.4852079912088811
3,1789495573.900785,1.0586249991320074
3,1789495573.903305,1.8350000027567148
3,1789495573.905628,1.6630000027362257
3,1789495573.907695,1.38808399788104
3,1789495573.9092429,0.8846669807098806
3,1789495573.9115798,1.3509590062312782
3,1789495573.913686,1.4660409942734987
3,1789495573.9158661,1.393582992022857
3,1789495573.918126,1.555666996864602
3,1789495573.920079,1.2129170063417405
3,1789495573.922008,1.1072079942096025
3,1789495573.923879,1.1526670132298023
3,1789495573.925884,1.2406670139171183
3,1789495573.9295738,2.570624987129122
3,1789495573.932729,2.567500021541491
3,1789495573.935771,2.3594160156790167
3,1789495573.938161,1.6981250082608312
3,1789495573.940869,2.027792012086138
3,1789495573.941874,0.3215830074623227
3,1789495573.944486,1.87162499059923
3,1789495573.9473011,1.9247499876655638
3,1789495573.9502048,2.2305409947875887
3,1789495573.952945,2.064791973680258
3,1789495573.957052,3.2375000009778887
3,1789495573.959667,1.930625003296882
3,1789495573.96268,2.2696249943692237
3,1789495573.965633,2.301667002029717
3,1789495573.967881,1.5421670104842633
3,1789495573.970881,2.250167017336935
3,1789495573.973435,1.8357919761911035
3,1789495573.976796,2.499208989320323
3,1789495573.980414,2.8741249989252537
3,1789495573.983388,2.0455840276554227
3,1789495573.98646,2.247666008770466
3,1789495573.989206,2.0432909950613976
3,1789495573.992851,2.884708024794236
3,1789495573.996184,2.4539160076528788
3,1789495573.999083,2.262291993247345
3,1789495574.0006652,0.9135839936789125
3,1789495574.005343,3.555375005817041
3,1789495574.009172,3.12883299193345
3,1789495574.012856,2.9961250256747007
3,1789495574.015983,2.381499973125756
3,1789495574.0197399,2.9312499973457307
3,1789495574.023036,2.6017499912995845
3,1789495574.028179,4.266292002284899
3,1789495574.0329258,3.847666986985132
3,1789495574.037371,3.740833984920755
3,1789495574.041584,3.4192909952253103
3,1789495574.045231,2.9374579899013042
3,1789495574.0483189,2.284290996612981
3,1789495574.052045,2.944415988167748
3,1789495574.0554502,2.7167090156581253
3,1789495574.059156,2.9664579778909683
3,1789495574.063523,3.46400000853464
3,1789495574.067192,2.9856250039301813
3,1789495574.071,3.1198329816106707
3,1789495574.073901,2.218250010628253
3,1789495574.07871,4.142374993534759
3,1789495574.083488,4.075000004377216
3,1789495574.0886579,4.481000010855496
3,1789495574.093269,3.935666987672448
3,1789495574.097319,3.316542017273605
3,1789495574.104773,6.738374999258667
3,1789495574.113029,7.530291011789814
3,1789495574.119814,6.035541999153793
3,1789495574.125448,4.979916993761435
3,1789495574.132319,6.201832991791889
3,1789495574.137086,3.899957984685898
3,1789495574.1408079,3.0413329950533807
3,1789495574.1445918,3.123250004136935
3,1789495574.1480372,2.79933400452137
3,1789495574.153363,4.610667005181313
3,1789495574.1626759,4.443082987563685
3,1789495574.168274,4.78979098261334
3,1789495574.1735559,4.603167006280273
3,1789495574.180226,5.837083008373156
3,1789495574.184803,3.930250008124858
3,1789495574.188629,3.1844580080360174
3,1789495574.1925068,3.2204999879468232
3,1789495574.196438,3.278958989540115
3,1789495574.200035,2.949000016087666
3,1789495574.204461,3.6932910152245313
3,1789495574.207951,2.7746669948101044
3,1789495574.2122371,3.576749993953854
3,1789495574.215625,2.741958014667034
3,1789495574.219489,3.1588329875376076
3,1789495574.2238321,3.6657919990830123
3,1789495574.2298229,5.433832993730903
3,1789495574.233969,3.4724579891189933
3,1789495574.23861,3.773167001781985
3,1789495574.242474,3.055166976992041
3,1789495574.24635,3.238791978219524
3,1789495574.25332,6.284292001510039
3,1789495574.2586071,4.477209004107863
3,1789495574.262385,2.997750008944422
3,1789495574.26624,3.07666597655043
3,1789495574.270405,3.343916992889717
3,1789495574.274413,3.3375830098520964
3,1789495574.278226,3.1145829998422414
3,1789495574.2819352,3.0447079916484654
3,1789495574.2850828,2.3748750099912286
3,1789495574.289498,3.7321249837987125
3,1789495574.293515,3.3468750189058483
3,1789495574.297282,2.930916001787409
3,1789495574.301526,3.310083004180342
3,1789495574.30582,3.5935830092057586
3,1789495574.312294,5.800790997454897
3,1789495574.316727,3.731166973011568
3,1789495574.3216362,4.100124991964549
3,1789495574.3279538,5.4359170026145875
3,1789495574.3340192,5.27449999935925
3,1789495574.338088,3.422665991820395
3,1789495574.342013,3.2077920041047037
3,1789495574.345789,3.013750014360994
3,1789495574.349371,2.7817090158350766
3,1789495574.353322,3.263541992055252
3,1789495574.3567958,2.7535409899428487
3,1789495574.360563,3.1111670250538737
3,1789495574.36481,3.5296250134706497
3,1789495574.36899,3.4842080203816295
3,1789495574.3728168,2.9675409896299243
3,1789495574.3777332,4.164458980085328
3,1789495574.382334,3.9060419949237257
3,1789495574.386689,3.624167002271861
3,1789495574.3909602,3.550124994944781
3,1789495574.395989,4.177124996203929
3,1789495574.404191,7.513749995268881
3,1789495574.411327,6.425041996408254
3,1789495574.417378,5.383500014431775
3,1789495574.423384,5.315457994583994
3,1789495574.4294531,5.418459011707455
3,1789495574.436199,6.010916986269876
3,1789495574.440205,3.2950419990811497
3,1789495574.444767,3.7914999993517995
3,1789495574.449301,3.6290840071160346
3,1789495574.452747,2.7160419849678874
3,1789495574.457252,3.8276670093182474
3,1789495574.461576,3.5812499991152436
3,1789495574.4659882,3.6955419927835464
3,1789495574.4705842,3.9078330155462027
3,1789495574.476948,5.6418329768348485
3,1789495574.483059,5.251416994724423
3,1789495574.4868999,3.187082998920232
3,1789495574.4908311,3.2516249921172857
3,1789495574.494695,3.209416987374425
3,1789495574.498858,3.414500009967014
3,1789495574.502351,2.8123749943915755
3,1789495574.505694,2.4806659785099328
3,1789495574.508982,2.6126249867957085
3,1789495574.513099,3.4694579953793436
3,1789495574.517426,3.658667003037408
3,1789495574.5216022,3.520208003465086
3,1789495574.5275981,5.322792014339939
3,1789495574.532209,3.8770409882999957
3,1789495574.5366762,3.7930840044282377
3,1789495574.54145,4.054999997606501
3,1789495574.546651,4.520708986092359
3,1789495574.553531,6.179166986839846
3,1789495574.560069,5.753541976446286
3,1789495574.564585,3.834458999335766
3,1789495574.568177,2.948166016722098
3,1789495574.571747,2.8327500040177256
3,1789495574.5757928,3.3208329987246543
3,1789495574.5801961,3.7500000034924597
3,1789495574.5844321,3.58099999721162
3,1789495574.5875661,2.461625001160428
3,1789495574.5904021,2.0191659859847277
3,1789495574.593943,2.834165992680937
3,1789495574.5964642,1.7487079894635826
3,1789495574.601302,4.001291003078222
3,1789495574.606009,3.9743749948684126
3,1789495574.6108642,4.160125012276694
3,1789495574.615278,3.6325410183053464
3,1789495574.6201138,4.103915998712182
3,1789495574.627039,6.24650000827387
3,1789495574.632524,4.78158300393261
3,1789495574.6356428,2.442375000100583
3,1789495574.639366,2.916541008744389
3,1789495574.642905,2.805374999297783
3,1789495574.646838,3.1895830179564655
3,1789495574.6507971,3.2211249927058816
3,1789495574.654492,3.0197080050129443
3,1789495574.65831,3.124166978523135
3,1789495574.6621351,3.0919160053599626
3,1789495574.666206,3.383292001672089
3,1789495574.671384,4.4441670179367065
3,1789495574.676982,4.879541986156255
3,1789495574.682094,4.327291011577472
3,1789495574.6873999,4.397209006128833
3,1789495574.6911318,3.074582986300811
3,1789495574.696241,4.35466700582765
3,1789495574.703142,6.213874992681667
3,1789495574.7092512,5.023000005166978
3,1789495574.716343,5.861000012373552
3,1789495574.722683,5.567041982430965
3,1789495574.729194,5.547208013013005
3,1789495574.735028,5.187291972106323
3,1789495574.7420301,6.280041998252273
3,1789495574.747417,4.423500009579584
3,1789495574.752836,4.71600002492778
3,1789495574.757864,4.341374995419756
3,1789495574.761864,3.3359579974785447
3,1789495574.768013,5.429540993645787
3,1789495574.7777789,9.126958000706509
3,1789495574.784895,6.439709017286077
3,1789495574.789312,3.745208989130333
3,1789495574.793542,3.567082982044667
3,1789495574.797293,3.0919580021873116
3,1789495574.801353,3.371250000782311
3,1789495574.804965,2.889374998630956
3,1789495574.809006,3.360041999258101
3,1789495574.812962,3.281500015873462
3,1789495574.816909,3.2911669986788183
3,1789495574.8212118,3.580416989279911
3,1789495574.826891,4.888458002824336
3,1789495574.831465,3.8311670068651438
3,1789495574.836766,4.495542001677677
3,1789495574.841399,3.9233329880516976
3,1789495574.8467782,4.629375005606562
3,1789495574.853621,6.024833011906594
3,1789495574.859135,4.863125010160729
3,1789495574.862701,2.8167499986011535
3,1789495574.86698,3.5398750042077154
3,1789495574.871346,3.5592909844126552
3,1789495574.874636,2.6130830228794366
3,1789495574.8786838,3.3277079928666353
3,1789495574.882024,2.6261250022798777
3,1789495574.885986,3.3176669967360795
3,1789495574.890302,3.6172500113025308
3,1789495574.8960829,4.311333002988249
3,1789495574.901422,4.473916022107005
3,1789495574.905667,3.581333003239706
3,1789495574.90994,3.4778339904733
3,1789495574.914603,3.8112920010462403
3,1789495574.92126,5.821875005494803
3,1789495574.927916,5.948209000052884
3,1789495574.9333062,4.651833005482331
3,1789495574.937204,3.2419580093119293
3,1789495574.9413178,3.5022090014535934
3,1789495574.945646,3.4699169918894768
3,1789495574.950235,3.9280829951167107
3,1789495574.9545531,3.6149579973425716
3,1789495574.958446,3.246332984417677
3,1789495574.9632168,4.050749994348735
3,1789495574.967478,3.6282920045778155
3,1789495574.973373,4.641833016648889
3,1789495574.978483,4.3521670158952475
3,1789495574.983905,4.736417002277449
3,1789495574.988787,4.177249997155741
3,1789495574.9937449,4.1295840055681765
3,1789495575.001847,7.2920410020742565
3,1789495575.008519,6.028291012626141
3,1789495575.016192,6.906166992848739
3,1789495575.021653,4.694500006735325
3,1789495575.0266502,4.283290996681899
3,1789495575.032491,5.196166021050885
3,1789495575.038166,4.352749994723126
3,1789495575.04497,5.814959004055709
3,1789495575.050987,5.0681249995250255
3,1789495575.056287,4.481124982703477
3,1789495575.06126,4.223208001349121
3,1789495575.066934,5.031541979406029
3,1789495575.072576,5.1079579861834645
3,1789495575.081043,7.818916987162083
3,1789495575.0866828,4.951999988406897
3,1789495575.091826,4.457667004317045
3,1789495575.0953338,2.8424159972928464
3,1789495575.098791,2.8135409811511636
3,1789495575.103179,3.5812499991152436
3,1789495575.107042,3.0935830145608634
3,1789495575.110295,2.5129170098807663
3,1789495575.114586,3.519457997754216
3,1789495575.1183722,3.100457979599014
3,1789495575.124502,4.518917005043477
3,1789495575.128136,2.911707997554913
3,1789495575.1337001,4.738999996334314
3,1789495575.1393669,4.951917013386264
3,1789495575.143729,3.5310829989612103
3,1789495575.152158,7.650957995792851
3,1789495575.158941,6.046957976650447
3,1789495575.165549,5.830540991155431
3,1789495575.1692958,3.108042001258582
3,1789495575.173399,3.4104590013157576
3,1789495575.177876,3.83520798641257
3,1789495575.181786,3.2516659994143993
3,1789495575.1873028,4.712458001449704
3,1789495575.191575,3.563874983228743
3,1789495575.1955688,3.2073750044219196
3,1789495575.202267,4.722417012089863
3,1789495575.207747,4.820624977583066
3,1789495575.212239,3.7985000235494226
3,1789495575.2174232,4.505457996856421
3,1789495575.223319,5.143957998370752
3,1789495575.2289531,4.992709000362083
3,1789495575.236772,6.906624999828637
3,1789495575.2432,5.763167020631954
3,1789495575.2503638,6.498999980976805
3,1789495575.255404,4.318999999668449
3,1789495575.2589319,2.746165991993621
3,1789495575.26276,3.07016700389795
3,1789495575.267147,3.702916990732774
3,1789495575.271478,3.6629999813158065
3,1789495575.275417,3.173917008098215
3,1789495575.2793071,3.227832989068702
3,1789495575.28629,5.302750010741875
3,1789495575.291476,4.514416999882087
3,1789495575.295543,3.3755420008674264
3,1789495575.299907,3.6627500085160136
3,1789495575.30492,4.30549998418428
3,1789495575.3132958,7.71529198391363
3,1789495575.319048,5.09241598774679
3,1789495575.324534,4.791874991497025
3,1789495575.3291678,3.9630420214962214
3,1789495575.3350568,5.083708994789049
3,1789495575.341284,5.554708011914045
3,1789495575.346714,4.663166997488588
3,1789495575.352854,5.232209019595757
3,1789495575.358291,4.2505000019446015
3,1789495575.363549,4.519249981967732
3,1789495575.369508,5.318834009813145
3,1789495575.374455,4.267125012120232
3,1789495575.380436,5.120916990563273
3,1789495575.383907,2.758957998594269
3,1789495575.390264,5.553916998906061
3,1789495575.395851,4.936958983307704
3,1789495575.402167,5.615249974653125
3,1789495575.405787,2.929291018517688
3,1789495575.4098969,3.3327080018352717
3,1789495575.413561,3.0137079884298146
3,1789495575.417661,3.4035829885397106
3,1789495575.4214232,3.0751670128665864
3,1789495575.425049,2.929542009951547
3,1789495575.42924,3.5209580091759562
3,1789495575.4347808,4.827917000511661
3,1789495575.439977,4.469874984351918
3,1789495575.445427,4.602125001838431
3,1789495575.450903,4.813417006516829
3,1789495575.457342,5.425707990070805
3,1789495575.4649348,6.76649998058565
3,1789495575.471614,5.998583015752956
3,1789495575.4778,5.51749998703599
3,1789495575.481481,2.873999997973442
3,1789495575.485271,3.133624995825812
3,1789495575.489347,3.2168749894481152
3,1789495575.4930859,2.956832991912961
3,1789495575.4970639,3.2661659934092313
3,1789495575.5006342,2.92308401549235
3,1789495575.5048041,3.510332986479625
3,1789495575.5088582,3.2761670008767396
3,1789495575.512668,3.1657079816795886
3,1789495575.517897,4.531084006885067
3,1789495575.526331,7.561375008663163
3,1789495575.531879,4.858750005951151
3,1789495575.538775,6.1236250039655715
3,1789495575.546247,6.728167005348951
3,1789495575.5529978,6.039624975528568
3,1789495575.559272,5.55545897805132
3,1789495575.5652962,5.240250000497326
3,1789495575.570163,4.200042021693662
3,1789495575.574165,3.2634169911034405
3,1789495575.577676,2.8249169990886003
3,1789495575.580694,2.3790409904904664
3,1789495575.586168,4.748333973111585
3,1789495575.5910761,4.242208000505343
3,1789495575.595388,3.6443750141188502
3,1789495575.6003351,4.261917027179152
3,1789495575.637708,36.60962500725873
3,1789495575.646234,7.7969160047359765
3,1789495575.652456,5.417457985458896
3,1789495575.659523,5.934083979809657
3,1789495575.6668968,6.400458019925281
3,1789495575.672569,4.903499997453764
3,1789495575.678732,4.929999995511025
3,1789495575.6856241,6.241625000257045
3,1789495575.691848,5.478875013068318
3,1789495575.700406,7.011708017671481
3,1789495575.708547,7.173583988333121
3,1789495575.713575,4.297499981475994
3,1789495575.7191029,4.692249989602715
3,1789495575.725077,5.271625006571412
3,1789495575.732306,6.4384999859612435
3,1789495575.738322,5.358916008844972
3,1789495575.745793,6.564707990037277
3,1789495575.751313,4.863417008891702
3,1789495575.75793,5.878833006136119
3,1789495575.762306,3.7048330123070627
3,1789495575.7660558,3.0739170033484697
3,1789495575.7697542,2.920791012002155
3,1789495575.773383,2.90325001697056
3,1789495575.7765172,2.440250013023615
6,1789495573.734117,1.395708997733891
6,1789495573.7377439,2.733250003075227
6,1789495573.741239,2.615582983708009
6,1789495573.744423,2.3708750086370856
6,1789495573.7467399,1.2851250066887587
6,1789495573.750229,2.476916997693479
6,1789495573.753216,1.9626670109573752
6,1789495573.7564778,2.5265419972129166
6,1789495573.7594619,1.7418749921489507
6,1789495573.761655,1.3917080068495125
6,1789495573.7643049,1.8732909811660647
6,1789495573.767221,1.9918330071959645
6,1789495573.769702,1.6551660082768649
6,1789495573.771756,1.2294999905861914
6,1789495573.7749078,1.4731249830219895
6,1789495573.778243,2.458790986565873
6,1789495573.781197,2.20379198435694
6,1789495573.784472,2.5566249969415367
6,1789495573.7877052,2.404915983788669
6,1789495573.7898948,1.4165419852361083
6,1789495573.793029,2.341417013667524
6,1789495573.796405,2.439999982016161
6,1789495573.799941,2.2366670018527657
6,1789495573.803158,2.4892079818528146
6,1789495573.806324,2.2904160141479224
6,1789495573.809744,2.463749988237396
6,1789495573.8122492,1.5635830059181899
6,1789495573.8148658,1.8969170050695539
6,1789495573.8164659,0.9091669926419854
6,1789495573.81823,0.9206249960698187
6,1789495573.820141,1.2122089974582195
6,1789495573.822693,1.7863750108517706
6,1789495573.82498,1.518334000138566
6,1789495573.827397,1.537167001515627
6,1789495573.829848,1.5102089964784682
6,1789495573.8324978,1.6919169866014272
6,1789495573.834026,0.8237500151153654
6,1789495573.8367639,1.9308750052005053
6,1789495573.8391738,1.5124579949770123
6,1789495573.841562,1.6936250030994415
6,1789495573.8438668,1.4939590182621032
6,1789495573.8457248,0.9561659826431423
6,1789495573.8478742,1.47462502354756
6,1789495573.850123,1.4657499850727618
6,1789495573.852402,1.5465420146938413
6,1789495573.854579,1.4493750059045851
6,1789495573.8567061,1.3183749979361892
6,1789495573.859214,1.1735840234905481
6,1789495573.860992,1.0541249939706177
6,1789495573.8629818,1.3388340012170374
6,1789495573.865081,1.2092089746147394
6,1789495573.866783,1.004333986202255
6,1789495573.868385,0.9107500081881881
6,1789495573.870723,1.5465829928871244
6,1789495573.87232,0.9505829948466271
6,1789495573.8736792,0.6487089849542826
6,1789495573.874867,0.47962498501874506
6,1789495573.876738,1.2305830023251474
6,1789495573.878186,0.706541002728045
6,1789495573.880841,1.8816250085365027
6,1789495573.883688,1.9980419892817736
6,1789495573.8857899,1.3804170012008399
6,1789495573.8879108,1.471041003242135
6,1789495573.890037,1.437333005014807
6,1789495573.891923,1.235416013514623
6,1789495573.8935192,0.9085419878829271
6,1789495573.895513,1.260708988411352
6,1789495573.8975081,1.3304999738465995
6,1789495573.9001138,1.9099579949397594
6,1789495573.902616,1.7875409976113588
6,1789495573.904747,1.3445829972624779
6,1789495573.9065778,1.1545410088729113
6,1789495573.90868,1.4161250146571547
6,1789495573.910793,1.4446670247707516
6,1789495573.9130821,1.6394999984186143
6,1789495573.9147131,0.9035840048454702
6,1789495573.916665,1.2565419892780483
6,1789495573.919679,2.2762080188840628
6,1789495573.9222379,1.8869579944293946
6,1789495573.924515,1.5686250117141753
6,1789495573.926383,1.061333023244515
6,1789495573.929858,2.4353339977096766
6,1789495573.933634,3.053167019970715
6,1789495573.936401,1.8977500149048865
6,1789495573.938831,1.5262500091921538
6,1789495573.941217,1.6330830112565309
6,1789495573.9439108,2.0080420072190464
6,1789495573.945342,0.7910410058684647
6,1789495573.948135,2.00658300309442
6,1789495573.950612,1.7838749918155372
6,1789495573.953836,2.5511249841656536
6,1789495573.958196,3.6332499876152724
6,1789495573.96091,1.9765409815590829
6,1789495573.96337,1.5655829920433462
6,1789495573.966367,2.3134580114856362
6,1789495573.9695628,2.50716699520126
6,1789495573.973172,2.9625830065924674
6,1789495573.9764538,2.609999995911494
6,1789495573.97943,2.2490000119432807
6,1789495573.982541,2.3268749937415123
6,1789495573.985302,2.0851670124102384
6,1789495573.9877021,1.691750017926097
6,1789495573.9905732,2.107375010382384
6,1789495573.9934962,2.147166000213474
6,1789495573.99649,2.347875008126721
6,1789495573.999329,2.2025840007700026
6,1789495574.0053551,4.072832991369069
6,1789495574.00955,3.0872079951222986
6,1789495574.0134678,3.1396660197060555
6,1789495574.0177972,3.647417004685849
6,1789495574.0217972,3.223625011742115
6,1789495574.0257769,3.0973340035416186
6,1789495574.030317,3.8846669776830822
6,1789495574.034297,3.2117500086314976
6,1789495574.03822,3.15220799529925
6,1789495574.04195,2.926665998529643
6,1789495574.04671,4.098292003618553
6,1789495574.05082,3.3580419840291142
6,1789495574.05474,3.1410000228788704
6,1789495574.0583858,3.0045000021345913
6,1789495574.0621052,2.9678750142920762
6,1789495574.0662458,3.4598750062286854
6,1789495574.0700312,3.1016250140964985
6,1789495574.073843,3.0992910033091903
6,1789495574.07811,3.619416995206848
6,1789495574.0829408,4.111249989364296
6,1789495574.087169,3.465332993073389
6,1789495574.092273,4.1375420114491135
6,1789495574.096983,3.964959003496915
6,1789495574.103559,5.68050000583753
6,1789495574.109397,5.115291976835579
6,1789495574.114704,4.555708001134917
6,1789495574.1216261,6.275749998167157
6,1789495574.128824,5.984334013191983
6,1789495574.134797,5.297208001138642
6,1789495574.139277,3.5979580134153366
6,1789495574.1429791,2.9951670148875564
6,1789495574.14742,3.788750007515773
6,1789495574.1535292,5.0131249881815165
6,1789495574.1582642,4.009749973192811
6,1789495574.163074,4.12662501912564
6,1789495574.168088,4.348874994320795
6,1789495574.172858,4.066374996909872
6,1789495574.1788712,5.365916003938764
6,1789495574.180928,1.2994589924346656
6,1789495574.1852539,3.5490000154823065
6,1789495574.1900742,3.9969999925233424
6,1789495574.194229,3.4578329941723496
6,1789495574.1981251,3.2033750030677766
6,1789495574.20137,2.600208012154326
6,1789495574.205162,2.9967080045025796
6,1789495574.209169,3.3541250159032643
6,1789495574.213536,3.5080840170849115
6,1789495574.2174652,3.2725000055506825
6,1789495574.2210639,2.8990000137127936
6,1789495574.225965,4.180000018095598
6,1789495574.230633,4.019500018330291
6,1789495574.2362208,4.81579199549742
6,1789495574.240476,3.5814169968944043
6,1789495574.244921,3.744332992937416
6,1789495574.252702,6.9087079900782555
6,1789495574.2581792,4.807499994058162
6,1789495574.262155,3.3276659960392863
6,1789495574.266113,3.099666995694861
6,1789495574.270164,3.3431659976486117
6,1789495574.274826,3.917124995496124
6,1789495574.278531,2.9997919918969274
6,1789495574.2825978,3.2778340100776404
6,1789495574.286973,3.7270410102792084
6,1789495574.290882,3.2477919885423034
6,1789495574.294815,3.2841659849509597
6,1789495574.2993321,3.8590420153923333
6,1789495574.3040378,3.855416987789795
6,1789495574.30877,3.96062497748062
6,1789495574.313518,3.971041995100677
6,1789495574.318605,4.071625007782131
6,1789495574.324449,5.160541011719033
6,1789495574.331028,5.770582996774465
6,1789495574.3349628,3.2538749801460654
6,1789495574.338764,2.993083995534107
6,1789495574.3428621,3.3794170012697577
6,1789495574.347172,3.51466701249592
6,1789495574.3509078,2.940042002592236
6,1789495574.355155,3.592332999687642
6,1789495574.358828,2.9605409945361316
6,1789495574.3628879,3.293582994956523
6,1789495574.366726,3.174958983436227
6,1789495574.370656,3.3203340135514736
6,1789495574.376416,3.8915830082260072
6,1789495574.38145,4.38850000500679
6,1789495574.3867478,4.610959003912285
6,1789495574.391498,4.110834008315578
6,1789495574.396996,4.846750001888722
6,1789495574.403309,5.600458011031151
6,1789495574.409753,5.5032500240486115
6,1789495574.414388,3.891208005370572
6,1789495574.419755,4.71766700502485
6,1789495574.426561,6.114416988566518
6,1789495574.431725,4.5237089798320085
6,1789495574.438398,5.958500027190894
6,1789495574.4420822,2.9692500247620046
6,1789495574.4451919,2.3857080086600035
6,1789495574.450403,4.353374999482185
6,1789495574.45545,4.405624989885837
6,1789495574.460445,4.281749977963045
6,1789495574.465334,4.230374994222075
6,1789495574.47018,4.039999999804422
6,1789495574.4770172,6.060540996259078
6,1789495574.483336,5.444749986054376
6,1789495574.487405,3.282833000412211
6,1789495574.491402,3.3537090057507157
6,1789495574.495198,3.204750013537705
6,1789495574.499462,3.4612089802976698
6,1789495574.50384,3.6587500071618706
6,1789495574.508262,3.582166973501444
6,1789495574.5133178,4.397792014060542
6,1789495574.517523,3.5041249939240515
6,1789495574.523052,4.811499995412305
6,1789495574.52767,3.7747919850517064
6,1789495574.53305,4.631832998711616
6,1789495574.5375621,3.806499997153878
6,1789495574.542773,4.527707991655916
6,1789495574.547648,4.157042014412582
6,1789495574.5540931,5.803167005069554
6,1789495574.560246,5.449458985822275
6,1789495574.564008,2.887208014726639
6,1789495574.567363,2.63612499111332
6,1789495574.571627,3.596208000089973
6,1789495574.575469,3.176250000251457
6,1789495574.578977,2.802792005240917
6,1789495574.583124,3.4447079815436155
6,1789495574.586422,2.3511660110671073
6,1789495574.59005,2.896666992455721
6,1789495574.5940459,3.3604160125833005
6,1789495574.600519,4.363666987046599
6,1789495574.604766,3.555667004548013
6,1789495574.609552,3.9739999920129776
6,1789495574.614793,4.60495799779892
6,1789495574.619925,4.372833005618304
6,1789495574.6273248,6.559917004778981
6,1789495574.633505,5.523750005522743
6,1789495574.6371999,2.9289170051924884
6,1789495574.640934,3.090374986641109
6,1789495574.6441212,2.439167001284659
6,1789495574.648135,3.3709999988786876
6,1789495574.6522958,3.1920410110615194
6,1789495574.655987,2.918334008427337
6,1789495574.659589,2.85183300729841
6,1789495574.66335,3.1238750088959932
6,1789495574.666964,2.950374997453764
6,1789495574.671535,3.775416989810765
6,1789495574.675937,3.642499999841675
6,1789495574.680358,3.6395420029293746
6,1789495574.685893,4.599916021106765
6,1789495574.6908958,4.280708002625033
6,1789495574.695979,4.395333002321422
6,1789495574.703184,6.429042026866227
6,1789495574.708535,4.264250019332394
6,1789495574.714574,5.37191701005213
6,1789495574.72062,5.389875004766509
6,1789495574.726868,5.4300420160871
6,1789495574.7333949,5.881208024220541
6,1789495574.739496,5.364459007978439
6,1789495574.74278,2.6438749919179827
6,1789495574.7479029,4.277416999684647
6,1789495574.7523131,3.7324579898267984
6,1789495574.756669,3.571457986254245
6,1789495574.761158,3.7753749929834157
6,1789495574.767642,5.655874992953613
6,1789495574.7773361,8.830375008983538
6,1789495574.78565,7.44349998421967
6,1789495574.789077,2.792459010379389
6,1789495574.792897,3.144624992273748
6,1789495574.797067,3.2577090023551136
6,1789495574.800747,3.011124994372949
6,1789495574.804283,2.7985830092802644
6,1789495574.8083699,3.3482910075690597
6,1789495574.812154,3.117249987553805
6,1789495574.816082,3.2292919931933284
6,1789495574.820652,3.7277079827617854
6,1789495574.82618,4.711041983682662
6,1789495574.832234,5.297333002090454
6,1789495574.837127,4.165291989920661
6,1789495574.841625,3.6866249865852296
6,1789495574.847747,5.347083002561703
6,1789495574.8540978,5.305792001308873
6,1789495574.8597262,4.954999982146546
6,1789495574.86398,3.5797499876935035
6,1789495574.867626,2.722584002185613
6,1789495574.872523,4.196124995360151
6,1789495574.8763251,3.1193750037346035
6,1789495574.880809,3.7707079900428653
6,1789495574.884754,3.2497079810127616
6,1789495574.8886259,3.183082997566089
6,1789495574.891766,2.493834006600082
6,1789495574.897252,4.703958984464407
6,1789495574.9026718,4.070125025464222
6,1789495574.907593,4.145207989495248
6,1789495574.91222,3.880374977597967
6,1789495574.918198,5.213834025198594
6,1789495574.924742,5.8057919959537685
6,1789495574.9318788,6.299250002484769
6,1789495574.936416,3.8584580179303885
6,1789495574.940209,3.1523749930784106
6,1789495574.943274,2.224541996838525
6,1789495574.9465358,2.6144580042455345
6,1789495574.950565,3.351624996867031
6,1789495574.954232,3.0034160008654
6,1789495574.9581819,3.293749992735684
6,1789495574.961658,2.7872500068042427
6,1789495574.9645581,2.0179999992251396
6,1789495574.968244,2.982749982038513
6,1789495574.972873,3.8347500085365027
6,1789495574.978289,4.718583018984646
6,1789495574.9828858,3.9355419867206365
6,1789495574.987479,3.8151670014485717
6,1789495574.992866,4.721000004792586
6,1789495575.0000288,6.4938750001601875
6,1789495575.0052962,4.462958982912824
6,1789495575.011509,5.384040996432304
6,1789495575.017736,5.464749992825091
6,1789495575.024144,5.528125009732321
6,1789495575.030032,5.1658340089488775
6,1789495575.03672,5.914958979701623
6,1789495575.042437,4.976874974090606
6,1789495575.0469959,3.87445799424313
6,1789495575.052597,4.879500018432736
6,1789495575.058157,4.835125000681728
6,1789495575.062625,3.7183329986874014
6,1789495575.0685382,5.261083017103374
6,1789495575.077409,8.033500023884699
6,1789495575.083554,5.4709579853806645
6,1789495575.0891578,4.853624996030703
6,1789495575.093083,3.1626250129193068
6,1789495575.096904,3.0643329955637455
6,1789495575.10092,3.340374998515472
6,1789495575.1044679,2.8755829844158143
6,1789495575.10847,3.343666990986094
6,1789495575.11254,3.4299169783480465
6,1789495575.1166909,3.4977920004166663
6,1789495575.1198668,2.44508299510926
6,1789495575.125036,4.402999999001622
6,1789495575.130611,4.913874989142641
6,1789495575.1362429,4.84270800370723
6,1789495575.141856,4.795583983650431
6,1789495575.146413,3.8602919958066195
6,1789495575.1536698,6.603833986446261
6,1789495575.1593359,5.019415984861553
6,1789495575.1655731,5.5433329835068434
6,1789495575.169203,2.9553750064224005
6,1789495575.1730502,3.1776250107213855
6,1789495575.1764338,2.7083329914603382
6,1789495575.180573,3.3998330181930214
6,1789495575.184423,3.2049579895101488
6,1789495575.1878998,2.766334015177563
6,1789495575.1921332,3.540792007697746
6,1789495575.19644,3.615249996073544
6,1789495575.20242,4.805792006663978
6,1789495575.20743,4.222791991196573
6,1789495575.213096,5.015041009755805
6,1789495575.218483,4.706042003817856
6,1789495575.22503,5.900749994907528
6,1789495575.23332,7.4805420008488
6,1789495575.2410398,7.011375011643395
6,1789495575.248845,7.103125011781231
6,1789495575.252832,3.255417017498985
6,1789495575.2576041,4.01204198715277
6,1789495575.2614882,3.1488339882344007
6,1789495575.265407,3.2250000222120434
6,1789495575.26915,3.0472079815808684
6,1789495575.2732968,3.4146249818149954
6,1789495575.2767758,2.7818329981528223
6,1789495575.2802932,2.8348749910946935
6,1789495575.286309,4.916709003737196
6,1789495575.291522,4.615874990122393
6,1789495575.296913,4.53708300483413
6,1789495575.301964,4.274915991118178
6,1789495575.307177,4.503791016759351
6,1789495575.31365,5.746207985794172
6,1789495575.319663,5.368665995774791
6,1789495575.32596,5.561792000662535
6,1789495575.332285,5.606791994068772
6,1789495575.338471,4.715082992333919
6,1789495575.345315,5.727291019866243
6,1789495575.352863,6.226416997378692
6,1789495575.358807,4.659416998038068
6,1789495575.3634272,3.8151659828145057
6,1789495575.369271,4.995415976736695
6,1789495575.3738801,3.902832977473736
6,1789495575.375137,0.5640840099658817
6,1789495575.38104,5.251041991868988
6,1789495575.387661,5.907750019105151
6,1789495575.394624,6.071417010389268
6,1789495575.40081,5.41712500853464
6,1789495575.404783,3.343832999235019
6,1789495575.408074,2.5869169912766665
6,1789495575.411861,3.105207986664027
6,1789495575.415339,2.719542011618614
6,1789495575.418771,2.737041999353096
6,1789495575.422459,2.9756249859929085
6,1789495575.426456,3.201582992915064
6,1789495575.43084,3.649874997790903
6,1789495575.435592,4.0585839888080955
6,1789495575.440371,3.9656669832766056
6,1789495575.445018,3.9379579829983413
6,1789495575.449771,4.090333008207381
6,1789495575.4543018,3.8239170098677278
6,1789495575.46227,7.166833005612716
6,1789495575.469722,6.533750012749806
6,1789495575.476554,6.060417013941333
6,1789495575.481869,4.40491599147208
6,1789495575.4864562,3.8526669959537685
6,1789495575.4909408,3.5137079830747098
6,1789495575.495605,3.859791991999373
6,1789495575.49933,3.040958021301776
6,1789495575.50348,3.5052919993177056
6,1789495575.5064352,2.267208998091519
6,1789495575.51232,4.3804169981740415
6,1789495575.517055,4.083459003595635
6,1789495575.521945,4.166708007687703
6,1789495575.5272598,4.6504579950124025
6,1789495575.5317361,3.830208006547764
6,1789495575.539364,6.746624974766746
6,1789495575.545559,5.547958018723875
6,1789495575.5517051,5.429625016404316
6,1789495575.558026,5.676916014635935
6,1789495575.563804,5.132291989866644
6,1789495575.569206,4.728250001790002
6,1789495575.572317,2.404500002739951
6,1789495575.576423,3.3710830030031502
6,1789495575.580318,3.2154170039575547
6,1789495575.583998,2.9947500152047724
6,1789495575.5885088,3.5771670227404684
6,1789495575.5935202,4.282500012777746
6,1789495575.5968819,2.7226670063100755
6,1789495575.6016908,3.9696249878033996
6,1789495575.6384199,36.072291986783966
6,1789495575.646904,7.769332994939759
6,1789495575.6541922,5.975999985821545
6,1789495575.659913,5.005957995308563
6,1789495575.665431,4.500707989791408
6,1789495575.672105,5.930249986704439
6,1789495575.6789818,6.171499990159646
6,1789495575.685605,5.888791987672448
6,1789495575.691869,5.548249988351017
6,1789495575.700125,6.531749997520819
6,1789495575.7086568,7.602791010867804
6,1789495575.713428,4.12495800992474
6,1789495575.718452,4.371165996417403
6,1789495575.724648,5.460332991788164
6,1789495575.730937,5.485458008479327
6,1789495575.738111,6.269250006880611
6,1789495575.745285,6.454332993598655
6,1789495575.751446,5.524042004253715
6,1789495575.7583091,6.0972089995630085
6,1789495575.761934,2.913834003265947
6,1789495575.766015,3.353957989020273
6,1789495575.7694988,2.7962499880231917
6,1789495575.773557,3.3654159924481064
6,1789495575.776524,2.327750000404194
