Window_Size,Latency_ms
1,0.27470799977891147
1,0.26304202037863433
1,0.2675419964361936
1,0.2752500004135072
1,0.26508301380090415
1,0.2728750114329159
1,0.26708299992606044
1,0.262417015619576
1,0.2728750114329159
1,0.26470900047570467
1,0.27024999144487083
1,0.2741670177783817
1,0.26470900047570467
1,0.2728340041358024
1,0.2674160059541464
1,0.26500000967644155
1,0.2729579864535481
1,0.26904098922386765
1,0.2811659942381084
1,0.27466699248179793
1,0.2895829966291785
1,0.35975000355392694
1,0.2847500145435333
1,0.24479097919538617
1,0.22262500715442002
1,0.22258399985730648
1,0.22245800937525928
1,0.2224160125479102
1,0.2224589989054948
1,0.22233399795368314
1,0.2416660136077553
1,0.24770799791440368
1,0.22241700207814574
1,0.2482089912518859
1,0.2300000051036477
1,0.23083301493898034
1,0.23029197473078966
1,0.24812499759718776
1,0.22741599241271615
1,0.2693750138860196
1,0.2289160038344562
1,0.23695899290032685
1,0.24545899941585958
1,0.2337500045541674
1,0.24816699442453682
1,0.23516701185144484
1,0.24812499759718776
1,0.2385829866398126
1,0.2424580161459744
1,0.2448330051265657
1,0.23624999448657036
1,0.2480830007698387
1,0.23525001597590744
1,0.24812502670101821
1,0.24525000480934978
1,0.25912499404512346
1,0.2457080117892474
1,0.2366670232731849
1,0.2565000031609088
1,0.23779197363182902
1,0.24820800172165036
1,0.27004198636859655
1,0.309833005303517
1,0.318874983349815
1,0.2871250035241246
1,0.24750002194195986
1,0.2517500251997262
1,0.2454170025885105
1,0.24470800417475402
1,0.24454100639559329
1,0.24458402185700834
1,0.2507920144125819
1,0.2632919931784272
1,0.24458300322294235
1,0.24487500195391476
1,0.27312501333653927
1,0.24458300322294235
1,0.24462500005029142
1,0.2723329816944897
1,0.2573750098235905
1,0.2626249915920198
1,0.252666010055691
1,0.26933400658890605
1,0.26733402046374977
1,0.258084008237347
1,0.27170899556949735
1,0.25275000371038914
1,0.26895900373347104
1,0.26366699603386223
1,0.24154200218617916
1,0.2448330051265657
1,0.2279579930473119
1,0.22358298883773386
1,0.22291700588539243
1,0.2225420030299574
1,0.2296250022482127
1,0.2507499884814024
1,0.2346250112168491
1,0.2429999876767397
1,0.2321659994777292
1,0.24283298989757895
1,0.25549999554641545
1,0.23520801914855838
1,0.24816699442453682
1,0.23508298909291625
1,0.24791600299067795
1,0.23933299235068262
1,0.2415830094832927
1,0.24558301083743572
1,0.2354589814785868
1,0.25075001758523285
1,0.23750000400468707
1,0.24816699442453682
1,0.23758300812914968
1,0.2455409849062562
1,0.24674998712725937
1,0.23875001352280378
1,0.2480420225765556
1,0.23750000400468707
1,0.2854580234270543
1,0.25033397832885385
1,0.25666700094006956
1,0.24729198776185513
1,0.24458300322294235
1,0.2557090192567557
1,0.24724999093450606
1,0.24462500005029142
1,0.25833401014097035
1,0.2650829846970737
1,0.25504198856651783
1,0.2634169941302389
1,0.272917008260265
1,0.25575002655386925
1,0.26450000586919487
1,0.26508301380090415
1,0.25383400497958064
1,0.27545899502001703
1,0.26783300563693047
1,0.2655420103110373
1,0.27141597820445895
1,0.25754200760275126
1,0.2755839959718287
1,0.26158400578424335
1,0.2616250130813569
1,0.2752919972408563
1,0.25749998167157173
1,0.2795839973259717
1,0.2409169974271208
1,0.23891599266789854
1,0.22233297931961715
1,0.22229200112633407
1,0.2223330084234476
1,0.22241598344407976
1,0.2532920043449849
1,0.2299170009791851
1,0.23133298964239657
1,0.23512501502409577
1,0.24720901274122298
1,0.23520799004472792
1,0.2440410025883466
1,0.24620801559649408
1,0.235249986872077
1,0.24804199347272515
1,0.23754200083203614
1,0.25070799165405333
1,0.23800000781193376
1,0.2476660010870546
1,0.2449589956086129
1,0.23820798378437757
1,0.2480420225765556
1,0.23750000400468707
1,0.24804199347272515
1,0.23750000400468707
1,0.2507090102881193
1,0.2417920040898025
1,0.24141697213053703
1,0.25187499704770744
1,0.23774997680447996
1,0.2480830007698387
1,0.23754200083203614
1,0.24812499759718776
1,0.2416660136077553
1,0.24366698926314712
1,0.24804100394248962
1,0.24225001106970012
1,0.24795898934826255
1,0.24237498291768134
1,0.2479999966453761
1,0.2483749995008111
1,0.2451250038575381
1,0.24812499759718776
1,0.24237498291768134
1,0.24812499759718776
1,0.2423750120215118
1,0.24808399030007422
1,0.24912500521168113
1,0.24841699632816017
1,0.2480830007698387
1,0.27083398890681565
1,0.29308299417607486
1,0.24216598831117153
1,0.23262499598786235
1,0.22250000620260835
1,0.22312498185783625
1,0.22237500525079668
1,0.22237500525079668
1,0.24733302416279912
1,0.22237500525079668
1,0.22237500525079668
1,0.22237500525079668
1,0.24162500631064177
1,0.2386250125709921
1,0.2308339753653854
1,0.22633399930782616
1,0.24812499759718776
1,0.22429099772125483
1,0.24858300457708538
1,0.22975000320002437
1,0.24058300186879933
1,0.24183400091715157
1,0.23470900487154722
1,0.24791600299067795
1,0.23033400066196918
1,0.2480830007698387
1,0.23033400066196918
1,0.2494590007700026
1,0.23845798568800092
1,0.24037499679252505
1,0.24204200599342585
1,0.23512501502409577
1,0.2507499884814024
1,0.23029200383462012
1,0.269665993982926
1,0.2355000178795308
1,0.24333299370482564
1,0.25929100229404867
1,0.28600002406165004
1,0.24479100829921663
1,0.24720901274122298
1,0.24449999909847975
1,0.24458300322294235
1,0.24454199592582881
1,0.19887500093318522
1,0.23416700423695147
1,0.24125000345520675
1,0.22879202151671052
1,0.23025000700727105
1,0.23037500795908272
1,0.25083302170969546
1,0.23416700423695147
1,0.24250001297332346
1,0.23991698981262743
1,0.2366660046391189
1,0.24595801369287074
1,0.23783301003277302
1,0.24812499759718776
1,0.23516698274761438
1,0.24741599918343127
1,0.2399170189164579
1,0.24087500059977174
1,0.25066599482670426
1,0.23750000400468707
1,0.2480830007698387
1,0.24008299806155264
1,0.24808399030007422
1,0.23962502018548548
1,0.2535410167183727
1,0.24320799275301397
1,0.2465419820509851
1,0.2223330084234476
1,0.22766701295040548
1,0.2223330084234476
1,0.2223330084234476
1,0.22229200112633407
1,0.22245800937525928
1,0.24804199347272515
1,0.22329197963699698
1,0.2373750030528754
1,0.2393340109847486
1,0.2429999876767397
1,0.23945802240632474
1,0.23733402485959232
1,0.2449579769745469
1,0.23166602477431297
1,0.2506249875295907
1,0.23025000700727105
1,0.2506669843569398
1,0.23800000781193376
1,0.2428330190014094
1,0.24687498807907104
1,0.23629199131391943
1,0.2480830007698387
1,0.23504201089963317
1,0.24808401940390468
1,0.23516599321737885
1,0.24695901083759964
1,0.2581249864306301
1,0.23854101891629398
1,0.2225829812232405
1,0.22250000620260835
1,0.22233399795368314
1,0.22237500525079668
1,0.2288340183440596
1,0.2322500222362578
1,0.24487500195391476
1,0.225124997086823
1,0.24808401940390468
1,0.22554100723937154
1,0.24462500005029142
1,0.2379580109845847
1,0.23862498346716166
1,0.2438749943394214
1,0.23508400772698224
1,0.24812499759718776
1,0.24637498427182436
1,0.24770799791440368
1,0.2397499920334667
1,0.2415000053588301
1,0.2480830007698387
1,0.23754200083203614
1,0.2480420225765556
1,0.23750000400468707
1,0.24812499759718776
1,0.23829200654290617
1,0.24495800607837737
1,0.24466600734740496
1,0.26599998818710446
1,0.2474169887136668
1,0.23058400256559253
1,0.22233399795368314
1,0.23012500605545938
1,0.22237500525079668
1,0.22237500525079668
1,0.23604099988006055
1,0.22412498947232962
1,0.24787499569356441
1,0.23025000700727105
1,0.23995799710974097
1,0.24108297657221556
1,0.23704199702478945
1,0.2480830007698387
1,0.23029200383462012
1,0.24812499759718776
1,0.23508400772698224
1,0.24587500956840813
1,0.24116699933074415
1,0.24237498291768134
1,0.24774999474175274
1,0.23504201089963317
1,0.24804100394248962
1,0.23749997490085661
1,0.24804199347272515
1,0.23712500114925206
1,0.2463329874444753
1,0.24612501147203147
1,0.23745797807350755
1,0.2629999944474548
1,0.23312499979510903
1,0.24824999854899943
1,0.2223330084234476
1,0.22504100343212485
1,0.22233297931961715
1,0.2223330084234476
1,0.2364999963901937
1,0.24225001106970012
1,0.23299999884329736
1,0.23733300622552633
1,0.24074999964796007
1,0.23183299344964325
1,0.2507090102881193
1,0.23525001597590744
1,0.2479999966453761
1,0.2380829828325659
1,0.24283400853164494
1,0.24433399084955454
1,0.2362079976592213
1,0.25075001758523285
1,0.23512501502409577
1,0.24808399030007422
1,0.2494590007700026
1,0.24545800988562405
1,0.24695799220353365
1,0.23845801479183137
1,0.25070898118428886
1,0.23995799710974097
1,0.24804100394248962
1,0.2541250141803175
1,0.24616598966531456
1,0.22504199296236038
1,0.23358300677500665
1,0.22233399795368314
1,0.22237500525079668
1,0.22237500525079668
1,0.22775001707486808
1,0.23887501447461545
1,0.23337500169873238
1,0.2418750082142651
1,0.22829198860563338
1,0.24695799220353365
1,0.2328749978914857
1,0.24699998903088272
1,0.23533398052677512
1,0.24125000345520675
1,0.2459170063957572
1,0.23779197363182902
1,0.2479999966453761
1,0.23770899861119688
1,0.2480830007698387
1,0.23783399956300855
1,0.24508402566425502
1,0.2470840117894113
1,0.2382919774390757
1,0.24804100394248962
1,0.24016699171625078
1,0.24804199347272515
1,0.23749997490085661
1,0.250832992605865
1,0.2565419999882579
1,0.24770799791440368
1,0.2228749799542129
1,0.22237500525079668
1,0.22516600438393652
1,0.22237500525079668
1,0.2223330084234476
1,0.22499999613501132
1,0.22895800066180527
1,0.2282080240547657
1,0.23262499598786235
1,0.22449999232776463
1,0.2507499884814024
1,0.22633298067376018
1,0.24374999338760972
1,0.23154201335273683
1,0.23866698029451072
1,0.24370898609049618
1,0.23283399059437215
1,0.2423750120215118
1,0.23037500795908272
1,0.2480830007698387
1,0.23079098900780082
1,0.2459589741192758
1,0.24125000345520675
1,0.23970799520611763
1,0.2474580251146108
1,0.23512501502409577
1,0.24820800172165036
1,0.23512498592026532
1,0.25754200760275126
1,0.22600000374950469
1,0.24566700449213386
1,0.22995800827629864
1,0.2223330084234476
1,0.2224589989054948
1,0.22479199105873704
1,0.23783298092894256
1,0.23495798814110458
1,0.2263750066049397
1,0.23100001271814108
1,0.25599999935366213
1,0.23079098900780082
1,0.2479999966453761
1,0.23933299235068262
1,0.2417089999653399
1,0.24549997760914266
1,0.23545802105218172
1,0.2480830007698387
1,0.24020799901336432
1,0.24804100394248962
1,0.24049999774433672
1,0.24487500195391476
1,0.24483402376063168
1,0.23829200654290617
1,0.24812499759718776
1,0.23754200083203614
1,0.25083302170969546
1,0.23995799710974097
1,0.24770799791440368
1,0.25933299912139773
1,0.23929198505356908
1,0.22262500715442002
1,0.23670800146646798
1,0.22499999613501132
1,0.2223330084234476
1,0.222250004298985
1,0.22337501286529005
1,0.24804199347272515
1,0.22508398978970945
1,0.23566698655486107
1,0.23141599376685917
1,0.24504101020283997
1,0.23749997490085661
1,0.2392080205027014
1,0.24329099687747657
1,0.23516599321737885
1,0.24812499759718776
1,0.23512501502409577
1,0.25079198530875146
1,0.23958302335813642
1,0.24366701836697757
1,0.2460000105202198
1,0.23754200083203614
1,0.24816699442453682
1,0.2375410113018006
1,0.25070799165405333
1,0.23762500495649874
1,0.24679198395460844
1,0.24291599402204156
1,0.26362499920651317
1,0.24737499188631773
1,0.237459025811404
1,0.24804199347272515
1,0.2399170189164579
1,0.24791702162474394
1,0.2625000197440386
1,0.2391250163782388
1,0.24862500140443444
1,0.23395800963044167
1,0.22499999613501132
1,0.22229197202250361
1,0.22495799930766225
1,0.22237500525079668
1,0.22229200112633407
1,0.22229101159609854
1,0.24804100394248962
1,0.2224160125479102
1,0.22499999613501132
1,0.23741699988022447
1,0.24616598966531456
1,0.2319590130355209
1,0.23812500876374543
1,0.2442499971948564
1,0.23241699091158807
1,0.24291599402204156
1,0.23033301113173366
1,0.2479999966453761
1,0.2314999874215573
1,0.2450419997330755
1,0.2420840028207749
1,0.24533300893381238
1,0.2506669843569398
1,0.23754200083203614
1,0.2480420225765556
1,0.23516698274761438
1,0.2480830007698387
1,0.23870798759162426
1,0.24212501011788845
1,0.24499997380189598
1,0.23750000400468707
1,0.24795799981802702
1,0.23516701185144484
1,0.2571249788161367
1,0.2382500097155571
1,0.24495800607837737
1,0.24462500005029142
1,0.23987499298527837
1,0.25066701346077025
1,0.23987499298527837
1,0.24804097483865917
1,0.2399170189164579
1,0.24774999474175274
1,0.2442499971948564
1,0.24112500250339508
1,0.2480420225765556
1,0.23987502208910882
1,0.24808399030007422
1,0.2399160002823919
1,0.2480830007698387
1,0.24804097483865917
1,0.24341599782928824
1,0.24812499759718776
1,0.24233301519416273
1,0.24812499759718776
1,0.2423339756205678
1,0.24804100394248962
1,0.2423750120215118
1,0.25470799300819635
1,0.24774999474175274
1,0.24229101836681366
1,0.254832993960008
1,0.2424580161459744
1,0.2480830007698387
1,0.24229197879321873
1,0.2454170025885105
1,0.2479999966453761
1,0.24233301519416273
1,0.24983298499137163
1,0.24500000290572643
1,0.24816699442453682
1,0.2422920078970492
1,0.2468750171829015
1,0.247582996962592
1,0.2422920078970492
1,0.25058400933630764
1,0.24229197879321873
1,0.24812499759718776
1,0.2423750120215118
1,0.25241600815206766
1,0.2557499974500388
1,0.24229101836681366
1,0.24808399030007422
1,0.24233298609033227
1,0.2480830007698387
1,0.24233298609033227
1,0.2477089874446392
1,0.24654102162458003
1,0.24233400472439826
1,0.24795799981802702
1,0.24233301519416273
1,0.25066599482670426
1,0.24224998196586967
1,0.24804199347272515
1,0.24516700068488717
1,0.24233400472439826
1,0.24812499759718776
1,0.24500000290572643
1,0.24804199347272515
1,0.2449589956086129
1,0.2480830007698387
1,0.24383299751207232
1,0.24358299560844898
1,0.2533750084694475
1,0.24233400472439826
1,0.2480420225765556
1,0.24233298609033227
1,0.24804199347272515
1,0.24270798894576728
1,0.2492500061634928
1,0.2533330116420984
1,0.24320901138707995
1,0.25066701346077025
1,0.2424169797450304
1,0.2481660048943013
1,0.24295801995322108
1,0.24441597633995116
1,0.2479999966453761
1,0.24466600734740496
1,0.2506249875295907
1,0.24304099497385323
1,0.24804100394248962
1,0.24229197879321873
1,0.24516700068488717
1,0.24812499759718776
1,0.2430410240776837
1,0.2507499884814024
1,0.24241601931862533
1,0.2507920144125819
1,0.24237498291768134
1,0.25008301599882543
1,0.24812499759718776
1,0.2447500010021031
1,0.25070799165405333
1,0.24804199347272515
1,0.2506669843569398
1,0.24304099497385323
1,0.24575000861659646
1,0.2584999892860651
1,0.24233298609033227
1,0.25075001758523285
1,0.2447500010021031
1,0.24804199347272515
1,0.24312501773238182
1,0.24579098680987954
1,0.2480420225765556
1,0.2479999966453761
1,0.25066701346077025
1,0.24312498862855136
1,0.24804199347272515
1,0.24737499188631773
1,0.2463329874444753
1,0.2479999966453761
1,0.24479199782945216
1,0.2480830007698387
1,0.25066701346077025
1,0.2614159893710166
1,0.2431659959256649
1,0.2447920269332826
1,0.2479999966453761
1,0.24470800417475402
1,0.2480830007698387
1,0.2479999966453761
1,0.2480830007698387
1,0.24308302090503275
1,0.24575000861659646
1,0.24812499759718776
1,0.2447500010021031
1,0.24800002574920654
1,0.2480830007698387
1,0.24804199347272515
1,0.2430829918012023
1,0.25341700529679656
1,0.2502499846741557
1,0.24445800227113068
1,0.25649997405707836
1,0.24804100394248962
1,0.24800002574920654
1,0.250834011239931
1,0.2477919915691018
1,0.24804100394248962
1,0.2430829918012023
1,0.2479999966453761
1,0.24225001106970012
1,0.24804199347272515
1,0.2447500010021031
1,0.2506249875295907
1,0.24812499759718776
1,0.24820800172165036
1,0.24804199347272515
1,0.24812499759718776
1,0.24812499759718776
1,0.24808399030007422
1,0.25070799165405333
1,0.2480830007698387
1,0.25070799165405333
1,0.24812499759718776
1,0.24804100394248962
1,0.2480420225765556
1,0.24804199347272515
1,0.24804199347272515
1,0.24804199347272515
1,0.25066701346077025
1,0.2480830007698387
1,0.24804100394248962
1,0.2480830007698387
1,0.2480420225765556
1,0.2480420225765556
1,0.253707985393703
1,0.24804199347272515
1,0.24804199347272515
1,0.2479999966453761
1,0.24808401940390468
1,0.24812499759718776
1,0.24804199347272515
1,0.25070799165405333
1,0.25066701346077025
1,0.2479999966453761
1,0.24820800172165036
1,0.24804100394248962
1,0.2479999966453761
1,0.24804100394248962
1,0.25499999173916876
1,0.25075001758523285
1,0.2479999966453761
1,0.2480830007698387
1,0.2480830007698387
1,0.2480420225765556
1,0.24808401940390468
1,0.24804100394248962
1,0.2507920144125819
1,0.24804199347272515
1,0.2480420225765556
1,0.24808297166600823
1,0.24804097483865917
1,0.24808401940390468
1,0.2480830007698387
1,0.2506250166334212
1,0.24804199347272515
1,0.2479999966453761
1,0.24812499759718776
1,0.24804100394248962
1,0.2506250166334212
1,0.2559589920565486
1,0.25070898118428886
1,0.2479999966453761
1,0.2479999966453761
1,0.2480830007698387
1,0.24804199347272515
1,0.24804100394248962
1,0.25066701346077025
1,0.2506669843569398
1,0.24795898934826255
1,0.2479999966453761
1,0.2479999966453761
1,0.24795799981802702
1,0.24795898934826255
1,0.2507090102881193
1,0.24795799981802702
1,0.2480830007698387
1,0.25312500656582415
1,0.24812499759718776
1,0.24804199347272515
1,0.24804100394248962
1,0.25079198530875146
1,0.24804199347272515
1,0.2506660239305347
1,0.24812499759718776
1,0.2479999966453761
1,0.2480830007698387
1,0.24804199347272515
1,0.25066701346077025
1,0.2480420225765556
1,0.2480830007698387
1,0.2480830007698387
1,0.24804097483865917
1,0.24804100394248962
1,0.24804199347272515
1,0.25012498372234404
1,0.2480830007698387
1,0.24800002574920654
1,0.2480830007698387
1,0.2479999966453761
1,0.24804100394248962
1,0.24804199347272515
1,0.24804199347272515
1,0.24808399030007422
1,0.2480420225765556
1,0.24804097483865917
1,0.2506249875295907
1,0.24804199347272515
1,0.24812499759718776
1,0.25066701346077025
1,0.24812499759718776
1,0.2479999966453761
1,0.2507499884814024
1,0.2480830007698387
1,0.2480830007698387
1,0.24804199347272515
1,0.2479999966453761
1,0.2480420225765556
1,0.24808401940390468
1,0.2506249875295907
1,0.24808399030007422
1,0.24808399030007422
1,0.24808399030007422
1,0.24808399030007422
1,0.2479999966453761
1,0.24812499759718776
1,0.2506669843569398
1,0.2480830007698387
1,0.2479999966453761
1,0.25391700910404325
1,0.24812499759718776
1,0.2567089977674186
1,0.2480830007698387
1,0.24804100394248962
1,0.2480830007698387
1,0.2549579949118197
1,0.2507090102881193
1,0.2480830007698387
1,0.24808399030007422
1,0.2480830007698387
1,0.2481660048943013
1,0.25066599482670426
1,0.24812502670101821
1,0.2479999966453761
1,0.24804100394248962
1,0.24812499759718776
1,0.2479999966453761
1,0.25070799165405333
1,0.25066701346077025
1,0.24804199347272515
1,0.2557499974500388
1,0.2479999966453761
1,0.2480830007698387
1,0.24800002574920654
1,0.2480420225765556
1,0.2480420225765556
1,0.24804100394248962
1,0.2556669933255762
1,0.2569170028436929
1,0.2479999966453761
1,0.2479999966453761
1,0.24795799981802702
1,0.24804199347272515
1,0.2479999966453761
1,0.25391700910404325
1,0.2555839892011136
1,0.25304200244136155
1,0.249041011556983
1,0.24804199347272515
1,0.24804100394248962
1,0.2479999966453761
1,0.2480420225765556
1,0.2479999966453761
1,0.2480830007698387
1,0.24804199347272515
1,0.25066701346077025
1,0.24804097483865917
1,0.24804199347272515
1,0.25070799165405333
1,0.2480830007698387
1,0.2506249875295907
1,0.2480830007698387
1,0.2480830007698387
1,0.2480830007698387
1,0.2506249875295907
1,0.24812499759718776
1,0.2480830007698387
1,0.2479999966453761
1,0.2480830007698387
1,0.24804100394248962
1,0.24812499759718776
1,0.2506250166334212
1,0.24808401940390468
1,0.2480830007698387
1,0.24812499759718776
1,0.24804199347272515
1,0.24800002574920654
1,0.24812499759718776
1,0.2480830007698387
1,0.2539590059313923
1,0.24812499759718776
1,0.24804100394248962
1,0.24804100394248962
1,0.24804199347272515
1,0.2507499884814024
1,0.2506250166334212
1,0.2480420225765556
1,0.24804199347272515
1,0.24804100394248962
1,0.24804199347272515
1,0.2479999966453761
1,0.2479999966453761
1,0.24804199347272515
1,0.2480830007698387
1,0.24804097483865917
1,0.24804199347272515
1,0.24804199347272515
1,0.2481660048943013
1,0.2480830007698387
1,0.24808399030007422
1,0.2480830007698387
1,0.2534580125939101
1,0.24812499759718776
1,0.2480830007698387
1,0.25850001838989556
1,0.24804100394248962
1,0.25070799165405333
1,0.2561250003054738
1,0.25075001758523285
1,0.24816699442453682
1,0.2480830007698387
1,0.24808399030007422
1,0.24804199347272515
1,0.24812499759718776
1,0.25049998657777905
1,0.25075001758523285
1,0.2524169976823032
1,0.2480830007698387
1,0.24800002574920654
1,0.2480420225765556
1,0.24808297166600823
1,0.24808401940390468
1,0.25066701346077025
1,0.2479999966453761
1,0.25070799165405333
1,0.24808399030007422
1,0.2479999966453761
1,0.2506669843569398
1,0.2480830007698387
1,0.2479999966453761
1,0.24804199347272515
1,0.2479999966453761
1,0.24804199347272515
1,0.2589579962659627
1,0.24804199347272515
1,0.24795799981802702
1,0.24804100394248962
1,0.2506249875295907
1,0.24804100394248962
1,0.24804199347272515
1,0.24804199347272515
1,0.2480830007698387
1,0.25066599482670426
1,0.24804199347272515
1,0.25070799165405333
1,0.24795799981802702
1,0.2481660048943013
1,0.25070799165405333
1,0.271833996521309
1,0.24191700504161417
1,0.25404099142178893
1,0.23366601089946926
1,0.2300000051036477
1,0.2296250022482127
1,0.22508300025947392
1,0.22233297931961715
1,0.22233399795368314
1,0.22237500525079668
1,0.2373750030528754
1,0.2223330084234476
1,0.24154101265594363
1,0.22733298828825355
1,0.24279201170429587
1,0.22237500525079668
1,0.2389579894952476
1,0.2433330228086561
1,0.23320899344980717
1,0.24466600734740496
1,0.23037500795908272
1,0.24812499759718776
1,0.23066598805598915
1,0.2460000105202198
1,0.24116600980050862
1,0.24258397752419114
1,0.24545899941585958
1,0.2377079799771309
1,0.24808401940390468
1,0.23504201089963317
1,0.24816702352836728
2,0.31058400054462254
2,0.32558300881646574
2,0.3230840084142983
2,0.3306659928057343
2,0.324332999298349
2,0.32724998891353607
2,0.32824999652802944
2,0.32304201158694923
2,0.3305420104879886
2,0.33804099075496197
2,0.33629199606366456
2,0.3260000084992498
2,0.5216249846853316
2,0.41737500578165054
2,0.31437500729225576
2,0.2753750013653189
2,0.2639169979374856
2,0.2557080006226897
2,0.2557920233812183
2,0.25579199427738786
2,0.2557499974500388
2,0.25579199427738786
2,0.288833980448544
2,0.25579100474715233
2,0.26608299231156707
2,0.28345800819806755
2,0.2675419964361936
2,0.2720409829635173
2,0.2970420173369348
2,0.2804580144584179
2,0.2705839870031923
2,0.2722090284805745
2,0.28533299337141216
2,0.2724159858189523
2,0.2650420065037906
2,0.28170799487270415
2,0.2839170047082007
2,0.2698750176932663
2,0.2760410134214908
2,0.2852079924196005
2,0.3019580035470426
2,0.3119169850833714
2,0.29458297649398446
2,0.2835420018527657
2,0.29170801280997694
2,0.3449999785516411
2,0.3123750211670995
2,0.2949170011561364
2,0.287750008283183
2,0.28554099844768643
2,0.30949999927543104
2,0.27383302222006023
2,0.29483300750143826
2,0.2954170049633831
2,0.3081670147366822
2,0.3122079942841083
2,0.2969999914057553
2,0.30079198768362403
2,0.3057910071220249
2,0.3161660279147327
2,0.30687497928738594
2,0.30120802694000304
2,0.32608298351988196
2,0.3195420140400529
2,0.31616599881090224
2,0.3189590061083436
2,0.3167919931001961
2,0.30458401306532323
2,0.31408300856128335
2,0.3110830148216337
2,0.3055419947486371
2,0.30083299498073757
2,0.3097080043517053
2,0.272915989626199
2,0.3055830020457506
2,0.3121670160908252
2,0.30779102235101163
2,0.31616698834113777
2,0.3102910122834146
2,0.3081659961026162
2,0.3057910071220249
2,0.3169999981764704
2,0.3160419873893261
2,0.3055419947486371
2,0.2623329928610474
2,0.272917008260265
2,0.31470900285057724
2,0.3056249988730997
2,0.359041994670406
2,0.2682920021470636
2,0.31933299032971263
2,0.262792018475011
2,0.2681250043679029
2,0.31491697882302105
2,0.31608299468643963
2,0.30554100521840155
2,0.305499997921288
2,0.2724159858189523
2,0.31608299468643963
2,0.26474997866898775
2,0.3079579910263419
2,0.31845798366703093
2,0.31412497628480196
2,0.2646660141181201
2,0.2647500077728182
2,0.2727499813772738
2,0.30787501600570977
2,0.30787501600570977
2,0.3082499897573143
2,0.31616698834113777
2,0.3157090104650706
2,0.30787501600570977
2,0.3079590096604079
2,0.2877919760067016
2,0.27120800223201513
2,0.31045801006257534
2,0.3154579899273813
2,0.3160419873893261
2,0.31575001776218414
2,0.3106249787379056
2,0.29958400409668684
2,0.3126660012640059
2,0.3160419873893261
2,0.30795802013017237
2,0.3106250078417361
2,0.2720420015975833
2,0.3191250143572688
2,0.3081669856328517
2,0.3079160233028233
2,0.31049997778609395
2,0.3187500115018338
2,0.31291699269786477
2,0.26950001483783126
2,0.26708299992606044
2,0.2634169941302389
2,0.2880420070141554
2,0.24454100639559329
2,0.2879170060623437
2,0.2833330072462559
2,0.28320797719061375
2,0.2859579981304705
2,0.2867919974960387
2,0.29533301130868495
2,0.2833330072462559
2,0.31254100031219423
2,0.2832910104189068
2,0.29200001154094934
2,0.31154201133176684
2,0.2964999875985086
2,0.25508299586363137
2,0.305499997921288
2,0.31599999056197703
2,0.3016250266227871
2,0.2860829990822822
2,0.28329199994914234
2,0.30362498364411294
2,0.24962497991509736
2,0.2972919901367277
2,0.2833749749697745
2,0.2833339967764914
2,0.24458402185700834
2,0.2833330072462559
2,0.2859999949578196
2,0.2833329781424254
2,0.30095799593254924
2,0.2859579981304705
2,0.30212500132620335
2,0.29041702509857714
2,0.30504100141115487
2,0.3054169937968254
2,0.30037498800083995
2,0.30045901075936854
2,0.31650002347305417
2,0.3147080133203417
2,0.2838340005837381
2,0.2835420018527657
2,0.2859999949578196
2,0.28329098131507635
2,0.30504100141115487
2,0.3054169937968254
2,0.30554202385246754
2,0.2836250059772283
2,0.28337500407360494
2,0.2859999949578196
2,0.2833339967764914
2,0.24449999909847975
2,0.2833339967764914
2,0.28337500407360494
2,0.2832080062944442
2,0.2835000050254166
2,0.24449999909847975
2,0.27054097154177725
2,0.285916990833357
2,0.2869160089176148
2,0.2722080098465085
2,0.28337500407360494
2,0.3002499870490283
2,0.2966670144814998
2,0.3030420048162341
2,0.29458399512805045
2,0.25266699958592653
2,0.3036659909412265
2,0.2895410289056599
2,0.2975410025101155
2,0.2539590059313923
2,0.3107920056208968
2,0.30899999546818435
2,0.292833021376282
2,0.2569170028436929
2,0.28237502556294203
2,0.3005000180564821
2,0.3080420137848705
2,0.3019580035470426
2,0.31525001395493746
2,0.3019590221811086
2,0.3007079940289259
2,0.3013749956153333
2,0.27279098867438734
2,0.30541702290065587
2,0.26016600895673037
2,0.30845898436382413
2,0.31604099785909057
2,0.25820801965892315
2,0.30066698673181236
2,0.3214159805793315
2,0.308749993564561
2,0.3023330064024776
2,0.30341598903760314
2,0.310166971758008
2,0.3160419873893261
2,0.2647079818416387
2,0.30066698673181236
2,0.3110000106971711
2,0.31870900420472026
2,0.2631249953992665
2,0.30066698673181236
2,0.27137500001117587
2,0.3147080133203417
2,0.3007090126629919
2,0.26324999635107815
2,0.31599999056197703
2,0.30812498880550265
2,0.3006670158356428
2,0.265290989773348
2,0.31620802474208176
2,0.3063750045839697
2,0.305499997921288
2,0.28741700225509703
2,0.3165840171277523
2,0.2835420018527657
2,0.2859999949578196
2,0.28329199994914234
2,0.24454202502965927
2,0.28329199994914234
2,0.24716698681004345
2,0.2833339967764914
2,0.28345800819806755
2,0.2834160113707185
2,0.28337500407360494
2,0.28337500407360494
2,0.29829199775122106
2,0.28329199994914234
2,0.30700000934302807
2,0.28779200511053205
2,0.24445800227113068
2,0.3186670073773712
2,0.28329098131507635
2,0.29641599394381046
2,0.31270799809135497
2,0.2909159811679274
2,0.2941249986179173
2,0.2983330050483346
2,0.3115000145044178
2,0.2891249896492809
2,0.29395901947282255
2,0.2655420103110373
2,0.3187500115018338
2,0.2595839905552566
2,0.2553749945946038
2,0.31200001831166446
2,0.2650420065037906
2,0.29349999385885894
2,0.30237497412599623
2,0.27287498232908547
2,0.2997079864144325
2,0.29358299798332155
2,0.3100830072071403
2,0.3132919955532998
2,0.2974579983856529
2,0.30079198768362403
2,0.3060000017285347
2,0.3138750034850091
2,0.2980419958475977
2,0.304083019727841
2,0.2935000229626894
2,0.30504100141115487
2,0.2449160092510283
2,0.2835830091498792
2,0.28337500407360494
2,0.24458300322294235
2,0.293916993541643
2,0.28337500407360494
2,0.2833330072462559
2,0.2833330072462559
2,0.30354101909324527
2,0.2833330072462559
2,0.2582500164862722
2,0.2590410003904253
2,0.3033340035472065
2,0.283792003756389
2,0.2934579970315099
2,0.30499999411404133
2,0.26204201276414096
2,0.29387499671429396
2,0.2601669984869659
2,0.31379199936054647
2,0.26454200269654393
2,0.29616698157042265
2,0.30333298491314054
2,0.3186250105500221
2,0.3212910087313503
2,0.26354199508205056
2,0.2649580128490925
2,0.272915989626199
2,0.2598749997559935
2,0.26254099793732166
2,0.3187079855706543
2,0.29908298165537417
2,0.3007500199601054
2,0.30416701338253915
2,0.3182919754181057
2,0.25929202092811465
2,0.3006670158356428
2,0.268208998022601
2,0.3157090104650706
2,0.2600419975351542
2,0.3007079940289259
2,0.2754580054897815
2,0.30724998214282095
2,0.3155419835820794
2,0.2889159950427711
2,0.303333014016971
2,0.2449160092510283
2,0.2860839886125177
2,0.2833330072462559
2,0.2835000050254166
2,0.2859999949578196
2,0.2833329781424254
2,0.2833330072462559
2,0.2859579981304705
2,0.28337500407360494
2,0.3030420048162341
2,0.28329098131507635
2,0.28966699028387666
2,0.3030840016435832
2,0.2833330072462559
2,0.3072079853154719
2,0.253041012911126
2,0.2743749937508255
2,0.30270899878814816
2,0.2903339918702841
2,0.2632089890539646
2,0.31608398421667516
2,0.27037502150051296
2,0.30066698673181236
2,0.30812498880550265
2,0.29749999521300197
2,0.2663749910425395
2,0.29887500568293035
2,0.31233299523591995
2,0.2642500039655715
2,0.30070802313275635
2,0.2663329942151904
2,0.2699169854167849
2,0.3007090126629919
2,0.2968749904539436
2,0.31329100602306426
2,0.31429098453372717
2,0.29424999956972897
2,0.30066698673181236
2,0.309124996419996
2,0.2672499977052212
2,0.3007079940289259
2,0.30066698673181236
2,0.3123750211670995
2,0.31716699595563114
2,0.3007089835591614
2,0.25837498833425343
2,0.3143330104649067
2,0.31008399673737586
2,0.30074999085627496
2,0.30070802313275635
2,0.32216700492426753
2,0.30595800490118563
2,0.27925000176765025
2,0.30079198768362403
2,0.3121249901596457
2,0.312374992063269
2,0.3006670158356428
2,0.3006670158356428
2,0.27408302412368357
2,0.31508298707194626
2,0.30066698673181236
2,0.3006249899044633
2,0.3118750173598528
2,0.315249984851107
2,0.2598330029286444
2,0.2622090105433017
2,0.28266600565984845
2,0.2647919754963368
2,0.30083401361480355
2,0.2717080060392618
2,0.3146250091958791
2,0.3054160042665899
2,0.30333298491314054
2,0.3115000145044178
2,0.2724170044530183
2,0.3081250179093331
2,0.26125001022592187
2,0.31604099785909057
2,0.2661659964360297
2,0.3055419947486371
2,0.30625000363215804
2,0.3186670073773712
2,0.30849999166093767
2,0.30545800109393895
2,0.30566597706638277
2,0.3157079918310046
2,0.31625002156943083
2,0.25979100610129535
2,0.32429100247099996
2,0.32037499477155507
2,0.31683300039730966
2,0.3006670158356428
2,0.30070802313275635
2,0.27275001048110425
2,0.31295898952521384
2,0.264959002379328
2,0.3050419909413904
2,0.27541699819266796
2,0.3074590058531612
2,0.3055830020457506
2,0.3063750045839697
2,0.31866601784713566
2,0.31087498064152896
2,0.3081659961026162
2,0.2635840210132301
2,0.27283301460556686
2,0.3110419784206897
2,0.2622499887365848
2,0.31920900801196694
2,0.2764999808277935
2,0.26229198556393385
2,0.3067079815082252
2,0.3160419873893261
2,0.31308300094679
2,0.30808401061221957
2,0.3030410152859986
2,0.3155000158585608
2,0.31208398286253214
2,0.30074999085627496
2,0.2622909960336983
2,0.31683300039730966
2,0.3152920107822865
2,0.3055419947486371
2,0.3055830020457506
2,0.3209999995306134
2,0.31604201649315655
2,0.30229100957512856
2,0.263167021330446
2,0.31133301672525704
2,0.31604099785909057
2,0.3056660061702132
2,0.30545800109393895
2,0.2691670088097453
2,0.32354198629036546
2,0.305499997921288
2,0.31162501545622945
2,0.3077909932471812
2,0.27275001048110425
2,0.30554202385246754
2,0.26491700555197895
2,0.3122909984085709
2,0.2843340043909848
2,0.30554202385246754
2,0.26225001784041524
2,0.2727920073084533
2,0.308374990709126
2,0.30545800109393895
2,0.3056249988730997
2,0.3187500115018338
2,0.30733400490134954
2,0.2622079919092357
2,0.27787499129772186
2,0.3160840133205056
2,0.3100000030826777
2,0.30545800109393895
2,0.3256250056438148
2,0.3160830237902701
2,0.3132089914288372
2,0.30820799292996526
2,0.30066698673181236
2,0.27816701913252473
2,0.3153329889755696
2,0.3082500188611448
2,0.30566699570044875
2,0.3152920107822865
2,0.3160840133205056
2,0.3055419947486371
2,0.3054589906241745
2,0.2700829936657101
2,0.27545797638595104
2,0.3080829919781536
2,0.26266599888913333
2,0.2727920073084533
2,0.3090419922955334
2,0.30812498880550265
2,0.30887502362020314
2,0.31608299468643963
2,0.3108329838141799
2,0.30554202385246754
2,0.30804198468104005
2,0.27275001048110425
2,0.31025000498630106
2,0.30554202385246754
2,0.3032500098925084
2,0.3158329927828163
2,0.27029201737605035
2,0.3080829919781536
2,0.26483400142751634
2,0.3162079956382513
2,0.26587501633912325
2,0.3055830020457506
2,0.3089579986408353
2,0.31604099785909057
2,0.2646659850142896
2,0.307999987853691
2,0.31012497493065894
2,0.31604099785909057
2,0.30691700521856546
2,0.30554100521840155
2,0.3066670033149421
2,0.31608299468643963
2,0.26695799897424877
2,0.30545800109393895
2,0.30791701283305883
2,0.31604099785909057
2,0.309124996419996
2,0.2622920146677643
2,0.30887502362020314
2,0.2727499813772738
2,0.2646249777171761
2,0.2630829985719174
2,0.3160419873893261
2,0.31304199364967644
2,0.30820901156403124
2,0.3057089925277978
2,0.31445801141671836
2,0.3147499810438603
2,0.3055830020457506
2,0.3055419947486371
2,0.2726250095292926
2,0.31358300475403666
2,0.3054169937968254
2,0.3055419947486371
2,0.3126250230707228
2,0.31033300911076367
2,0.3056249988730997
2,0.30308301211334765
2,0.27120899176225066
2,0.31870900420472026
2,0.2622079919092357
2,0.31791700166650116
2,0.315249984851107
2,0.316041026962921
2,0.305499997921288
2,0.3055419947486371
2,0.27024999144487083
2,0.2724590012803674
2,0.30820901156403124
2,0.3081659961026162
2,0.3137500025331974
2,0.3207499976269901
2,0.2625000197440386
2,0.3081670147366822
2,0.3166660026181489
2,0.31566701363772154
2,0.3055830020457506
2,0.305499997921288
2,0.31025000498630106
2,0.31874998239800334
2,0.3068750083912164
2,0.3078749869018793
2,0.3063329786527902
2,0.3160419873893261
2,0.27208300889469683
2,0.3055830020457506
2,0.30704098753631115
2,0.31604201649315655
2,0.3099169989582151
2,0.30554100521840155
2,0.30820799292996526
2,0.3158329927828163
2,0.3161670174449682
2,0.3055419947486371
2,0.305499997921288
2,0.31462498009204865
2,0.27283301460556686
2,0.3104170027654618
2,0.3055419947486371
2,0.31204201513901353
2,0.31862498144619167
2,0.305499997921288
2,0.3054589906241745
2,0.3082499897573143
2,0.2753750013653189
2,0.3081669856328517
2,0.3081250179093331
2,0.30849999166093767
2,0.31608299468643963
2,0.30849999166093767
2,0.30812498880550265
2,0.3055409761145711
2,0.31862498144619167
2,0.3126250230707228
2,0.30554100521840155
2,0.30808302108198404
2,0.27279098867438734
2,0.31695800134912133
2,0.2622499887365848
2,0.2667090157046914
2,0.3160000196658075
2,0.30983402393758297
2,0.30554100521840155
2,0.26716699358075857
2,0.3212080046068877
2,0.3070840029977262
2,0.26491700555197895
2,0.3105420037172735
2,0.2728329855017364
2,0.3079579910263419
2,0.30537499696947634
2,0.31120801577344537
2,0.3187089751008898
2,0.30608297674916685
2,0.2622920146677643
2,0.311999989207834
2,0.3160840133205056
2,0.3079579910263419
2,0.3054160042665899
2,0.308374990709126
2,0.31599999056197703
2,0.30858299578540027
2,0.2623329928610474
2,0.30995800625532866
2,0.3161249915137887
2,0.2641669998411089
2,0.2623329928610474
2,0.3210419963579625
2,0.31604201649315655
2,0.3054589906241745
2,0.305499997921288
2,0.32049999572336674
2,0.29120902763679624
2,0.28454099083319306
2,0.2834589977283031
2,0.2833330072462559
2,0.28337500407360494
2,0.24454199592582881
2,0.3071249811910093
2,0.2833339967764914
2,0.29958298546262085
2,0.3015830006916076
2,0.31754199881106615
2,0.30241700005717576
2,0.2934579970315099
2,0.30395801877602935
2,0.3138750034850091
2,0.31058400054462254
2,0.30074999085627496
2,0.30329098808579147
2,0.3117079904768616
2,0.26954198256134987
2,0.30554100521840155
2,0.3034999826923013
2,0.31362500158138573
2,0.3108750097453594
2,0.30545800109393895
2,0.305499997921288
2,0.27799999224953353
2,0.3187079855706543
2,0.30554202385246754
2,0.3031250089406967
2,0.3110419784206897
2,0.31866601784713566
2,0.26283299666829407
2,0.3081669856328517
2,0.311624986352399
2,0.3160419873893261
2,0.30558399157598615
2,0.3054589906241745
2,0.3106250078417361
2,0.31608299468643963
2,0.3090419922955334
2,0.26225001784041524
2,0.3090410027652979
2,0.3186670073773712
2,0.30829099705442786
2,0.26220898143947124
2,0.30995800625532866
2,0.2727910177782178
2,0.3105420037172735
2,0.3081250179093331
2,0.3102089976891875
2,0.31604099785909057
2,0.3120840119663626
2,0.307999987853691
2,0.3105420037172735
2,0.3160419873893261
2,0.31429200316779315
2,0.3055830020457506
2,0.30554202385246754
2,0.31350000062957406
2,0.3157499886583537
2,0.305499997921288
2,0.30791701283305883
2,0.3098339948337525
2,0.3187500115018338
2,0.30995800625532866
2,0.2647079818416387
2,0.31016700086183846
2,0.31608299468643963
2,0.30966600752435625
2,0.30791599419899285
2,0.30862499261274934
2,0.31608299468643963
2,0.3110830148216337
2,0.30791701283305883
2,0.305499997921288
2,0.3147499810438603
2,0.31604099785909057
2,0.3101250040344894
2,0.30554202385246754
2,0.310583011014387
2,0.31604099785909057
2,0.30891699134372175
2,0.30545800109393895
2,0.3078749869018793
2,0.31608398421667516
2,0.3230840084142983
2,0.264957983745262
2,0.3079579910263419
2,0.3161249915137887
2,0.3133330028504133
2,0.3076659922953695
2,0.30791599419899285
2,0.3140829794574529
2,0.27212497661821544
2,0.2697079908102751
2,0.30787501600570977
2,0.31595799373462796
2,0.31604099785909057
2,0.3079169837292284
2,0.3105000068899244
2,0.31362500158138573
2,0.315624987706542
2,0.3079169837292284
2,0.2646249777171761
2,0.27795898495242
2,0.31608398421667516
2,0.3078749869018793
2,0.30800001695752144
2,0.31608299468643963
2,0.31608299468643963
2,0.26470900047570467
2,0.30791599419899285
2,0.31624999246560037
2,0.3160840133205056
2,0.3078749869018793
2,0.3106250078417361
2,0.30870799673721194
2,0.31604099785909057
2,0.2674999996088445
2,0.3106249787379056
2,0.31145798857323825
2,0.31608398421667516
2,0.31116700847633183
2,0.3079579910263419
2,0.3078749869018793
2,0.3186670073773712
2,0.3157080209348351
2,0.3079579910263419
2,0.3078749869018793
2,0.31183299142867327
2,0.3217079793103039
2,0.3062910109292716
2,0.3079579910263419
2,0.30795802013017237
2,0.3186670073773712
2,0.31274999491870403
2,0.30787501600570977
2,0.307999987853691
2,0.314499979140237
2,0.31604201649315655
2,0.30791599419899285
2,0.3105409850832075
2,0.3099169989582151
2,0.31595799373462796
2,0.30949999927543104
2,0.30791701283305883
2,0.3105000068899244
2,0.31599999056197703
2,0.2707499952521175
2,0.31029200181365013
2,0.30783299007453024
2,0.3160419873893261
2,0.31154099269770086
2,0.30791599419899285
2,0.3078749869018793
2,0.3140839980915189
2,0.27758401120081544
2,0.3080409951508045
2,0.3078749869018793
2,0.31383297755382955
2,0.31595799373462796
2,0.3079579910263419
2,0.2646249777171761
2,0.31441598548553884
2,0.31599999056197703
2,0.30800001695752144
2,0.30862499261274934
2,0.3104160132352263
2,0.31599999056197703
2,0.31454101554118097
2,0.30787501600570977
2,0.310583011014387
2,0.31866601784713566
2,0.3214169992133975
2,0.264583999523893
2,0.308041024254635
2,0.3160830237902701
2,0.31462498009204865
2,0.30779201188124716
2,0.26729199453257024
2,0.3160830237902701
2,0.31491697882302105
2,0.30783400870859623
2,0.3079169837292284
2,0.3146669769193977
2,0.3160419873893261
2,0.3078749869018793
2,0.3079160233028233
2,0.30791599419899285
2,0.31604099785909057
2,0.3120840119663626
2,0.3078749869018793
2,0.3079169837292284
2,0.31812500674277544
2,0.31599999056197703
2,0.3106660151388496
2,0.30791599419899285
2,0.31129198032431304
2,0.31604099785909057
2,0.3088749945163727
2,0.3079579910263419
2,0.30800001695752144
2,0.3187079855706543
2,0.315624987706542
2,0.30791599419899285
2,0.3080420137848705
2,0.3167919931001961
2,0.3161249915137887
2,0.3138750034850091
2,0.3079169837292284
2,0.30899999546818435
2,0.3186250105500221
2,0.31087498064152896
2,0.31075000879354775
2,0.30791701283305883
2,0.3160840133205056
2,0.3155000158585608
2,0.3106249787379056
2,0.30795898055657744
2,0.3119169850833714
2,0.31599999056197703
2,0.31058298191055655
2,0.2670419926289469
2,0.31191701418720186
2,0.3282079997006804
2,0.26562498533166945
2,0.31033300911076367
2,0.31075000879354775
2,0.31608299468643963
2,0.3091250255238265
2,0.30787501600570977
2,0.307999987853691
2,0.31608299468643963
2,0.26983299176208675
2,0.31283299904316664
2,0.30791701283305883
2,0.3160000196658075
2,0.27041698922403157
2,0.3102910122834146
2,0.3106660151388496
2,0.2727920073084533
2,0.3095419961027801
2,0.30783400870859623
2,0.3107079828623682
2,0.3160419873893261
2,0.31358300475403666
2,0.3079579910263419
2,0.30795898055657744
2,0.3142500063404441
2,0.31608299468643963
2,0.30783299007453024
2,0.30787501600570977
2,0.31037500593811274
2,0.27275001048110425
2,0.3103329800069332
2,0.307999987853691
2,0.31516599119640887
2,0.31608299468643963
2,0.30908299959264696
2,0.3079579910263419
2,0.30787501600570977
2,0.321084022289142
2,0.31400000443682075
2,0.307999987853691
2,0.30791599419899285
2,0.2727920073084533
2,0.32658400596119463
2,0.2646670036483556
2,0.30791599419899285
2,0.3160840133205056
2,0.27141699683852494
2,0.3103339986409992
2,0.3078749869018793
2,0.31599999056197703
2,0.3147500101476908
2,0.31037500593811274
2,0.3105000068899244
2,0.3123750211670995
2,0.31599999056197703
2,0.3078749869018793
2,0.3082500188611448
2,0.3105000068899244
2,0.2727920073084533
2,0.3129579999949783
2,0.3079579910263419
2,0.30791599419899285
2,0.3160419873893261
2,0.33237499883398414
2,0.2533750084694475
2,0.3108329838141799
2,0.2833749749697745
2,0.24458300322294235
2,0.2833339967764914
2,0.28329199994914234
2,0.2858749940060079
2,0.2832080062944442
2,0.2833339967764914
2,0.24458300322294235
2,0.24449999909847975
2,0.3052079991903156
2,0.28329199994914234
2,0.2853750193025917
2,0.30495799728669226
2,0.2859999949578196
2,0.305124995065853
2,0.2938329998869449
2,0.285916990833357
2,0.3162079956382513
2,0.2460419782437384
2,0.29820899362675846
2,0.30779201188124716
2,0.3012089873664081
2,0.2961249847430736
2,0.30250000418163836
2,0.3055419947486371
2,0.29499997617676854
2,0.2934579970315099
2,0.30683301156386733
2,0.2703749923966825
2,0.2644999767653644
2,0.259166001342237
2,0.27279197820462286
2,0.2634999982547015
2,0.2983339945785701
2,0.30916702235117555
2,0.2748749975580722
2,0.3006249899044633
2,0.29829199775122106
2,0.31191599555313587
2,0.31075000879354775
2,0.3007079940289259
2,0.25837498833425343
2,0.31891700928099453
2,0.3064999764319509
2,0.30087499180808663
4,0.31037500593811274
4,0.31016700086183846
4,0.31020797905512154
4,0.3100419999100268
4,0.31012497493065894
4,0.31412497628480196
4,0.3209999995306134
4,0.32216598629020154
4,0.3339169779792428
4,0.34816699917428195
4,0.3093330014962703
4,0.40170797728933394
4,0.3539999888744205
4,0.2920829865615815
4,0.2921670093201101
4,0.2943330036941916
4,0.29429199639707804
4,0.302250002278015
4,0.30625000363215804
4,0.29162500868551433
4,0.3189580165781081
4,0.3236250195186585
4,0.33145901397801936
4,0.3202920197509229
4,0.3226670087315142
4,0.31595799373462796
4,0.31174998730421066
4,0.31008399673737586
4,0.31008399673737586
4,0.31495801522396505
4,0.3100000030826777
4,0.33554199035279453
4,0.314499979140237
4,0.29370898846536875
4,0.3103339986409992
4,0.30412498745135963
4,0.3040000156033784
4,0.3058339934796095
4,0.3730829921551049
4,0.3220000071451068
4,0.29262498719617724
4,0.2990830107592046
4,0.29512500623241067
4,0.3027500060852617
4,0.2916670055128634
4,0.32804100192151964
4,0.29174998053349555
4,0.3177909820806235
4,0.29237501439638436
4,0.30283399973995984
4,0.3028330102097243
4,0.3062910109292716
4,0.3312920161988586
4,0.3307499864604324
4,0.31725000008009374
4,0.3220840007998049
4,0.33391700708307326
4,0.32391701824963093
4,0.324332999298349
4,0.3227920096833259
4,0.3142500063404441
4,0.31033300911076367
4,0.3100000030826777
4,0.3218329802621156
4,0.31016601133160293
4,0.31004101037979126
4,0.3111669793725014
4,0.31504101934842765
4,0.3189999843016267
4,0.3229590074624866
4,0.32537500374019146
4,0.325416011037305
4,0.32537500374019146
4,0.321749976137653
4,0.3453750105109066
4,0.29329099925234914
4,0.2924999862443656
4,0.2917909878306091
4,0.2917919773608446
4,0.2917079837061465
4,0.2943339932244271
4,0.2996660186909139
4,0.3065839991904795
4,0.2929170150309801
4,0.30016701202839613
4,0.30608399538323283
4,0.2945830055978149
4,0.32087499857880175
4,0.31616698834113777
4,0.3244170220568776
4,0.3052910033147782
4,0.31391700031235814
4,0.30437501845881343
4,0.3028749779332429
4,0.30279200291261077
4,0.3049589868169278
4,0.3340410185046494
4,0.3132499987259507
4,0.29183400329202414
4,0.29170801280997694
4,0.29429199639707804
4,0.29191700741648674
4,0.29162500868551433
4,0.3019580035470426
4,0.2943330036941916
4,0.3140839980915189
4,0.3135419974569231
4,0.3136669984087348
4,0.32279198057949543
4,0.3186250105500221
4,0.31162501545622945
4,0.3207499976269901
4,0.2944160078186542
4,0.2944169973488897
4,0.29170900234021246
4,0.2916670055128634
4,0.291750009637326
4,0.320708000799641
4,0.2922500134445727
4,0.31841700547374785
4,0.3028330102097243
4,0.30279200291261077
4,0.30733400490134954
4,0.3180830099154264
4,0.31549998675473034
4,0.3193340089637786
4,0.3231659939046949
4,0.32420799834653735
4,0.32550000469200313
4,0.3253340255469084
4,0.3213339950889349
4,0.3241669910494238
4,0.32008299604058266
4,0.3164580266457051
4,0.314916018396616
4,0.3174169978592545
4,0.3147919778712094
4,0.3148330142721534
4,0.31483397469855845
4,0.3148330142721534
4,0.3174169978592545
4,0.3192500153090805
4,0.3229159920010716
4,0.32537500374019146
4,0.3299579839222133
4,0.3254170005675405
4,0.32237498089671135
4,0.32225000904873013
4,0.30537499696947634
4,0.31424997723661363
4,0.2917909878306091
4,0.29429199639707804
4,0.29429199639707804
4,0.3010840155184269
4,0.3121249901596457
4,0.29437500052154064
4,0.31270799809135497
4,0.29570801416411996
4,0.30283399973995984
4,0.3100419999100268
4,0.3149579861201346
4,0.3189999843016267
4,0.3209169954061508
4,0.3254170005675405
4,0.3282079997006804
4,0.3237919881939888
4,0.330082984874025
4,0.2981669967994094
4,0.29174998053349555
4,0.2916659868787974
4,0.29624998569488525
4,0.31504101934842765
4,0.29166601598262787
4,0.3254170005675405
4,0.3184590023010969
4,0.31362500158138573
4,0.30870799673721194
4,0.305499997921288
4,0.3126660012640059
4,0.3100409812759608
4,0.3100419999100268
4,0.31066700466908514
4,0.3151250130031258
4,0.3217920020688325
4,0.3295839997008443
4,0.3212089941371232
4,0.291750009637326
4,0.29799999902024865
4,0.291750009637326
4,0.32058299984782934
4,0.3512499970383942
4,0.34316600067541003
4,0.32787499367259443
4,0.3034170076716691
4,0.3105420037172735
4,0.3157079918310046
4,0.3202920197509229
4,0.32166700111702085
4,0.3254579787608236
4,0.3253330069128424
4,0.32383299549110234
4,0.3172919969074428
4,0.3160840133205056
4,0.2919169783126563
4,0.29858300695195794
4,0.2916249795816839
4,0.29670799267478287
4,0.31712499912828207
4,0.32195798121392727
4,0.31624999246560037
4,0.3089589881710708
4,0.31241701799444854
4,0.30504100141115487
4,0.3100830072071403
4,0.3028750070370734
4,0.31012497493065894
4,0.30999997397884727
4,0.3124999930150807
4,0.3167919931001961
4,0.3212499723304063
4,0.3253330069128424
4,0.3250839945394546
4,0.2918330137617886
4,0.2934589865617454
4,0.291708973236382
4,0.2916249795816839
4,0.3116670122835785
4,0.30154199339449406
4,0.32329201349057257
4,0.309124996419996
4,0.3242919920012355
4,0.3201250219717622
4,0.308749993564561
4,0.3128749958705157
4,0.3148330142721534
4,0.3127919917460531
4,0.31004101037979126
4,0.3149170079268515
4,0.314874981995672
4,0.3490000090096146
4,0.3185420064255595
4,0.2917079837061465
4,0.2944160078186542
4,0.2966250176541507
4,0.3041660238523036
4,0.29729201924055815
4,0.300416984828189
4,0.31241701799444854
4,0.31479200697503984
4,0.31949998810887337
4,0.3267079882789403
4,0.3248749999329448
4,0.3202499938197434
4,0.3205419925507158
4,0.314208009513095
4,0.31004101037979126
4,0.3148330142721534
4,0.3099589957855642
4,0.2987500047311187
4,0.3082499897573143
4,0.29166697640903294
4,0.29424999956972897
4,0.29158301185816526
4,0.3140839980915189
4,0.29254198307171464
4,0.3055830020457506
4,0.3028750070370734
4,0.31004101037979126
4,0.3107499796897173
4,0.3153329889755696
4,0.3227500128559768
4,0.3237089840695262
4,0.32529199961572886
4,0.32545800786465406
4,0.32629197812639177
4,0.3152090066578239
4,0.32862499938346446
4,0.29358299798332155
4,0.291750009637326
4,0.291708973236382
4,0.2966670144814998
4,0.31624999246560037
4,0.31204198603518307
4,0.30341697856783867
4,0.30949999927543104
4,0.30279200291261077
4,0.3028750070370734
4,0.30995800625532866
4,0.30662500648759305
4,0.31162501545622945
4,0.31595901236869395
4,0.32045799889601767
4,0.32479199580848217
4,0.32537500374019146
4,0.3247909771744162
4,0.31674999627284706
4,0.32199997804127634
4,0.31891700928099453
4,0.31504101934842765
4,0.31487501109950244
4,0.3149170079268515
4,0.3199159982614219
4,0.31704199500381947
4,0.314874981995672
4,0.31479200697503984
4,0.3177500038873404
4,0.32429202110506594
4,0.3251669986639172
4,0.3254170005675405
4,0.3254579787608236
4,0.32295897835865617
4,0.3194579912815243
4,0.3209589922334999
4,0.3175420279148966
4,0.31725000008009374
4,0.3148330142721534
4,0.314916018396616
4,0.3173750010319054
4,0.31958299223333597
4,0.31970799318514764
4,0.3189590061083436
4,0.322541018249467
4,0.3253339964430779
4,0.33066701143980026
4,0.3279999946244061
4,0.3254170005675405
4,0.3204170207027346
4,0.31650002347305417
4,0.3222909872420132
4,0.32225000904873013
4,0.3200420178472996
4,0.31487501109950244
4,0.31716699595563114
4,0.3149170079268515
4,0.31754199881106615
4,0.31725000008009374
4,0.3237919881939888
4,0.3247499989811331
4,0.32550000469200313
4,0.32537500374019146
4,0.325374974636361
4,0.3252500027883798
4,0.3191250143572688
4,0.3172089927829802
4,0.3173339937347919
4,0.31725000008009374
4,0.3175000019837171
4,0.3199170168954879
4,0.3544169885572046
4,0.3148330142721534
4,0.3149579861201346
4,0.3199159982614219
4,0.32020799699239433
4,0.32354198629036546
4,0.3253339964430779
4,0.32787499367259443
4,0.3254170005675405
4,0.32320801983587444
4,0.32254200777970254
4,0.3172080032527447
4,0.31725000008009374
4,0.3197499900124967
4,0.3196659963577986
4,0.31970799318514764
4,0.3197080222889781
4,0.3196669858880341
4,0.3290830063633621
4,0.3251250018365681
4,0.3226249828003347
4,0.32537500374019146
4,0.33233300200663507
4,0.338415993610397
4,0.32804199145175517
4,0.3260000084992498
4,0.3200420178472996
4,0.3172919969074428
4,0.31729202601127326
4,0.31983302324078977
4,0.3172909782733768
4,0.31712499912828207
4,0.3172919969074428
4,0.31725000008009374
4,0.3198329941369593
4,0.3202499938197434
4,0.3401669964659959
4,0.3114170103799552
4,0.2922080166172236
4,0.315624987706542
4,0.2944160078186542
4,0.3100419999100268
4,0.3028330102097243
4,0.31262499396689236
4,0.3148340038023889
4,0.31562501681037247
4,0.3195409954059869
4,0.32300001475960016
4,0.32862499938346446
4,0.32545800786465406
4,0.32545800786465406
4,0.32220801222138107
4,0.32354198629036546
4,0.3151660203002393
4,0.36299999919719994
4,0.296416983474046
4,0.2953329822048545
4,0.29454100877046585
4,0.297166989184916
4,0.2945000014733523
4,0.3319580282550305
4,0.2971670182887465
4,0.32179197296500206
4,0.2944169973488897
4,0.31316702370531857
4,0.30870901537127793
4,0.3132499987259507
4,0.30949999927543104
4,0.31379100983031094
4,0.3175000019837171
4,0.3238340141251683
4,0.3271249879617244
4,0.3355000226292759
4,0.32854199525900185
4,0.3284580016043037
4,0.3287079744040966
4,0.3228750138077885
4,0.3169999981764704
4,0.3181670035701245
4,0.32395901507698
4,0.31804200261831284
4,0.3179159830324352
4,0.3180830099154264
4,0.3179580089636147
4,0.31791700166650116
4,0.31791601213626564
4,0.31937501626089215
4,0.32391701824963093
4,0.3248330031055957
4,0.32812499557621777
4,0.3330000035930425
4,0.3285410057287663
4,0.3280840173829347
4,0.32579200342297554
4,0.3224580141250044
4,0.3192500153090805
4,0.3206249966751784
4,0.32966601429507136
4,0.3179580089636147
4,0.31800000579096377
4,0.3179159830324352
4,0.3205840184818953
4,0.3179580089636147
4,0.31795797985978425
4,0.3198749909643084
4,0.32291602110490203
4,0.32579098478890955
4,0.33420900581404567
4,0.3284999984316528
4,0.32854199525900185
4,0.3284169943071902
4,0.32579200342297554
4,0.3252080059610307
4,0.322166015394032
4,0.31887501245364547
4,0.32037499477155507
4,0.32041699159890413
4,0.3204160020686686
4,0.32058299984782934
4,0.3205419925507158
4,0.31795797985978425
4,0.3206249966751784
4,0.3178750048391521
4,0.3231670125387609
4,0.3234169853385538
4,0.33158299629576504
4,0.3284169943071902
4,0.33179199090227485
4,0.3284999984316528
4,0.3284169943071902
4,0.32420799834653735
4,0.3234169853385538
4,0.32295798882842064
4,0.32045799889601767
4,0.32029199064709246
4,0.32037499477155507
4,0.3282919933553785
4,0.3180829808115959
4,0.32300001475960016
4,0.320332997944206
4,0.31791700166650116
4,0.32291701063513756
4,0.3249589935876429
4,0.32974997884593904
4,0.3270830202382058
4,0.3285410057287663
4,0.3311250184196979
4,0.32854199525900185
4,0.3284999984316528
4,0.3257500065956265
4,0.3229580179322511
4,0.320332997944206
4,0.32037499477155507
4,0.3233750176150352
4,0.3203750238753855
4,0.32033398747444153
4,0.3202499938197434
4,0.32041699159890413
4,0.32037499477155507
4,0.32049999572336674
4,0.34495798172429204
4,0.32254200777970254
4,0.3254170005675405
4,0.33487501787021756
4,0.33049998455680907
4,0.3397499967832118
4,0.32845899113453925
4,0.334459007717669
4,0.3270419838372618
4,0.32408401602879167
4,0.3209999995306134
4,0.3205419925507158
4,0.32295897835865617
4,0.3204160020686686
4,0.32029199064709246
4,0.32045799889601767
4,0.3229159920010716
4,0.32037499477155507
4,0.3258340002503246
4,0.32041699159890413
4,0.3238749923184514
4,0.32391701824963093
4,0.3267909924034029
4,0.3284580016043037
4,0.33116701524704695
4,0.33454099320806563
4,0.32854199525900185
4,0.32683301833458245
4,0.32645801547914743
4,0.3238330245949328
4,0.3204160020686686
4,0.3202920197509229
4,0.3204589884262532
4,0.32041699159890413
4,0.32029199064709246
4,0.3242499951738864
4,0.32037499477155507
4,0.320332997944206
4,0.3202920197509229
4,0.32125000143423676
4,0.3240829973947257
4,0.3267499851062894
4,0.3285410057287663
4,0.32854199525900185
4,0.3284169943071902
4,0.32854097662493587
4,0.3319589886814356
4,0.3270410234108567
4,0.32166598248295486
4,0.32308301888406277
4,0.3202499938197434
4,0.3230829897802323
4,0.32029199064709246
4,0.34425000194460154
4,0.32037499477155507
4,0.320332997944206
4,0.32037499477155507
4,0.3229159920010716
4,0.3203750238753855
4,0.3215830074623227
4,0.32712501706555486
4,0.32725001801736653
4,0.3284999984316528
4,0.3311249893158674
4,0.3284999984316528
4,0.3284580016043037
4,0.32579101389274
4,0.3250839945394546
4,0.320332997944206
4,0.32045799889601767
4,0.32041699159890413
4,0.3203750238753855
4,0.3208339912816882
4,0.32049999572336674
4,0.32033398747444153
4,0.32704099430702627
4,0.32037499477155507
4,0.3277919895481318
4,0.3224169777240604
4,0.32533297780901194
4,0.32824999652802944
4,0.3284999984316528
4,0.33116599661298096
4,0.32854199525900185
4,0.3274999908171594
4,0.3245419939048588
4,0.321749976137653
4,0.32029100111685693
4,0.330832990584895
4,0.3203750238753855
4,0.3202499938197434
4,0.3203750238753855
4,0.32029199064709246
4,0.3204170207027346
4,0.32029100111685693
4,0.32304201158694923
4,0.3206249966751784
4,0.32362499041482806
4,0.3266249841544777
4,0.3311249893158674
4,0.3284999984316528
4,0.3284999984316528
4,0.3284999984316528
4,0.3298330120742321
4,0.32716698478907347
4,0.3218339988961816
4,0.3202920197509229
4,0.32037499477155507
4,0.32037499477155507
4,0.32741701579652727
4,0.3202920197509229
4,0.32037499477155507
4,0.32029199064709246
4,0.3230829897802323
4,0.3203750238753855
4,0.32087499857880175
4,0.326457986375317
4,0.32912500319071114
4,0.3284169943071902
4,0.32854097662493587
4,0.33116701524704695
4,0.3284999984316528
4,0.32695799018256366
4,0.32408401602879167
4,0.3237089840695262
4,0.32029199064709246
4,0.32037499477155507
4,0.32029199064709246
4,0.3230840084142983
4,0.3202920197509229
4,0.32037499477155507
4,0.32037499477155507
4,0.32029199064709246
4,0.3204589884262532
4,0.32183300936594605
4,0.32500000088475645
4,0.3278330259490758
4,0.3285410057287663
4,0.32845899113453925
4,0.32854199525900185
4,0.32741701579652727
4,0.3243330284021795
4,0.32137500238604844
4,0.3204589884262532
4,0.320332997944206
4,0.32037499477155507
4,0.32291701063513756
4,0.3230419824831188
4,0.33075001556426287
4,0.32037499477155507
4,0.32041699159890413
4,0.32037499477155507
4,0.3218339988961816
4,0.3270840097684413
4,0.32970900065265596
4,0.32854097662493587
4,0.3284580016043037
4,0.3284580016043037
4,0.3284159756731242
4,0.326457986375317
4,0.32341599580831826
4,0.3204589884262532
4,0.320332997944206
4,0.320332997944206
4,0.32033398747444153
4,0.32029100111685693
4,0.3203750238753855
4,0.320334016578272
4,0.32029199064709246
4,0.3229999856557697
4,0.32304201158694923
4,0.32195899984799325
4,0.3249580040574074
4,0.3325840225443244
4,0.3311249893158674
4,0.3284580016043037
4,0.3284999984316528
4,0.3284999984316528
4,0.3283749974798411
4,0.3230419824831188
4,0.32033398747444153
4,0.32033302704803646
4,0.32304201158694923
4,0.32304201158694923
4,0.3258330107200891
4,0.32037499477155507
4,0.32037499477155507
4,0.32045799889601767
4,0.32291701063513756
4,0.32041699159890413
4,0.32287498470395803
4,0.3284999984316528
4,0.33087501651607454
4,0.3284999984316528
4,0.3363330033607781
4,0.3311669861432165
4,0.3284999984316528
4,0.325749977491796
4,0.32291602110490203
4,0.32300001475960016
4,0.320332997944206
4,0.32291701063513756
4,0.32045799889601767
4,0.3204160020686686
4,0.3229580179322511
4,0.3204160020686686
4,0.3202499938197434
4,0.320332997944206
4,0.3211250004824251
4,0.32412499422207475
4,0.32704201294109225
4,0.3285830025561154
4,0.32850002753548324
4,0.3285830025561154
4,0.3327919985167682
4,0.3277919895481318
4,0.32529199961572886
4,0.320332997944206
4,0.32041699159890413
4,0.32037499477155507
4,0.32045799889601767
4,0.3204160020686686
4,0.32037499477155507
4,0.3230829897802323
4,0.32045799889601767
4,0.3207499976269901
4,0.3214169992133975
4,0.32704099430702627
4,0.32704201294109225
4,0.33108401112258434
4,0.3285410057287663
4,0.3284999984316528
4,0.3284999984316528
4,0.3265419800300151
4,0.3234999894630164
4,0.3205419925507158
4,0.32616700627841055
4,0.32045799889601767
4,0.320332997944206
4,0.32033398747444153
4,0.320332997944206
4,0.32304201158694923
4,0.32029199064709246
4,0.32041699159890413
4,0.3240829973947257
4,0.3249589935876429
4,0.3248749999329448
4,0.3277920186519623
4,0.3284580016043037
4,0.3284999984316528
4,0.33458301913924515
4,0.32833300065249205
4,0.32545800786465406
4,0.3226249828003347
4,0.320332997944206
4,0.32049999572336674
4,0.320334016578272
4,0.3249580040574074
4,0.32295798882842064
4,0.32029199064709246
4,0.320332997944206
4,0.3203750238753855
4,0.3205419925507158
4,0.321083003655076
4,0.3239999932702631
4,0.3268339787609875
4,0.3284580016043037
4,0.3285839920863509
4,0.3284999984316528
4,0.3284590202383697
4,0.3291670000180602
4,0.3240829973947257
4,0.3214579774066806
4,0.3204160020686686
4,0.320332997944206
4,0.32037499477155507
4,0.3203750238753855
4,0.32029100111685693
4,0.320332997944206
4,0.3091669932473451
4,0.3114999854005873
4,0.2916670055128634
4,0.2916670055128634
4,0.29170801280997694
4,0.3046660276595503
4,0.2970829955302179
4,0.2957920078188181
4,0.31025000498630106
4,0.3101250040344894
4,0.3205419925507158
4,0.3354579966980964
4,0.3243749961256981
4,0.3197499900124967
4,0.3263329854235053
4,0.3165829984936863
4,0.3126250230707228
4,0.31754098017700016
4,0.3149159892927855
4,0.3147919778712094
4,0.3100419999100268
4,0.3148330142721534
4,0.3149170079268515
4,0.31820801086723804
4,0.32220801222138107
4,0.32529199961572886
4,0.32550000469200313
4,0.32529098098166287
4,0.32262501190416515
4,0.3190840070601553
4,0.3152080171275884
4,0.31487501109950244
4,0.31754199881106615
4,0.31741600832901895
4,0.31487501109950244
4,0.31487501109950244
4,0.3149170079268515
4,0.3172080032527447
4,0.3207499976269901
4,0.32370799453929067
4,0.3254170005675405
4,0.3253339964430779
4,0.32545800786465406
4,0.3307499864604324
4,0.3215000033378601
4,0.32020799699239433
4,0.31970799318514764
4,0.3196659963577986
4,0.3196659963577986
4,0.31966701499186456
4,0.3196250181645155
4,0.32754099811427295
4,0.31970901181921363
4,0.31962498906068504
4,0.3228750138077885
4,0.32370799453929067
4,0.32550000469200313
4,0.3253330069128424
4,0.3253330069128424
4,0.32429100247099996
4,0.3182920045219362
4,0.3148340038023889
4,0.3172919969074428
4,0.3148329851683229
4,0.3222499799448997
4,0.31962498906068504
4,0.3148330142721534
4,0.31479098834097385
4,0.3199170168954879
4,0.31970898271538317
4,0.3228330169804394
4,0.32537500374019146
4,0.3254589973948896
4,0.3253339964430779
4,0.32545800786465406
4,0.3240420192014426
4,0.3210419963579625
4,0.31962498906068504
4,0.31970799318514764
4,0.32229197677224874
4,0.3196669858880341
4,0.32216700492426753
4,0.3222920058760792
4,0.3263329854235053
4,0.3198329941369593
4,0.3184590023010969
4,0.3268750151619315
4,0.32529098098166287
4,0.3254170005675405
4,0.330082984874025
4,0.3254579787608236
4,0.32333299168385565
4,0.32220801222138107
4,0.31970799318514764
4,0.3198329941369593
4,0.3172919969074428
4,0.3172080032527447
4,0.31725000008009374
4,0.3198749909643084
4,0.31725000008009374
4,0.3198749909643084
4,0.3197499900124967
4,0.322499981848523
4,0.32541598193347454
4,0.3280829987488687
4,0.3254170005675405
4,0.3279169904999435
4,0.3280829987488687
4,0.3197499900124967
4,0.31725000008009374
4,0.31729202601127326
4,0.3199589846190065
4,0.31725000008009374
4,0.3172089927829802
4,0.31725000008009374
4,0.31708399183116853
4,0.31970898271538317
4,0.31979099730961025
4,0.3227079869247973
4,0.32550000469200313
4,0.32545800786465406
4,0.32795799779705703
4,0.3277090145274997
4,0.3242499951738864
4,0.31870900420472026
4,0.31716699595563114
4,0.3199170168954879
4,0.3172080032527447
4,0.3172919969074428
4,0.31725000008009374
4,0.3172080032527447
4,0.31725000008009374
4,0.3172089927829802
4,0.3200000210199505
4,0.3234999894630164
4,0.32537500374019146
4,0.32545800786465406
4,0.32537500374019146
4,0.32400002237409353
4,0.32104100682772696
4,0.3175000019837171
4,0.31720902188681066
4,0.31725000008009374
4,0.3172079741489142
4,0.3172919969074428
4,0.3172499709762633
4,0.3172080032527447
4,0.3172080032527447
4,0.3263749822508544
4,0.3223750100005418
4,0.32741602626629174
4,0.32537500374019146
4,0.32537500374019146
4,0.32533297780901194
4,0.3224170068278909
4,0.31870801467448473
4,0.31725000008009374
4,0.32199997804127634
4,0.32049999572336674
4,0.31712499912828207
4,0.3172909782733768
4,0.31979201594367623
4,0.3199159982614219
4,0.3175830061081797
4,0.3201669896952808
4,0.3265419800300151
4,0.325416011037305
4,0.32958301017060876
4,0.32537500374019146
4,0.32508300500921905
4,0.32179098343476653
4,0.3265419800300151
4,0.31725000008009374
4,0.3172919969074428
4,0.3172080032527447
4,0.31725000008009374
4,0.31725000008009374
4,0.3172919969074428
4,0.3198329941369593
4,0.3172919969074428
4,0.32270801602862775
4,0.3228330169804394
4,0.32804199145175517
4,0.325374974636361
4,0.3254170005675405
4,0.3253330069128424
4,0.32495902269147336
4,0.32458401983603835
4,0.31725000008009374
4,0.3229999856557697
4,0.3242089878767729
4,0.8492089982610196
4,0.9342080156784505
4,0.8315419836435467
4,0.8158329874277115
4,0.7907079998403788
4,0.8349169802386314
4,0.90562499826774
4,0.8312500140164047
4,0.5098340043332428
4,0.34050000249408185
4,0.3360410046298057
4,0.30849999166093767
4,0.3324169956613332
4,0.4154999915044755
4,0.29504200210794806
4,0.33420900581404567
4,0.3387079923413694
4,0.3387089818716049
4,0.343833991792053
4,0.3384999872650951
4,0.33887499012053013
8,0.3793329815380275
8,0.3566670056898147
8,0.3677080094348639
8,0.36320899380370975
8,0.38116698851808906
8,0.4250419733580202
8,0.3525000065565109
8,0.35191699862480164
8,0.3487080102786422
8,0.34854101249948144
8,0.3643329837359488
8,0.3662500239443034
8,0.3657500201370567
8,0.37312498898245394
8,0.37233298644423485
8,0.37037499714642763
8,0.3757499798666686
8,0.3961249894928187
8,0.3652090090326965
8,0.3883340104948729
8,0.40625000838190317
8,0.4185840080026537
8,0.38791701081208885
8,0.3744169953279197
8,0.3620829957071692
8,0.37879199953749776
8,0.35941600799560547
8,0.3851669898722321
8,0.3789160109590739
8,0.3625410026870668
8,0.3835409879684448
8,0.3745419962797314
8,0.3793749783653766
8,0.38220800342969596
8,0.3886250196956098
8,0.39758399361744523
8,0.3962499904446304
8,0.386583007639274
8,0.39595802081748843
8,0.3975830040872097
8,0.3913750115316361
8,0.40270897443406284
8,0.3928749938495457
8,0.3913750115316361
8,0.3979169996455312
8,0.3968329983763397
8,0.3926249919459224
8,0.3595000016503036
8,0.359416997525841
8,0.37545801023952663
8,0.35683298483490944
8,0.3794170042965561
8,0.3802079882007092
8,0.39704100345261395
8,0.3804159932769835
8,0.3850839857477695
8,0.39629198727197945
8,0.3877500130329281
8,0.40470800013281405
8,0.3829589986708015
8,0.3650840080808848
8,0.39141697925515473
8,0.37770901690237224
8,0.38333400152623653
8,0.4081670194864273
8,0.39891700726002455
8,0.3923330223187804
8,0.38654200034216046
8,0.39833300979807973
8,0.3865000035148114
8,0.39400000241585076
8,0.3823750012088567
8,0.36141701275482774
8,0.35683298483490944
8,0.374249997548759
8,0.3814169904217124
8,0.380458019208163
8,0.39587498758919537
8,0.38112499169074
8,0.3877079871017486
8,0.39804200059734285
8,0.38516701897606254
8,0.399959011701867
8,0.41804200736805797
8,0.3770829935092479
8,0.35412501893006265
8,0.35933300387114286
8,0.37729201721958816
8,0.38220800342969596
8,0.38404198130592704
8,0.3784580039791763
8,0.38225000025704503
8,0.3962499904446304
8,0.38212499930523336
8,0.37958400207571685
8,0.3920000162906945
8,0.3814169904217124
8,0.35975000355392694
8,0.35954199847765267
8,0.38374998257495463
8,0.38300000596791506
8,0.3969589888583869
8,0.3826669999398291
8,0.3852499939966947
8,0.3978750028181821
8,0.385124993044883
8,0.38512502214871347
8,0.40266598807647824
8,0.4036659956909716
8,0.3486250061541796
8,0.34579201019369066
8,0.3506670182105154
8,0.36054200609214604
8,0.3668330027721822
8,0.38174999644979835
8,0.37045899080112576
8,0.3730420139618218
8,0.38379200850613415
8,0.3703750262502581
8,0.3752089978661388
8,0.3850409993901849
8,0.4050419956911355
8,0.3586249949876219
8,0.35945800482295454
8,0.37383398739621043
8,0.37308401078917086
8,0.3924169868696481
8,0.38483302341774106
8,0.38516600034199655
8,0.3958340093959123
8,0.38499999209307134
8,0.385124993044883
8,0.3975830040872097
8,0.38987500010989606
8,0.3702079993672669
8,0.354000017978251
8,0.35604200093075633
8,0.36670800182037055
8,0.38516701897606254
8,0.38862499059177935
8,0.3736249927897006
8,0.379666977096349
8,0.39233401184901595
8,0.38466701516881585
8,0.38095799391157925
8,0.3918329894077033
8,0.38841701461933553
8,0.3884999896399677
8,0.3846249892376363
8,0.3752080083359033
8,0.38045900873839855
8,0.3832500078715384
8,0.3820840211119503
8,0.3927500220015645
8,0.3869170031975955
8,0.3752089978661388
8,0.38545799907296896
8,0.3928749938495457
8,0.3846669860649854
8,0.3967500233557075
8,0.3569999826140702
8,0.35954199847765267
8,0.3803329891525209
8,0.3568330139387399
8,0.38045799010433257
8,0.38308301009237766
8,0.39191701216623187
8,0.3852079971693456
8,0.38899999344721437
8,0.39037500391714275
8,0.38770801620557904
8,0.40687501314096153
8,0.38491698796860874
8,0.3567500098142773
8,0.37700001848861575
8,0.34570798743516207
8,0.36937498953193426
8,0.38208297337405384
8,0.39216698496602476
8,0.379708013497293
8,0.37037499714642763
8,0.3851669898722321
8,0.38200002745725214
8,0.38212499930523336
8,0.42470800690352917
8,0.381499994546175
8,0.42654198477976024
8,0.38041698280721903
8,0.38420798955485225
8,0.38949999725446105
8,0.3776250232476741
8,0.40208399877883494
8,0.4062499792780727
8,0.38324997876770794
8,0.4080829967278987
8,0.3989999822806567
8,0.48904199502430856
8,0.36191698745824397
8,0.34858399885706604
8,0.39933298830874264
8,0.367750006262213
8,0.3594579757191241
8,0.37662501563318074
8,0.3630829742178321
8,0.37887500366196036
8,0.3968329983763397
8,0.38329200469888747
8,0.3803329891525209
8,0.3970419929828495
8,0.39566599298268557
8,0.387999985832721
8,0.39441700209863484
8,0.3881670127157122
8,0.38750001112930477
8,0.40029201772995293
8,0.38804099312983453
8,0.39754100725986063
8,0.38841701461933553
8,0.38995800423435867
8,0.3954170097131282
8,0.39000000106170774
8,0.39441598346456885
8,0.3979580069426447
8,0.3924999909941107
8,0.38987500010989606
8,0.3961249894928187
8,0.3900419978890568
8,0.39237499004229903
8,0.39579099393449724
8,0.39008399471640587
8,0.3950829850509763
8,0.38995800423435867
8,0.40087499655783176
8,0.40324998553842306
8,0.39304199162870646
8,0.39241701597347856
8,0.39695799932815135
8,0.38991699693724513
8,0.3924999909941107
8,0.39354097680188715
8,0.38991699693724513
8,0.39599998854100704
8,0.3933749976567924
8,0.39620898314751685
8,0.4008339892607182
8,0.39233401184901595
8,0.39233299321494997
8,0.40254200575873256
8,0.39775000186637044
8,0.3922920150216669
8,0.39195799035951495
8,0.39245799416676164
8,0.3954159910790622
8,0.39245799416676164
8,0.3922919859178364
8,0.3973749990109354
8,0.38991699693724513
8,0.4297920095268637
8,0.39362499956041574
8,0.3922919859178364
8,0.3938750014640391
8,0.3950420068576932
8,0.3922909963876009
8,0.3962499904446304
8,0.3951250109821558
8,0.3949590027332306
8,0.3980410110671073
8,0.39500001003034413
8,0.39233299321494997
8,0.3937919973395765
8,0.4200830007903278
8,0.4182909906376153
8,0.40920902392826974
8,0.39495801320299506
8,0.3957499866373837
8,0.39000000106170774
8,0.39237499004229903
8,0.39499998092651367
8,0.3922919859178364
8,0.39562498568557203
8,0.39237499004229903
8,0.3924169868696481
8,0.4149169835727662
8,0.39516700780950487
8,0.39233299321494997
8,0.39833399932831526
8,0.39233299321494997
8,0.4031660209875554
8,0.39241599733941257
8,0.39233299321494997
8,0.3996670129708946
8,0.3922500181943178
8,0.39233299321494997
8,0.40066600195132196
8,0.3961249894928187
8,0.37141700158827007
8,0.35024998942390084
8,0.3485000052023679
8,0.34570798743516207
8,0.34725002478808165
8,0.36212499253451824
8,0.37154098390601575
8,0.3632910083979368
8,0.37908300873823464
8,0.37637498462572694
8,0.37870899541303515
8,0.37841699668206275
8,0.39520900463685393
8,0.37633400643244386
8,0.37691701436415315
8,0.37504101055674255
8,0.37299998803064227
8,0.37808401975780725
8,0.3766670124605298
8,0.37516700103878975
8,0.3814590163528919
8,0.37704099668189883
8,0.3777919919230044
8,0.3817079996224493
8,0.3769580216612667
8,0.3778329992201179
8,0.3792500065173954
8,0.3770420153159648
8,0.37783398875035346
8,0.37895800778642297
8,0.3825839958153665
8,0.3752080083359033
8,0.3818339901044965
8,0.37695799255743623
8,0.3751250042114407
8,0.3785419976338744
8,0.37812499795109034
8,0.3821669961325824
8,0.37850000080652535
8,0.37799999699927866
8,0.37770799826830626
8,0.3834580129478127
8,0.38016701000742614
8,0.37762499414384365
8,0.3820839920081198
8,0.3787090245168656
8,0.3802920109592378
8,0.38216597749851644
8,0.3802079882007092
8,0.3802499850280583
8,0.3837500116787851
8,0.37516598240472376
8,0.3775839868467301
8,0.38174999644979835
8,0.3776250232476741
8,0.3775829973164946
8,0.3819999983534217
8,0.3802079882007092
8,0.38025001413188875
8,0.38412498543038964
8,0.3775829973164946
8,0.37754199001938105
8,0.39070798084139824
8,0.38020897773094475
8,0.37762499414384365
8,0.38566600414924324
8,0.37516700103878975
8,0.3802090068347752
8,0.38574999780394137
8,0.37762499414384365
8,0.3802499850280583
8,0.38841599598526955
8,0.37754199001938105
8,0.3802499850280583
8,0.3857080009765923
8,0.37754199001938105
8,0.3776669909711927
8,0.3856249968521297
8,0.38075001793913543
8,0.37762499414384365
8,0.38545799907296896
8,0.3775839868467301
8,0.3802079882007092
8,0.3848329943139106
8,0.3775829973164946
8,0.3775829973164946
8,0.3847080224659294
8,0.3893749963026494
8,0.3776670200750232
8,0.3832909860648215
8,0.3776669909711927
8,0.37762499414384365
8,0.39145798655226827
8,0.3775829973164946
8,0.37754199001938105
8,0.3842919832095504
8,0.3802090068347752
8,0.37758401595056057
8,0.39595901034772396
8,0.3801660204771906
8,0.3801250131800771
8,0.3781250270549208
8,0.3825839958153665
8,0.3807920147664845
8,0.37770799826830626
8,0.3776250232476741
8,0.3812500217463821
8,0.38037498597986996
8,0.38499999209307134
8,0.3852499939966947
8,0.3775829973164946
8,0.38025001413188875
8,0.39041598211042583
8,0.37987501127645373
8,0.38029198185540736
8,0.38574999780394137
8,0.37754199001938105
8,0.3775829973164946
8,0.38558398955501616
8,0.3802090068347752
8,0.3802079882007092
8,0.38574999780394137
8,0.37758401595056057
8,0.3803329891525209
8,0.39037500391714275
8,0.38020897773094475
8,0.37762499414384365
8,0.3856670227833092
8,0.3777500241994858
8,0.38104099803604186
8,0.38545901770703495
8,0.377499993192032
8,0.37762499414384365
8,0.38487499114125967
8,0.3775829973164946
8,0.3774579963646829
8,0.3845419851131737
8,0.37866600905545056
8,0.3820830024778843
8,0.38337500882335007
8,0.3802090068347752
8,0.37754199001938105
8,0.39324999670498073
8,0.3776660014409572
8,0.37754199001938105
8,0.396707997424528
8,0.4045829991810024
8,0.384374987334013
8,0.3775829973164946
8,0.3867910127155483
8,0.3854160022456199
8,0.3776660014409572
8,0.37995801540091634
8,0.38566600414924324
8,0.37762499414384365
8,0.3776660014409572
8,0.3857080009765923
8,0.3775839868467301
8,0.3800000122282654
8,0.39941701106727123
8,0.3775829973164946
8,0.38008298724889755
8,0.38574999780394137
8,0.3775829973164946
8,0.3802920109592378
8,0.38570899050682783
8,0.3775839868467301
8,0.3872500092256814
8,0.3852079971693456
8,0.3776669909711927
8,0.3799579862970859
8,0.39166701026260853
8,0.3776670200750232
8,0.38008400588296354
8,0.38366601802408695
8,0.3752080083359033
8,0.37762499414384365
8,0.3835840034298599
8,0.3776669909711927
8,0.4096670018043369
8,0.36966698826290667
8,0.3694580227602273
8,0.36945799365639687
8,0.36941698635928333
8,0.3692910249810666
8,0.36937498953193426
8,0.3694159968290478
8,0.407207990065217
8,0.37437499850057065
8,0.3871670051012188
8,0.40845799958333373
8,0.3851669898722321
8,0.3851669898722321
8,0.39587498758919537
8,0.3771670162677765
8,0.38316601421684027
8,0.39391699829138815
8,0.3834999806713313
8,0.3901250020135194
8,0.39037500391714275
8,0.38516701897606254
8,0.3937919973395765
8,0.39008300518617034
8,0.38829201366752386
8,0.40225000702776015
8,0.389833003282547
8,0.3924590128008276
8,0.4108749853912741
8,0.3861660079564899
8,0.39599998854100704
8,0.3956250147894025
8,0.39099997957237065
8,0.3953329869545996
8,0.3890410007443279
8,0.39083301089704037
8,0.39924998418428004
8,0.38824998773634434
8,0.38824998773634434
8,0.39979099528864026
8,0.3882919845636934
8,0.3881670127157122
8,0.39525001193396747
8,0.3881659940816462
8,0.39345899131149054
8,0.39520798600278795
8,0.39091697544790804
8,0.3983750066254288
8,0.3882080200128257
8,0.38816698361188173
8,0.4003749927505851
8,0.38824998773634434
8,0.38833299186080694
8,0.3958329907618463
8,0.3882909950334579
8,0.3925829951185733
8,0.39129197830334306
8,0.38820900954306126
8,0.40329198236577213
8,0.38824998773634434
8,0.3957920125685632
8,0.40049999370239675
8,0.3882909950334579
8,0.39312499575316906
8,0.39591698441654444
8,0.38820900954306126
8,0.39516601827926934
8,0.39049997576512396
8,0.3929999948013574
8,0.4002080240752548
8,0.3882919845636934
8,0.3929579979740083
8,0.399957993067801
8,0.38816698361188173
8,0.39929201011545956
8,0.39429200114682317
8,0.3931670216843486
8,0.399957993067801
8,0.39129098877310753
8,0.39304199162870646
8,0.4029999836347997
8,0.3957499866373837
8,0.39304199162870646
8,0.39674999425187707
8,0.39570798981003463
8,0.39487500907853246
8,0.39383300463669
8,0.39312499575316906
8,0.39999998989515007
8,0.40450002416037023
8,0.40191601146943867
8,0.4029999836347997
8,0.40187500417232513
8,0.4017089959233999
8,0.4055419994983822
8,0.39920798735693097
8,0.4065420071128756
8,0.3991250123362988
8,0.39929201011545956
8,0.3993749851360917
8,0.3992919810116291
8,0.4047499969601631
8,0.39924998418428004
8,0.399582990212366
8,0.40520899347029626
8,0.3991659905295819
8,0.39924998418428004
8,0.3991670091636479
8,0.39924998418428004
8,0.40600000647827983
8,0.39924998418428004
8,0.39920798735693097
8,0.4036670143250376
8,0.401791010517627
8,0.4010000266134739
8,0.39612501859664917
8,0.40187500417232513
8,0.4072909941896796
8,0.39924998418428004
8,0.3992500132881105
8,0.400332995923236
8,0.40225000702776015
8,0.40462499600835145
8,0.39450000622309744
8,0.39924998418428004
8,0.40541597991250455
8,0.39933298830874264
8,0.39929201011545956
8,0.3992500132881105
8,0.39924998418428004
8,0.40945899672806263
8,0.39920798735693097
8,0.4022910143248737
8,0.4049580020364374
8,0.39929201011545956
8,0.40245900163426995
8,0.39929201011545956
8,0.39941701106727123
8,0.40716701187193394
8,0.3992909914813936
8,0.4035420133732259
8,0.4018339968752116
8,0.39929201011545956
8,0.40570899727754295
8,0.4019170009996742
8,0.39920801646076143
8,0.403957994421944
8,0.39929201011545956
8,0.4009589902125299
8,0.39599998854100704
8,0.39924998418428004
8,0.4073750169482082
8,0.39924998418428004
8,0.3991670091636479
8,0.4016250022687018
8,0.3991670091636479
8,0.4026660171803087
8,0.39695901796221733
8,0.3992909914813936
8,0.40600000647827983
8,0.39933298830874264
8,0.39900001138448715
8,0.3992909914813936
8,0.3991250123362988
8,0.40662498213350773
8,0.3991670091636479
8,0.39912498323246837
8,0.4052500007674098
8,0.39924998418428004
8,0.40491699473932385
8,0.40183300734497607
8,0.3991659905295819
8,0.4059999773744494
8,0.40175000322051346
8,0.3992919810116291
8,0.39912498323246837
8,0.3992919810116291
8,0.4073340096510947
8,0.39920801646076143
8,0.39924998418428004
8,0.40116600575856864
8,0.39920900599099696
8,0.4036249883938581
8,0.3992500132881105
8,0.3992919810116291
8,0.4084999964106828
8,0.3992500132881105
8,0.4017080063931644
8,0.39775000186637044
8,0.3991250123362988
8,0.4462079959921539
8,0.39950001519173384
8,0.3989590040873736
8,0.38404198130592704
8,0.38183401920832694
8,0.38324997876770794
8,0.43266601278446615
8,0.4000409971922636
8,0.41058400529436767
8,0.4073340096510947
8,0.4280419962015003
8,0.4157500225119293
8,0.40816699038259685
8,0.42208400554955006
8,0.4243750008754432
8,0.41712497477419674
8,0.4110420122742653
8,0.4130419983994216
8,0.4351249954197556
8,0.4129169974476099
8,0.42245900840498507
8,0.4129590233787894
8,0.4309999931138009
8,0.41295800474472344
8,0.41304100886918604
8,0.42050000047311187
8,0.42387499706819654
8,0.42233301792293787
8,0.41591699118725955
8,0.4130419983994216
8,0.42816699715331197
8,0.4156669892836362
8,0.4203749995213002
8,0.41562499245628715
8,0.4363750049378723
8,0.4130419983994216
8,0.41295800474472344
8,0.4140000091865659
8,0.4239999980200082
8,0.4249580088071525
8,0.4157499934080988
8,0.4225000157020986
8,0.42962501174770296
8,0.4156669892836362
8,0.4139169759582728
8,0.4177920054644346
8,0.43154199374839664
8,0.41562499245628715
8,0.4234160005580634
8,0.4130000015720725
8,0.43266601278446615
8,0.41316699935123324
8,0.41787500958889723
8,0.4218330141156912
8,0.4239169938955456
8,0.42366699199192226
8,0.4129160079173744
8,0.4177920054644346
8,0.4293750098440796
8,0.4177920054644346
8,0.4215420049149543
8,0.41295899427495897
8,0.4402920021675527
8,0.41295800474472344
8,0.41787500958889723
8,0.4135000053793192
8,0.436166999861598
8,0.41962499381043017
8,0.4177920054644346
8,0.42462500277906656
8,0.4241660062689334
8,0.41808298556134105
8,0.4156659997534007
8,0.4277080006431788
8,0.4304580215830356
8,0.4178329836577177
8,0.4257500113453716
8,0.4155829956289381
8,0.43250000453554094
8,0.41295899427495897
8,0.41787500958889723
8,0.41887498809956014
8,0.4293750098440796
8,0.42779199429787695
8,0.41295899427495897
8,0.41958398651331663
8,0.4247920005582273
8,0.4179579846095294
8,0.41700000292621553
8,0.41775000863708556
8,0.4345829947851598
8,0.4130000015720725
8,0.4232499923091382
8,0.412957975640893
8,0.4333749820943922
8,0.4158330266363919
8,0.4178340022917837
8,0.4268329939804971
8,0.42974998359568417
8,0.42208400554955006
8,0.4130000015720725
8,0.41779197636060417
8,0.4302909947000444
8,0.41779098683036864
8,0.4230409977026284
8,0.4130419983994216
8,0.43858299613930285
8,0.4130840243306011
8,0.4177920054644346
8,0.41612499626353383
8,0.43920899042859674
8,0.41849998524412513
8,0.41479102219454944
8,0.422042008722201
8,0.42483399738557637
8,0.4147079889662564
8,0.41149999015033245
8,0.41470900760032237
8,0.4321250016801059
8,0.4125419945921749
8,0.4189159953966737
8,0.4147500148974359
8,0.43062499025836587
8,0.3904589975718409
8,0.41737500578165054
8,0.42283302173018456
8,0.4284159804228693
8,0.4172919725533575
8,0.4098750068806112
8,0.41470900760032237
8,0.43650000588968396
8,0.417709001339972
8,0.42058399412781
8,0.4125419945921749
8,0.43200000072829425
8,0.41108299046754837
8,0.4173330089543015
8,0.41370801045559347
8,0.42974998359568417
8,0.4226669843774289
8,0.4146670107729733
8,0.42108300840482116
8,0.4210420011077076
8,0.4147079889662564
8,0.4157080256845802
8,0.4146670107729733
8,0.4362920008134097
8,0.4147079889662564
8,0.41833301656879485
8,0.4099169746041298
8,0.43129100231453776
8,0.4134170012548566
8,0.41466698166914284
8,0.422417011577636
8,0.43395799002610147
8,0.42108300840482116
8,0.4060420033056289
8,0.39312499575316906
8,0.41187499300576746
8,0.3997080202680081
8,0.39775000186637044
8,0.39324999670498073
8,0.4062919761054218
8,0.3986670053564012
8,0.3931660030502826
8,0.39483298314735293
8,0.40787499165162444
8,0.39304199162870646
8,0.4012499994132668
8,0.4184169811196625
8,0.4106670094188303
8,0.39308299892582
8,0.39566599298268557
8,0.4012090212199837
8,0.4048330010846257
8,0.39566701161675155
8,0.3994999860879034
8,0.3957090084441006
8,0.4155839851591736
8,0.3929999948013574
8,0.39308299892582
8,0.3949170059058815
8,0.40883300243876874
8,0.4053750017192215
8,0.3929999948013574
8,0.39304199162870646
8,0.40874999831430614
8,0.39308299892582
8,0.39999998989515007
8,0.3957920125685632
8,0.4065000102855265
8,0.3987920063082129
8,0.39308299892582
8,0.39362499956041574
8,0.4083749954588711
8,0.39562498568557203
8,0.4011669952888042
8,0.3929999948013574
8,0.35816599847748876
8,0.3785419976338744
8,0.35683298483490944
8,0.35683298483490944
8,0.3568330139387399
8,0.3569169784896076
8,0.3835829847957939
8,0.3892080276273191
8,0.35691598895937204
8,0.38537499494850636
8,0.3841659927275032
8,0.38191600469872355
8,0.3895839909091592
8,0.3804159932769835
8,0.38858401239849627
8,0.39125001057982445
8,1.1725829972419888
8,0.9707089920993894
8,1.0567499848548323
8,0.9544169879518449
8,1.1142079893033952
8,1.038749993313104
8,0.7209580217022449
8,0.39679199107922614
8,0.35858398769050837
8,0.35966598079539835
8,0.3652090090326965
8,0.5086669989395887
8,0.4294159880373627
8,0.4259590059518814
8,0.4255410167388618
8,0.3696249914355576
8,0.3990420082118362
8,0.3875840047840029
8,0.3775839868467301
8,0.3880420117639005
8,0.39045800804160535
8,0.37208301364444196
8,0.39904197910800576
8,0.4042080254293978
8,0.40383299347013235
8,0.3880829899571836
8,0.3929169906768948
8,0.40208399877883494
8,0.3929169906768948
8,0.4011249984614551
8,0.4059170023538172
8,0.39250002009794116
8,0.4070000140927732
8,0.39087500772438943
8,0.390874978620559
8,0.3978750028181821
8,0.3962909977417439
8,0.3964169882237911
8,0.3922920150216669
8,0.3929999948013574
8,0.3978339955210686
8,0.390874978620559
8,0.3957080189138651
8,0.39924998418428004
8,0.39558400749228895
8,0.3884579928126186
8,0.39237499004229903
8,0.3924999909941107
8,0.39625001954846084
8,0.39295898750424385
8,0.39570798981003463
8,0.39904098957777023
8,0.39312499575316906
8,0.3980000037699938
8,0.40304200956597924
8,0.39304199162870646
8,0.39820800884626806
8,0.39716699393466115
8,0.3931669925805181
8,0.39687499520368874
8,0.39570798981003463
8,0.39549998473376036
8,0.40137500036507845
8,0.3930410020984709
8,0.39587498758919537
8,0.39687499520368874
8,0.3954590065404773
8,0.397083000279963
8,0.39304199162870646
8,0.3954170097131282
8,0.4012499994132668
8,0.39308299892582
8,0.3953749837819487
8,0.4022080102004111
8,0.3954160201828927
8,0.400332995923236
8,0.3951669787056744
8,0.3954590065404773
8,0.40108300163410604
8,0.39545801701024175
8,0.39537501288577914
8,0.4098330100532621
8,0.39295898750424385
8,0.39808297879062593
8,0.39341600495390594
8,0.4113749891985208
8,0.39500001003034413
8,0.38933398900553584
8,0.3892499953508377
8,0.39495801320299506
8,0.38929100264795125
8,0.3892499953508377
8,0.39141697925515473
8,0.38920799852348864
8,0.38979100645519793
8,0.38687497726641595
8,0.4023340006824583
8,0.3950420068576932
8,0.386958010494709
8,0.3893329994753003
8,0.39499998092651367
8,0.3894170222338289
8,0.3981670015491545
8,0.39637499139644206
8,0.3954579879064113
8,0.4027499817311764
8,0.3930420207325369
8,0.41083298856392503
8,0.4040829953737557
8,0.3972919948864728
8,0.39637499139644206
8,0.39566599298268557
8,0.41458301711827517
8,0.4066250112373382
8,0.3988750104326755
8,0.3955000138375908
8,0.3952080151066184
8,0.3893749963026494
8,0.4030000127386302
8,0.39191701216623187
8,0.3892919921781868
16,0.5153340171091259
16,0.47920801443979144
16,0.5016669747419655
16,0.4667499742936343
16,0.4874170117545873
16,0.5067090096417814
16,0.5289580149110407
16,0.5034999921917915
16,0.49500001478008926
16,0.47920900397002697
16,0.48416698700748384
16,0.4779169976245612
16,0.5040419928263873
16,0.5119999987073243
16,0.5082919960841537
16,0.510375015437603
16,0.4703330050688237
16,0.5069580220151693
16,0.5037499940954149
16,0.5052079795859754
16,0.5156249972060323
16,0.512166996486485
16,0.5052080086898059
16,0.5007079744245857
16,0.4837909946218133
16,0.4787090001627803
16,0.4895000020042062
16,0.5062079872004688
16,0.5168339994270355
16,0.5126670002937317
16,0.5127089971210808
16,0.4907500115223229
16,0.47450000420212746
16,0.4698749980889261
16,0.4978749784640968
16,0.5004999984521419
16,0.5044589925091714
16,0.509250006871298
16,0.5036249931436032
16,0.5050000036135316
16,0.5049590254202485
16,0.5076249944977462
16,0.5097920075058937
16,0.5114160012453794
16,0.5097500106785446
16,0.5050420004408807
16,0.5091250059194863
16,0.5097500106785446
16,0.5219579907134175
16,0.5124169983901083
16,0.5097500106785446
16,0.5098339752294123
16,0.5121660069562495
16,0.5087500030640513
16,0.5032090120948851
16,0.4638330137822777
16,0.49595802556723356
16,0.5039590178057551
16,0.5035419890191406
16,0.5177500133868307
16,0.5074590153526515
16,0.5109579942654818
16,0.4744580073747784
16,0.47708299825899303
16,0.4719159915111959
16,0.47695799730718136
16,0.486457982333377
16,0.5015839997213334
16,0.5039589887019247
16,0.5035839858464897
16,0.5189999938011169
16,0.5073329957667738
16,0.5133750091772527
16,0.5111669888719916
16,0.5160409782547504
16,0.5184579931665212
16,0.5160840228199959
16,0.5177499842830002
16,0.46095799189060926
16,0.4609580209944397
16,0.4769589868374169
16,0.4947079869452864
16,0.5018750089220703
16,0.506000011228025
16,0.506000011228025
16,0.5057499802205712
16,0.4870409902650863
16,0.4861250054091215
16,0.5001249955967069
16,0.4844579962082207
16,0.5062920099589974
16,0.5049580067861825
16,0.5119999987073243
16,0.508541997987777
16,0.47041699872352183
16,0.47287499182857573
16,0.49012500676326454
16,0.49412500811740756
16,0.5027499864809215
16,0.4993750189896673
16,0.5139999848324805
16,0.5105840100441128
16,0.5199169972911477
16,0.4665419983211905
16,0.4665409796871245
16,0.48824999248608947
16,0.4972910101059824
16,0.49766700249165297
16,0.5002910038456321
16,0.4736669943667948
16,0.4677500110119581
16,0.5019160162191838
16,0.5138329870533198
16,0.5002090183552355
16,0.5034579953644425
16,0.5049580067861825
16,0.5048750026617199
16,0.5097919784020633
16,0.5097079847473651
16,0.5087919998914003
16,0.5073749925941229
16,0.5106670141685754
16,0.5077499954495579
16,0.5051659827586263
16,0.5117079999763519
16,0.5051249754615128
16,0.5077079986222088
16,0.5051250045653433
16,0.5051670013926923
16,0.5103330186102539
16,0.5229169910307974
16,0.5077500245533884
16,0.5060840048827231
16,0.5075830267742276
16,0.5075420194771141
16,0.5067919846624136
16,0.5050830077379942
16,0.507791992276907
16,0.5075419903732836
16,0.5075410008430481
16,0.5074590153526515
16,0.5066669837106019
16,0.5075410008430481
16,0.5076249944977462
16,0.5101250135339797
16,0.5076249944977462
16,0.5099999834783375
16,0.5119579727761447
16,0.5075840163044631
16,0.5102920113131404
16,0.5127909826114774
16,0.5084169970359653
16,0.5177500133868307
16,0.5086670280434191
16,0.5086250021122396
16,0.5086250021122396
16,0.5083330033812672
16,0.5108339828439057
16,0.5120830028317869
16,0.5059999821241945
16,0.5059590039309114
16,0.5087500030640513
16,0.5083339929115027
16,0.5053329805377871
16,0.5085830052848905
16,0.5059999821241945
16,0.506042008055374
16,0.5123750015627593
16,0.5044999998062849
16,0.5072499916423112
16,0.5044999998062849
16,0.5045830039307475
16,0.5044590216130018
16,0.5071249906904995
16,0.5061669799033552
16,0.5044999998062849
16,0.5061669799033552
16,0.5044589925091714
16,0.5044999998062849
16,0.507083983393386
16,0.5087500030640513
16,0.5109159974381328
16,0.5044999998062849
16,0.5070829938631505
16,0.5094170046504587
16,0.5070829938631505
16,0.5071659979876131
16,0.5159169959370047
16,0.5070419865660369
16,0.5112920189276338
16,0.5103749863337725
16,0.5096660170238465
16,0.5119580018799752
16,0.5126659816596657
16,0.5173750105313957
16,0.5117499968037009
16,0.5112499929964542
16,0.5188749928493053
16,0.5189579969737679
16,0.5171669763512909
16,0.5067079910077155
16,0.5112499929964542
16,0.5190410010982305
16,0.5189999938011169
16,0.4792920080944896
16,0.47458300832659006
16,0.4738749994430691
16,0.4736669943667948
16,0.5044169956818223
16,0.4988750151824206
16,0.4964580002706498
16,0.4962919920217246
16,0.5076249944977462
16,0.5178340070415288
16,0.5004580016247928
16,0.505292002344504
16,0.5119999987073243
16,0.5210409872233868
16,0.5061249830760062
16,0.5068340105935931
16,0.506792013766244
16,0.509292003698647
16,0.5154589889571071
16,0.5095000087749213
16,0.5107079923618585
16,0.5065420118626207
16,0.5052089982200414
16,0.5090000049676746
16,0.5219159938860685
16,0.5082919960841537
16,0.5090000049676746
16,0.5228749942034483
16,0.5090830090921372
16,0.5211250099819154
16,0.5152079975232482
16,0.509292003698647
16,0.5090409831609577
16,0.5090839986223727
16,0.5115419917274266
16,0.5114999949000776
16,0.5099579866509885
16,0.5119169945828617
16,0.5091670027468354
16,0.5113329971209168
16,0.5115419917274266
16,0.5103329895064235
16,0.5117499968037009
16,0.5091670027468354
16,0.5117499968037009
16,0.5115829990245402
16,0.510375015437603
16,0.5090830090921372
16,0.5139999848324805
16,0.5141249857842922
16,0.5114579980727285
16,0.5101669812574983
16,0.5114999949000776
16,0.5114999949000776
16,0.511458027176559
16,0.5116660031490028
16,0.5140829889569432
16,0.5090420017950237
16,0.5141249857842922
16,0.511416990775615
16,0.5114999949000776
16,0.5115420208312571
16,0.513625011080876
16,0.5090420017950237
16,0.5114160012453794
16,0.5116249958518893
16,0.5114999949000776
16,0.5102909926790744
16,0.5115410021971911
16,0.5114999949000776
16,0.5115410021971911
16,0.511500024003908
16,0.5151669902261347
16,0.5135000101290643
16,0.5115419917274266
16,0.5115419917274266
16,0.5115829990245402
16,0.5114579980727285
16,0.5102920113131404
16,0.5114579980727285
16,0.5152919911779463
16,0.5116669926792383
16,0.5133330123499036
16,0.5104159936308861
16,0.5114160012453794
16,0.5114999949000776
16,0.511458987602964
16,0.5115419917274266
16,0.5141670117154717
16,0.5114160012453794
16,0.5151249933987856
16,0.5166659830138087
16,0.5115410021971911
16,0.5107909964863211
16,0.5117079999763519
16,0.511415972141549
16,0.5115410021971911
16,0.5178749852348119
16,0.5114579980727285
16,0.5114999949000776
16,0.5362920055631548
16,0.4799999878741801
16,0.46245899284258485
16,0.4594999772962183
16,0.48037501983344555
16,0.4910829884465784
16,0.47562498366460204
16,0.490082980832085
16,0.5001669924240559
16,0.5142080190125853
16,0.49425000906921923
16,0.4972500028088689
16,0.4972090246155858
16,0.5138329870533198
16,0.5032080225646496
16,0.5033329944126308
16,0.5013750051148236
16,0.5115839885547757
16,0.5062500131316483
16,0.5089580081403255
16,0.5034169880673289
16,0.5127089971210808
16,0.5037089867983013
16,0.5036249931436032
16,0.5035839858464897
16,0.5240410100668669
16,0.5032089829910547
16,0.5036249931436032
16,0.506040989421308
16,0.519416993483901
16,0.506000011228025
16,0.5053750064689666
16,0.5125829775352031
16,0.515790976351127
16,0.5020419775974005
16,0.5044589925091714
16,0.5069999897386879
16,0.5204579792916775
16,0.502042006701231
16,0.5022079858463258
16,0.5044999998062849
16,0.5232919938862324
16,0.5039999959990382
16,0.5021250108256936
16,0.5044589925091714
16,0.5191659729462117
16,0.5045410071033984
16,0.5067090096417814
16,0.5020000098738819
16,0.5210419767536223
16,0.5043339915573597
16,0.5044169956818223
16,0.506792013766244
16,0.5189579969737679
16,0.5044580029789358
16,0.5055419751442969
16,0.5044999998062849
16,0.5242920015007257
16,0.5105410236865282
16,0.5070420156698674
16,0.5070840124972165
16,0.5218749865889549
16,0.5095829837955534
16,0.5061670090071857
16,0.5071660270914435
16,0.5340830248314887
16,0.5045830039307475
16,0.5071669875178486
16,0.5061669799033552
16,0.5231249961070716
16,0.5044169956818223
16,0.5047500017099082
16,0.5046250007580966
16,0.5182920140214264
16,0.5405000119935721
16,0.4759159928653389
16,0.4748330102302134
16,0.4772079992108047
16,0.5104999872855842
16,0.503083982039243
16,0.49945799401029944
16,0.49141599447466433
16,0.49033400136977434
16,0.5073340144008398
16,0.5127089971210808
16,0.5148749914951622
16,0.5085830052848905
16,0.5044999998062849
16,0.5142499867361039
16,0.5140840075910091
16,0.5141670117154717
16,0.5153329984750599
16,0.5111249920446426
16,0.5195419944357127
16,0.5141249857842922
16,0.5167910130694509
16,0.5169590003788471
16,0.5170000076759607
16,0.5144169845152646
16,0.5142499867361039
16,0.5191669915802777
16,0.5164999747648835
16,0.5214999837335199
16,0.5153749953024089
16,0.5117089895065874
16,0.5141659930814058
16,0.5165829788893461
16,0.5203330074436963
16,0.5170420045033097
16,0.519416993483901
16,0.5192500248085707
16,0.5224159976933151
16,0.5240000027697533
16,0.5196669953875244
16,0.5168339994270355
16,0.5165829788893461
16,0.5165839975234121
16,0.5214170087128878
16,0.5191249947529286
16,0.5166250048205256
16,0.5244170024525374
16,0.5240000027697533
16,0.5200830055400729
16,0.5152499943505973
16,0.5141249857842922
16,0.5127500044181943
16,0.5152499943505973
16,0.5192089884076267
16,0.5212919786572456
16,0.5191660020500422
16,0.5165830079931766
16,0.5214159900788218
16,0.5165839975234121
16,0.5300840130075812
16,0.511458987602964
16,0.5127910117153078
16,0.5129999772179872
16,0.5152499943505973
16,0.5127909826114774
16,0.5177919811103493
16,0.5162919987924397
16,0.5104169831611216
16,0.5127500044181943
16,0.5154589889571071
16,0.517541979206726
16,0.513625011080876
16,0.5130420031491667
16,0.510375015437603
16,0.5152499943505973
16,0.5230410024523735
16,0.5151249933987856
16,0.5136670079082251
16,0.5241670005489141
16,0.5127499753143638
16,0.5151669902261347
16,0.5151660006958991
16,0.5162919987924397
16,0.5143329908605665
16,0.5155410035513341
16,0.515416992129758
16,0.5152079975232482
16,0.5162919987924397
16,0.5103329895064235
16,0.515416992129758
16,0.5150829965714365
16,0.5178339779376984
16,0.5187920178286731
16,0.5116249958518893
16,0.5105829914100468
16,0.5104999872855842
16,0.5106249882373959
16,0.5193329998292029
16,0.5190420197322965
16,0.5167080089449883
16,0.5145000177435577
16,0.5220420134719461
16,0.5192499957047403
16,0.5173330137040466
16,0.5124589952174574
16,0.5167080089449883
16,0.5167910130694509
16,0.5167079798411578
16,0.5187919887248427
16,0.5208340007811785
16,0.5140840075910091
16,0.519416993483901
16,0.5167500057723373
16,0.522000016644597
16,0.5152499943505973
16,0.5169580108486116
16,0.519416993483901
16,0.5167909839656204
16,0.5217090074438602
16,0.5171250086277723
16,0.5146250186953694
16,0.5170409858692437
16,0.5167919734958559
16,0.5191669915802777
16,0.5150829965714365
16,0.5170419753994793
16,0.5167090275790542
16,0.5192910030018538
16,0.5293750145938247
16,0.5175840051379055
16,0.5119160050526261
16,0.527750002220273
16,0.5167080089449883
16,0.5168329807929695
16,0.5150420183781534
16,0.5119169945828617
16,0.5212920077610761
16,0.5251249822322279
16,0.519374996656552
16,0.5247500084806234
16,0.5167500057723373
16,0.5265419895295054
16,0.5167920025996864
16,0.5166670016478747
16,0.5166670016478747
16,0.5176669801585376
16,0.5119589914102107
16,0.5168330098967999
16,0.5194160039536655
16,0.5190410010982305
16,0.5150420183781534
16,0.5402920069172978
16,0.5167500057723373
16,0.5167079798411578
16,0.5167499766685069
16,0.5149999924469739
16,0.5192499957047403
16,0.5167499766685069
16,0.5167500057723373
16,0.5167500057723373
16,0.5149999924469739
16,0.5146249895915389
16,0.5168330098967999
16,0.5167500057723373
16,0.5191249947529286
16,0.5189999938011169
16,0.5150420183781534
16,0.5120410060044378
16,0.5193329998292029
16,0.5269160028547049
16,0.5191669915802777
16,0.519374996656552
16,0.5193750257603824
16,0.5192919925320894
16,0.5348749982658774
16,0.5193329998292029
16,0.5167089984752238
16,0.5170830118004233
16,0.5167089984752238
16,0.5244589992798865
16,0.5191669915802777
16,0.5150829965714365
16,0.5205839988775551
16,0.519041990628466
16,0.5167500057723373
16,0.5191670206841081
16,0.5149999924469739
16,0.5119169945828617
16,0.5167500057723373
16,0.5202500033192337
16,0.5193329998292029
16,0.5237910081632435
16,0.5139580171089619
16,0.5081249983049929
16,0.5106659955345094
16,0.5105409945826977
16,0.5129580094944686
16,0.5095410160720348
16,0.5106250173412263
16,0.5105409945826977
16,0.5105829914100468
16,0.5105419841129333
16,0.4718750133179128
16,0.4649590118788183
16,0.46491698594763875
16,0.4903750086668879
16,0.4830000107176602
16,0.48066701856441796
16,0.49520900938659906
16,0.5033749912399799
16,0.49266699352301657
16,0.49354200018569827
16,0.49995898734778166
16,0.5089580081403255
16,0.5022500117775053
16,0.4972500028088689
16,0.4972920287400484
16,0.5154160025995225
16,0.4972500028088689
16,0.5020000098738819
16,0.5018750089220703
16,0.5153750244062394
16,0.4971669986844063
16,0.5020829848945141
16,0.5019579839427024
16,0.5179590079933405
16,0.5017500079702586
16,0.5020410171709955
16,0.502042006701231
16,0.5168339994270355
16,0.5085410084575415
16,0.504541996633634
16,0.5051249754615128
16,0.5157080013304949
16,0.5076669913250953
16,0.5052080086898059
16,0.5074999935459346
16,0.5219579907134175
16,0.5051250045653433
16,0.5051670013926923
16,0.508166995132342
16,0.5232500261627138
16,0.5067499878350645
16,0.5079160036984831
16,0.5050839972682297
16,0.5154579994268715
16,0.5102080176584423
16,0.5072920175734907
16,0.5175420083105564
16,0.5231249961070716
16,0.5131660145707428
16,0.5303749931044877
16,0.513625011080876
16,0.5231660034041852
16,0.512917002197355
16,0.5154160025995225
16,0.5179170111659914
16,0.5317909817676991
16,0.5103749863337725
16,0.512875005370006
16,0.5152500234544277
16,0.5330409912858158
16,0.5137500120326877
16,0.5131250072736293
16,0.5267079977784306
16,0.533874990651384
16,0.5207089998293668
16,0.5136659892741591
16,0.5179170111659914
16,0.52991698612459
16,0.5153749953024089
16,0.5178750143386424
16,0.5128329794388264
16,0.5282089987304062
16,0.5152079975232482
16,0.5200830055400729
16,0.5162499728612602
16,0.5342910008039325
16,0.515416992129758
16,0.5152079975232482
16,0.5178749852348119
16,0.5273330025374889
16,0.5179579893592745
16,0.5152089870534837
16,0.5206250061746687
16,0.5320000054780394
16,0.5158330022823066
16,0.5151249933987856
16,0.5152089870534837
16,0.5338340124581009
16,0.5152499943505973
16,0.516875006724149
16,0.5152079975232482
16,0.5360840004868805
16,0.507458986248821
16,0.5115829990245402
16,0.5074999935459346
16,0.5202500033192337
16,0.5102499853819609
16,0.5101670103613287
16,0.5091670027468354
16,0.524125003721565
16,0.5125830066390336
16,0.5101250135339797
16,0.507416989421472
16,0.5202080064918846
16,0.507500022649765
16,0.5075829976703972
16,0.5102499853819609
16,0.5258329911157489
16,0.5088749749120325
16,0.5102079885546118
16,0.4859160108026117
16,0.4695410025306046
16,0.4906670073978603
16,0.4961669910699129
16,0.49770798068493605
16,0.504916999489069
16,0.5087500030640513
16,0.5086250021122396
16,0.5050000036135316
16,0.5123340233694762
16,0.5174159887246788
16,0.5097080138511956
16,0.5169169744476676
16,0.5082080024294555
16,0.5109170160721987
16,0.510666985064745
16,0.5105829914100468
16,0.512166996486485
16,0.513625011080876
16,0.5107090109959245
16,0.510708981892094
16,0.5104999872855842
16,0.5105839809402823
16,0.5095830128993839
16,0.5092080100439489
16,0.510666985064745
16,0.5106670141685754
16,0.5093750078231096
16,0.5090420017950237
16,0.5086250021122396
16,0.5086250021122396
16,0.5059590039309114
16,0.5059999821241945
16,0.5086250021122396
16,0.5057500093244016
16,0.5060840048827231
16,0.5079580005258322
16,0.5059160175733268
16,0.508541997987777
16,0.5116250249557197
16,0.5087090248707682
16,0.5118330009281635
16,0.5062079872004688
16,0.5085839948151261
16,0.5085000011604279
16,0.5058750102762133
16,0.5087500030640513
16,0.5059580144006759
16,0.506042008055374
16,0.5083750002086163
16,0.5102090071886778
16,0.5059999821241945
16,0.5086669989395887
16,0.5059160175733268
16,0.5060829862486571
16,0.5107909964863211
16,0.5060840048827231
16,0.5059579852968454
16,0.5086250021122396
16,0.5085830052848905
16,0.5083750002086163
16,0.5101669812574983
16,0.5149590142536908
16,0.5059580144006759
16,0.5061250121798366
16,0.5110409983899444
16,0.5076669913250953
16,0.5059160175733268
16,0.506042008055374
16,0.5130000063218176
16,0.5086250021122396
16,0.5130419740453362
16,0.5075419903732836
16,0.5195419944357127
16,0.5059580144006759
16,0.5085839948151261
16,0.5084579752292484
16,0.5100830167066306
16,0.5059580144006759
16,0.506000011228025
16,0.5104590090923011
16,0.5085410084575415
16,0.5129580094944686
16,0.5059579852968454
16,0.506042008055374
16,0.506040989421308
16,0.5085000011604279
16,0.5083339929115027
16,0.5102500144857913
16,0.5059579852968454
16,0.5086250021122396
16,0.5108329933136702
16,0.5044589925091714
16,0.5068340105935931
16,0.5051670013926923
16,0.5044160061515868
16,0.5045830039307475
16,0.5043749988544732
16,0.5069159960839897
16,0.5069159960839897
16,0.504583993460983
16,0.5070000188425183
16,0.5107499891892076
16,0.5028749874327332
16,0.5200000014156103
16,0.5047080048825592
16,0.505667005199939
16,0.5094999796710908
16,0.5057090020272881
16,0.5052500055171549
16,0.47895798343233764
16,0.4665000014938414
16,0.4637079837266356
16,0.4823329800274223
16,0.5017080111429095
16,0.5042910051997751
16,0.49729199963621795
16,0.5018329829908907
16,0.5018749798182398
16,0.5063340067863464
16,0.5050830077379942
16,0.5072500207461417
16,0.5007500003557652
16,0.5076660017948598
16,0.507791992276907
16,0.5078749964013696
16,0.5052089982200414
16,0.5050839972682297
16,0.5050830077379942
16,0.5051670013926923
16,0.5051250045653433
16,0.5066659941803664
16,0.5102079885546118
16,0.51179199363105
16,0.5060419789515436
16,0.5138749838806689
16,0.5086250021122396
16,0.5059999821241945
16,0.5074999935459346
16,0.5086250021122396
16,0.5076660017948598
16,0.5075829976703972
16,0.5086669989395887
16,0.512500002514571
16,0.511500024003908
16,0.5074999935459346
16,0.5076669913250953
16,0.5684589850716293
16,0.5331670108716935
16,0.5036249931436032
16,0.5087080062367022
16,0.506000011228025
16,0.5162919987924397
16,0.5062079872004688
16,0.5044169956818223
16,0.5533339863177389
16,0.5045830039307475
16,0.5094579828437418
16,0.5062089767307043
16,0.5067919846624136
16,0.5043749988544732
16,0.5068329919595271
16,0.510000012582168
16,0.5144590104464442
16,0.5061669799033552
16,0.5162910092622042
16,0.5109590128995478
16,0.5109999910928309
16,0.5110000201966614
16,0.5108750192448497
16,0.5133329832460731
16,0.5060419789515436
16,0.5084589938633144
16,0.5135000101290643
16,0.5119169945828617
16,0.5188339855521917
16,0.5029579915571958
16,0.5078749964013696
16,0.5054590001236647
16,0.5053330096416175
16,0.5048750026617199
16,0.512917002197355
16,0.5081660056021065
16,0.5101250135339797
16,0.5119169945828617
16,0.507416989421472
16,0.5079589900560677
16,0.5052080086898059
16,0.5053750064689666
16,0.5053329805377871
16,0.5053749773651361
16,0.5047919985372573
16,0.5053330096416175
16,0.5079999973531812
16,0.5123750015627593
16,0.5053750064689666
16,0.5079999973531812
16,0.5053330096416175
16,0.505292002344504
16,0.5079580005258322
16,0.5079580005258322
16,0.5053330096416175
16,0.5047500017099082
16,0.5053330096416175
16,0.5079169932287186
16,0.5079580005258322
16,0.5052500055171549
16,0.5052500055171549
16,0.5052500055171549
16,0.5072919884696603
16,0.5054170032963157
16,0.5079999973531812
16,0.5079170223325491
16,0.5156249972060323
16,0.5395000043790787
16,0.47500000800937414
16,0.4766249912790954
16,0.4622919950634241
16,0.4676670068874955
16,0.4780000017490238
16,0.49137501628138125
16,0.4929999995511025
16,0.5002919933758676
16,0.5024999845772982
16,0.4998749936930835
16,0.4754590045195073
16,0.4649579932447523
16,0.5025829887017608
16,0.4914590099360794
16,0.4852499987464398
16,0.4729169886559248
16,0.47545897541567683
16,0.47620898112654686
16,0.4940000071655959
16,0.48504199367016554
16,0.502042006701231
16,0.5022090044803917
16,0.4961660015396774
16,0.49620799836702645
16,0.5070000188425183
16,0.5033750203438103
16,0.507791992276907
16,0.507416989421472
16,0.5034169880673289
16,0.5032919871155173
16,0.5119580018799752
16,0.5033749912399799
16,0.5131250072736293
16,0.5073749925941229
16,0.508166995132342
16,0.5127500044181943
16,0.5130000063218176
16,0.5224589840508997
16,0.5537499964702874
16,0.471624982310459
16,0.4714170063380152
16,0.4962499951943755
16,0.4929169954266399
16,0.49012500676326454
16,0.48108299961313605
16,0.4939580103382468
16,0.5015410133637488
16,0.4988340078853071
16,0.4775409761350602
16,0.4660000267904252
16,0.4926249966956675
16,0.49662499804981053
16,0.48787498963065445
16,0.4896669997833669
16,0.4941670049447566
16,0.49904201296158135
16,0.4990419838577509
16,0.504250027006492
16,0.49945901264436543
16,0.507791992276907
16,0.4990000161342323
16,0.5015830101910979
16,0.4990419838577509
16,0.49912501708604395
16,0.49895799020305276
16,0.4989170120097697
16,0.502375012729317
16,0.4989170120097697
16,0.5013329791836441
16,0.5054170032963157
16,0.4989169829059392
16,0.49904099432751536
16,0.5018330120947212
16,0.5013330082874745
16,0.5040410032961518
16,0.501292000990361
16,0.5016250070184469
16,0.5069159960839897
16,0.5078749964013696
16,0.5046250007580966
16,0.5040839896537364
16,0.5012500041630119
16,0.5077089881524444
16,0.5014170019421726
16,0.5014170019421726
16,0.5013749760109931
16,0.5013750051148236
16,0.5012500041630119
16,0.5014580092392862
16,0.5013750051148236
16,0.5040000251028687
16,0.5037499940954149
16,0.5058330134488642
16,0.5014580092392862
