System,Latency_ms
Static PQ (Pure ADC),0.3330000035930425
AO-PQ (Pure ADC Multi-Epoch),0.3193750017089769
Static PQ (Pure ADC),0.22762500157114118
AO-PQ (Pure ADC Multi-Epoch),0.29266699857544154
Static PQ (Pure ADC),0.21970800298731774
AO-PQ (Pure ADC Multi-Epoch),0.27887499891221523
Static PQ (Pure ADC),0.1801249891286716
AO-PQ (Pure ADC Multi-Epoch),0.240332999965176
Static PQ (Pure ADC),0.31620801019016653
AO-PQ (Pure ADC Multi-Epoch),0.33724999229889363
Static PQ (Pure ADC),0.18470801296643913
AO-PQ (Pure ADC Multi-Epoch),0.2855000057024881
Static PQ (Pure ADC),0.3145829978166148
AO-PQ (Pure ADC Multi-Epoch),0.28658298833761364
Static PQ (Pure ADC),0.3145420050714165
AO-PQ (Pure ADC Multi-Epoch),0.2855420025298372
Static PQ (Pure ADC),0.21129199012648314
AO-PQ (Pure ADC Multi-Epoch),0.24320799275301397
Static PQ (Pure ADC),0.20891700114589185
AO-PQ (Pure ADC Multi-Epoch),0.25641599495429546
Static PQ (Pure ADC),0.298250000923872
AO-PQ (Pure ADC Multi-Epoch),0.24629100516904145
Static PQ (Pure ADC),0.18504199397284538
AO-PQ (Pure ADC Multi-Epoch),0.24416700762230903
Static PQ (Pure ADC),0.34941700869239867
AO-PQ (Pure ADC Multi-Epoch),0.3302080003777519
Static PQ (Pure ADC),0.2876660000765696
AO-PQ (Pure ADC Multi-Epoch),0.27466700703371316
Static PQ (Pure ADC),0.19433299894444644
AO-PQ (Pure ADC Multi-Epoch),0.28416700661182404
Static PQ (Pure ADC),0.16629199672024697
AO-PQ (Pure ADC Multi-Epoch),0.24666599347256124
Static PQ (Pure ADC),0.185500000952743
AO-PQ (Pure ADC Multi-Epoch),0.27291699370834976
Static PQ (Pure ADC),0.32820900378283113
AO-PQ (Pure ADC Multi-Epoch),0.3092090046266094
Static PQ (Pure ADC),0.18895800167229027
AO-PQ (Pure ADC Multi-Epoch),0.29399999766610563
Static PQ (Pure ADC),0.18033299420494586
AO-PQ (Pure ADC Multi-Epoch),0.28558300982695073
Static PQ (Pure ADC),0.1802079932531342
AO-PQ (Pure ADC Multi-Epoch),0.30204199720174074
Static PQ (Pure ADC),0.17229099466931075
AO-PQ (Pure ADC Multi-Epoch),0.2604999899631366
Static PQ (Pure ADC),0.21054199896752834
AO-PQ (Pure ADC Multi-Epoch),0.3141249908367172
Static PQ (Pure ADC),0.1824160135583952
AO-PQ (Pure ADC Multi-Epoch),0.2733329893089831
Static PQ (Pure ADC),0.16933299775701016
AO-PQ (Pure ADC Multi-Epoch),0.23879201035015285
Static PQ (Pure ADC),0.3335830115247518
AO-PQ (Pure ADC Multi-Epoch),0.32412499422207475
Static PQ (Pure ADC),0.22112499573267996
AO-PQ (Pure ADC Multi-Epoch),0.2606250054668635
Static PQ (Pure ADC),0.3578329924494028
AO-PQ (Pure ADC Multi-Epoch),0.2400419907644391
Static PQ (Pure ADC),0.30691700521856546
AO-PQ (Pure ADC Multi-Epoch),0.3174169978592545
Static PQ (Pure ADC),0.20725000649690628
AO-PQ (Pure ADC Multi-Epoch),0.2685409999685362
Static PQ (Pure ADC),0.3810829948633909
AO-PQ (Pure ADC Multi-Epoch),0.2852909965440631
Static PQ (Pure ADC),0.23725000210106373
AO-PQ (Pure ADC Multi-Epoch),0.28041598852723837
Static PQ (Pure ADC),0.2542909933254123
AO-PQ (Pure ADC Multi-Epoch),0.2908749884227291
Static PQ (Pure ADC),0.2227500081062317
AO-PQ (Pure ADC Multi-Epoch),0.27999999292660505
Static PQ (Pure ADC),0.23641700681764632
AO-PQ (Pure ADC Multi-Epoch),0.25749999622348696
Static PQ (Pure ADC),0.37112500285729766
AO-PQ (Pure ADC Multi-Epoch),0.4778750007972121
Static PQ (Pure ADC),0.3770829935092479
AO-PQ (Pure ADC Multi-Epoch),0.2939590049209073
Static PQ (Pure ADC),0.2096250100294128
AO-PQ (Pure ADC Multi-Epoch),0.32329199893865734
Static PQ (Pure ADC),0.17595798999536783
AO-PQ (Pure ADC Multi-Epoch),0.286666996544227
Static PQ (Pure ADC),0.192749997950159
AO-PQ (Pure ADC Multi-Epoch),0.304959001368843
Static PQ (Pure ADC),0.18216698663309216
AO-PQ (Pure ADC Multi-Epoch),0.2572080120444298
Static PQ (Pure ADC),0.18879200797528028
AO-PQ (Pure ADC Multi-Epoch),0.28170799487270415
Static PQ (Pure ADC),0.17566600581631064
AO-PQ (Pure ADC Multi-Epoch),0.26775000151246786
Static PQ (Pure ADC),0.19716699898708612
AO-PQ (Pure ADC Multi-Epoch),0.2924169966718182
Static PQ (Pure ADC),0.1654579973546788
AO-PQ (Pure ADC Multi-Epoch),0.2016669895965606
Static PQ (Pure ADC),0.210291997063905
AO-PQ (Pure ADC Multi-Epoch),0.2793750027194619
Static PQ (Pure ADC),0.1902920048451051
AO-PQ (Pure ADC Multi-Epoch),0.26291700487490743
Static PQ (Pure ADC),0.17820799257606268
AO-PQ (Pure ADC Multi-Epoch),0.3002090088557452
Static PQ (Pure ADC),0.1935420004883781
AO-PQ (Pure ADC Multi-Epoch),0.2844170085154474
Static PQ (Pure ADC),0.29995900695212185
AO-PQ (Pure ADC Multi-Epoch),0.29245800396893173
Static PQ (Pure ADC),0.2535410021664575
AO-PQ (Pure ADC Multi-Epoch),0.2641249884618446
Static PQ (Pure ADC),0.1793749979697168
AO-PQ (Pure ADC Multi-Epoch),0.28904200007673353
Static PQ (Pure ADC),0.18116700812242925
AO-PQ (Pure ADC Multi-Epoch),0.2988339983858168
Static PQ (Pure ADC),0.24258300254587084
AO-PQ (Pure ADC Multi-Epoch),0.21308299619704485
Static PQ (Pure ADC),0.19741700089070946
AO-PQ (Pure ADC Multi-Epoch),0.20112500351388007
Static PQ (Pure ADC),0.2188749931519851
AO-PQ (Pure ADC Multi-Epoch),0.2345829998375848
Static PQ (Pure ADC),0.32612499489914626
AO-PQ (Pure ADC Multi-Epoch),0.18999999156221747
Static PQ (Pure ADC),0.2804590039886534
AO-PQ (Pure ADC Multi-Epoch),0.24129200028255582
Static PQ (Pure ADC),0.34483399940654635
AO-PQ (Pure ADC Multi-Epoch),0.19758300913963467
Static PQ (Pure ADC),0.363041996024549
AO-PQ (Pure ADC Multi-Epoch),0.38766600482631475
Static PQ (Pure ADC),0.21608300448860973
AO-PQ (Pure ADC Multi-Epoch),0.2774170134216547
Static PQ (Pure ADC),0.47599998652003706
AO-PQ (Pure ADC Multi-Epoch),0.4312090022722259
Static PQ (Pure ADC),0.21558300068136305
AO-PQ (Pure ADC Multi-Epoch),0.3327910089865327
Static PQ (Pure ADC),0.5067080055596307
AO-PQ (Pure ADC Multi-Epoch),0.4063340020366013
Static PQ (Pure ADC),0.37379100103862584
AO-PQ (Pure ADC Multi-Epoch),0.4030839918414131
Static PQ (Pure ADC),0.37683299160562456
AO-PQ (Pure ADC Multi-Epoch),0.3043750039068982
Static PQ (Pure ADC),0.28991700673941523
AO-PQ (Pure ADC Multi-Epoch),0.5160840082680807
Static PQ (Pure ADC),0.6927919894224033
AO-PQ (Pure ADC Multi-Epoch),0.3197499900124967
Static PQ (Pure ADC),0.2732499997364357
AO-PQ (Pure ADC Multi-Epoch),0.3489579976303503
Static PQ (Pure ADC),0.33320799411740154
AO-PQ (Pure ADC Multi-Epoch),0.3365829907124862
Static PQ (Pure ADC),0.3792080096900463
AO-PQ (Pure ADC Multi-Epoch),0.29224999889265746
Static PQ (Pure ADC),0.4020409978693351
AO-PQ (Pure ADC Multi-Epoch),0.40012499084696174
Static PQ (Pure ADC),0.4192079941276461
AO-PQ (Pure ADC Multi-Epoch),0.2876670041587204
Static PQ (Pure ADC),0.2814170002238825
AO-PQ (Pure ADC Multi-Epoch),0.3152089921059087
Static PQ (Pure ADC),0.21458299306686968
AO-PQ (Pure ADC Multi-Epoch),0.2789999998640269
Static PQ (Pure ADC),0.291000003926456
AO-PQ (Pure ADC Multi-Epoch),0.29758400341961533
Static PQ (Pure ADC),0.39775000186637044
AO-PQ (Pure ADC Multi-Epoch),0.24679199850652367
Static PQ (Pure ADC),0.20870899606961757
AO-PQ (Pure ADC Multi-Epoch),0.23566601157654077
Static PQ (Pure ADC),0.45958400005474687
AO-PQ (Pure ADC Multi-Epoch),0.19208400044590235
Static PQ (Pure ADC),0.33120799344033003
AO-PQ (Pure ADC Multi-Epoch),0.33195799915120006
Static PQ (Pure ADC),0.4245830059517175
AO-PQ (Pure ADC Multi-Epoch),0.23941700055729598
Static PQ (Pure ADC),0.3139580076094717
AO-PQ (Pure ADC Multi-Epoch),0.33099998836405575
Static PQ (Pure ADC),0.5522499996004626
AO-PQ (Pure ADC Multi-Epoch),0.2806249976856634
Static PQ (Pure ADC),0.4013330035377294
AO-PQ (Pure ADC Multi-Epoch),0.19979200442321599
Static PQ (Pure ADC),0.3082920011365786
AO-PQ (Pure ADC Multi-Epoch),0.2487090096110478
Static PQ (Pure ADC),0.342958010151051
AO-PQ (Pure ADC Multi-Epoch),0.21462500444613397
Static PQ (Pure ADC),0.18837499374058098
AO-PQ (Pure ADC Multi-Epoch),0.23770800908096135
Static PQ (Pure ADC),0.5624159966828302
AO-PQ (Pure ADC Multi-Epoch),0.2280409971717745
Static PQ (Pure ADC),0.5501669947989285
AO-PQ (Pure ADC Multi-Epoch),0.2587500057416037
Static PQ (Pure ADC),0.6533330015372485
AO-PQ (Pure ADC Multi-Epoch),0.21283399837557226
Static PQ (Pure ADC),0.28479199681896716
AO-PQ (Pure ADC Multi-Epoch),0.45112500083632767
Static PQ (Pure ADC),0.4019999905722216
AO-PQ (Pure ADC Multi-Epoch),0.3997080057160929
Static PQ (Pure ADC),0.2645409986143932
AO-PQ (Pure ADC Multi-Epoch),0.43504100176505744
Static PQ (Pure ADC),0.3647499979706481
AO-PQ (Pure ADC Multi-Epoch),0.38449998828582466
Static PQ (Pure ADC),0.4802920011570677
AO-PQ (Pure ADC Multi-Epoch),0.5671249964507297
Static PQ (Pure ADC),0.42158400174230337
AO-PQ (Pure ADC Multi-Epoch),0.35795899748336524
Static PQ (Pure ADC),0.4203749995213002
AO-PQ (Pure ADC Multi-Epoch),0.356167001882568
Static PQ (Pure ADC),0.33362500835210085
AO-PQ (Pure ADC Multi-Epoch),0.36062501021660864
Static PQ (Pure ADC),0.2521670103305951
AO-PQ (Pure ADC Multi-Epoch),0.3570409899111837
Static PQ (Pure ADC),0.4556659987429157
AO-PQ (Pure ADC Multi-Epoch),0.35545899299904704
Static PQ (Pure ADC),0.2513330109650269
AO-PQ (Pure ADC Multi-Epoch),0.3429999924264848
Static PQ (Pure ADC),0.555791993974708
AO-PQ (Pure ADC Multi-Epoch),0.2746250102063641
Static PQ (Pure ADC),0.24529099755454808
AO-PQ (Pure ADC Multi-Epoch),0.3410839999560267
Static PQ (Pure ADC),0.22104199160821736
AO-PQ (Pure ADC Multi-Epoch),0.27766599669121206
Static PQ (Pure ADC),0.46283300616778433
AO-PQ (Pure ADC Multi-Epoch),0.3450410004006699
Static PQ (Pure ADC),0.42549999488983303
AO-PQ (Pure ADC Multi-Epoch),0.2536669926485047
Static PQ (Pure ADC),0.2774170134216547
AO-PQ (Pure ADC Multi-Epoch),0.27312499878462404
Static PQ (Pure ADC),0.24554198898840696
AO-PQ (Pure ADC Multi-Epoch),0.4626660083886236
Static PQ (Pure ADC),0.2560829889262095
AO-PQ (Pure ADC Multi-Epoch),0.301334002870135
Static PQ (Pure ADC),0.24558301083743572
AO-PQ (Pure ADC Multi-Epoch),0.2772090083453804
Static PQ (Pure ADC),0.4313749959692359
AO-PQ (Pure ADC Multi-Epoch),0.275624988717027
Static PQ (Pure ADC),0.8850839949445799
AO-PQ (Pure ADC Multi-Epoch),0.28587500855792314
Static PQ (Pure ADC),0.6066670030122623
AO-PQ (Pure ADC Multi-Epoch),0.33483299193903804
Static PQ (Pure ADC),0.45358399802353233
AO-PQ (Pure ADC Multi-Epoch),0.35104200651403517
Static PQ (Pure ADC),0.47825000365264714
AO-PQ (Pure ADC Multi-Epoch),0.284333000308834
Static PQ (Pure ADC),0.42995900730602443
AO-PQ (Pure ADC Multi-Epoch),0.27387500449549407
Static PQ (Pure ADC),0.6029159994795918
AO-PQ (Pure ADC Multi-Epoch),0.2922919957200065
Static PQ (Pure ADC),0.25716700474731624
AO-PQ (Pure ADC Multi-Epoch),0.26708299992606044
Static PQ (Pure ADC),0.24691599537618458
AO-PQ (Pure ADC Multi-Epoch),0.25254199863411486
Static PQ (Pure ADC),0.26608299231156707
AO-PQ (Pure ADC Multi-Epoch),0.41983299888670444
Static PQ (Pure ADC),0.5575830000452697
AO-PQ (Pure ADC Multi-Epoch),0.4605409922078252
Static PQ (Pure ADC),0.7477920007659122
AO-PQ (Pure ADC Multi-Epoch),0.33958400308620185
Static PQ (Pure ADC),0.5442910041892901
AO-PQ (Pure ADC Multi-Epoch),0.31520800257567316
Static PQ (Pure ADC),0.5703330098185688
AO-PQ (Pure ADC Multi-Epoch),0.3918330039596185
Static PQ (Pure ADC),0.5853750044479966
AO-PQ (Pure ADC Multi-Epoch),0.3502910112729296
Static PQ (Pure ADC),0.35258400021120906
AO-PQ (Pure ADC Multi-Epoch),0.36991700471844524
Static PQ (Pure ADC),0.27354099438525736
AO-PQ (Pure ADC Multi-Epoch),0.4171659966232255
Static PQ (Pure ADC),0.3219170030206442
AO-PQ (Pure ADC Multi-Epoch),0.3594999870983884
Static PQ (Pure ADC),0.54187499335967
AO-PQ (Pure ADC Multi-Epoch),0.403582991566509
Static PQ (Pure ADC),0.47220800479408354
AO-PQ (Pure ADC Multi-Epoch),0.6251250015338883
Static PQ (Pure ADC),0.2417499927105382
AO-PQ (Pure ADC Multi-Epoch),0.5195839912630618
Static PQ (Pure ADC),0.552541998331435
AO-PQ (Pure ADC Multi-Epoch),0.5170420045033097
Static PQ (Pure ADC),0.3789159964071587
AO-PQ (Pure ADC Multi-Epoch),0.37399999564513564
Static PQ (Pure ADC),0.23112499911803752
AO-PQ (Pure ADC Multi-Epoch),0.39191699761431664
Static PQ (Pure ADC),0.5587920022662729
AO-PQ (Pure ADC Multi-Epoch),0.37933299608994275
Static PQ (Pure ADC),0.5467919982038438
AO-PQ (Pure ADC Multi-Epoch),0.378625001758337
Static PQ (Pure ADC),1.2822080025216565
AO-PQ (Pure ADC Multi-Epoch),0.5372079904191196
Static PQ (Pure ADC),0.9454579994780943
AO-PQ (Pure ADC Multi-Epoch),0.37404200702439994
Static PQ (Pure ADC),0.34495799627620727
AO-PQ (Pure ADC Multi-Epoch),0.4259999986970797
Static PQ (Pure ADC),0.4825409996556118
AO-PQ (Pure ADC Multi-Epoch),0.756499997805804
Static PQ (Pure ADC),0.2588330098660663
AO-PQ (Pure ADC Multi-Epoch),0.3633330052252859
Static PQ (Pure ADC),0.25916700542438775
AO-PQ (Pure ADC Multi-Epoch),0.570417003473267
Static PQ (Pure ADC),0.8387920097447932
AO-PQ (Pure ADC Multi-Epoch),0.38416699680965394
Static PQ (Pure ADC),0.7517089979955927
AO-PQ (Pure ADC Multi-Epoch),0.38287499046418816
Static PQ (Pure ADC),0.2560829889262095
AO-PQ (Pure ADC Multi-Epoch),0.3935830027330667
Static PQ (Pure ADC),0.5227080109762028
AO-PQ (Pure ADC Multi-Epoch),0.33512499067001045
Static PQ (Pure ADC),0.3295420028734952
AO-PQ (Pure ADC Multi-Epoch),0.38050000148359686
Static PQ (Pure ADC),0.541667002835311
AO-PQ (Pure ADC Multi-Epoch),0.4079580103280023
Static PQ (Pure ADC),0.61329199525062
AO-PQ (Pure ADC Multi-Epoch),0.3622920048655942
Static PQ (Pure ADC),0.6676670018350706
AO-PQ (Pure ADC Multi-Epoch),0.36283400550018996
Static PQ (Pure ADC),0.4849580000154674
AO-PQ (Pure ADC Multi-Epoch),0.43683400144800544
Static PQ (Pure ADC),0.26375000015832484
AO-PQ (Pure ADC Multi-Epoch),0.4112089955015108
Static PQ (Pure ADC),0.2777090121526271
AO-PQ (Pure ADC Multi-Epoch),0.4657090030377731
Static PQ (Pure ADC),0.864041008753702
AO-PQ (Pure ADC Multi-Epoch),0.5006249994039536
Static PQ (Pure ADC),0.3362500137882307
AO-PQ (Pure ADC Multi-Epoch),0.37483299092855304
Static PQ (Pure ADC),0.25716700474731624
AO-PQ (Pure ADC Multi-Epoch),0.6249159923754632
Static PQ (Pure ADC),0.45791600132361054
AO-PQ (Pure ADC Multi-Epoch),0.3935830027330667
Static PQ (Pure ADC),0.28900000324938446
AO-PQ (Pure ADC Multi-Epoch),0.4231249913573265
Static PQ (Pure ADC),0.5443340050987899
AO-PQ (Pure ADC Multi-Epoch),0.6655420002061874
Static PQ (Pure ADC),0.890374998562038
AO-PQ (Pure ADC Multi-Epoch),0.47308299690485
Static PQ (Pure ADC),0.6180830096127465
AO-PQ (Pure ADC Multi-Epoch),0.6343330023810267
Static PQ (Pure ADC),0.695167007506825
AO-PQ (Pure ADC Multi-Epoch),0.4089580033905804
Static PQ (Pure ADC),0.3591249987948686
AO-PQ (Pure ADC Multi-Epoch),0.4735410038847476
Static PQ (Pure ADC),0.264208996668458
AO-PQ (Pure ADC Multi-Epoch),0.4370420065242797
Static PQ (Pure ADC),0.2656249998835847
AO-PQ (Pure ADC Multi-Epoch),0.43483299668878317
Static PQ (Pure ADC),0.7913750014267862
AO-PQ (Pure ADC Multi-Epoch),0.4486249963520095
Static PQ (Pure ADC),0.262625006143935
AO-PQ (Pure ADC Multi-Epoch),0.6722499965690076
Static PQ (Pure ADC),0.2507500030333176
AO-PQ (Pure ADC Multi-Epoch),0.4108339926460758
Static PQ (Pure ADC),0.5081659910501912
AO-PQ (Pure ADC Multi-Epoch),0.3796250093728304
Static PQ (Pure ADC),0.8620419976068661
AO-PQ (Pure ADC Multi-Epoch),0.4412499984027818
Static PQ (Pure ADC),0.2670419926289469
AO-PQ (Pure ADC Multi-Epoch),0.43366700992919505
Static PQ (Pure ADC),0.28212499455548823
AO-PQ (Pure ADC Multi-Epoch),0.4210420011077076
Static PQ (Pure ADC),0.2937079989351332
AO-PQ (Pure ADC Multi-Epoch),0.4022920038551092
Static PQ (Pure ADC),0.3246669948566705
AO-PQ (Pure ADC Multi-Epoch),0.39149999793153256
Static PQ (Pure ADC),0.28649999876506627
AO-PQ (Pure ADC Multi-Epoch),0.3276249917689711
Static PQ (Pure ADC),0.7197910017566755
AO-PQ (Pure ADC Multi-Epoch),0.30833299388177693
Static PQ (Pure ADC),0.2629169903229922
AO-PQ (Pure ADC Multi-Epoch),0.47658299445174634
Static PQ (Pure ADC),0.2700000040931627
AO-PQ (Pure ADC Multi-Epoch),0.3392910002730787
Static PQ (Pure ADC),0.3087920049438253
AO-PQ (Pure ADC Multi-Epoch),0.3185419918736443
Static PQ (Pure ADC),0.32716600981075317
AO-PQ (Pure ADC Multi-Epoch),0.2918329992098734
Static PQ (Pure ADC),0.29741600155830383
AO-PQ (Pure ADC Multi-Epoch),0.4412090056575835
Static PQ (Pure ADC),0.3034170076716691
AO-PQ (Pure ADC Multi-Epoch),0.40804099990054965
Static PQ (Pure ADC),0.30395899375434965
AO-PQ (Pure ADC Multi-Epoch),0.4550829908112064
Static PQ (Pure ADC),0.3247499989811331
AO-PQ (Pure ADC Multi-Epoch),0.417333998484537
Static PQ (Pure ADC),0.2872080076485872
AO-PQ (Pure ADC Multi-Epoch),0.7111250015441328
Static PQ (Pure ADC),0.3014579997397959
AO-PQ (Pure ADC Multi-Epoch),0.4504999960772693
Static PQ (Pure ADC),0.29912499303463846
AO-PQ (Pure ADC Multi-Epoch),0.4464999947231263
Static PQ (Pure ADC),0.30758300272282213
AO-PQ (Pure ADC Multi-Epoch),0.5002919933758676
Static PQ (Pure ADC),0.28199999360367656
AO-PQ (Pure ADC Multi-Epoch),0.42283399670850486
Static PQ (Pure ADC),0.27216698799747974
AO-PQ (Pure ADC Multi-Epoch),0.43062499025836587
Static PQ (Pure ADC),0.2564590104157105
AO-PQ (Pure ADC Multi-Epoch),0.3763330023502931
Static PQ (Pure ADC),1.0113330063177273
AO-PQ (Pure ADC Multi-Epoch),0.4625000001396984
Static PQ (Pure ADC),0.27562500326894224
AO-PQ (Pure ADC Multi-Epoch),0.465832999907434
Static PQ (Pure ADC),0.3293750050943345
AO-PQ (Pure ADC Multi-Epoch),0.418958006775938
Static PQ (Pure ADC),0.3108749951934442
AO-PQ (Pure ADC Multi-Epoch),0.42070800554938614
Static PQ (Pure ADC),0.7655000081285834
AO-PQ (Pure ADC Multi-Epoch),0.3607500111684203
Static PQ (Pure ADC),0.26283400075044483
AO-PQ (Pure ADC Multi-Epoch),0.3410420031286776
Static PQ (Pure ADC),0.25924999499693513
AO-PQ (Pure ADC Multi-Epoch),0.3288750012870878
Static PQ (Pure ADC),1.0660419939085841
AO-PQ (Pure ADC Multi-Epoch),0.5169999931240454
Static PQ (Pure ADC),0.28466599178500473
AO-PQ (Pure ADC Multi-Epoch),0.32262501190416515
Static PQ (Pure ADC),0.3625410026870668
AO-PQ (Pure ADC Multi-Epoch),0.36829200689680874
Static PQ (Pure ADC),0.302958011161536
AO-PQ (Pure ADC Multi-Epoch),0.35245799517724663
Static PQ (Pure ADC),0.24991600366774946
AO-PQ (Pure ADC Multi-Epoch),0.32308300433214754
Static PQ (Pure ADC),0.25554200692567974
AO-PQ (Pure ADC Multi-Epoch),0.3100000030826777
Static PQ (Pure ADC),0.33220798650290817
AO-PQ (Pure ADC Multi-Epoch),0.3641669900389388
Static PQ (Pure ADC),0.25904198992066085
AO-PQ (Pure ADC Multi-Epoch),0.3158329927828163
Static PQ (Pure ADC),0.37358299596235156
AO-PQ (Pure ADC Multi-Epoch),0.29483300750143826
Static PQ (Pure ADC),0.29883299430366606
AO-PQ (Pure ADC Multi-Epoch),0.46195799950510263
Static PQ (Pure ADC),0.7022909994702786
AO-PQ (Pure ADC Multi-Epoch),0.3405840107006952
Static PQ (Pure ADC),0.5591249937424436
AO-PQ (Pure ADC Multi-Epoch),0.31037500593811274
Static PQ (Pure ADC),0.3166670067002997
AO-PQ (Pure ADC Multi-Epoch),0.4027090035378933
Static PQ (Pure ADC),0.2962500002468005
AO-PQ (Pure ADC Multi-Epoch),0.4270839999662712
Static PQ (Pure ADC),0.49483400653116405
AO-PQ (Pure ADC Multi-Epoch),0.7895000017015263
Static PQ (Pure ADC),0.3192089934600517
AO-PQ (Pure ADC Multi-Epoch),0.5302920035319403
Static PQ (Pure ADC),0.32258300052490085
AO-PQ (Pure ADC Multi-Epoch),0.4302500019548461
Static PQ (Pure ADC),0.3162500070175156
AO-PQ (Pure ADC Multi-Epoch),0.4374170093797147
Static PQ (Pure ADC),0.37775000964757055
AO-PQ (Pure ADC Multi-Epoch),0.403041995014064
Static PQ (Pure ADC),0.9430409991182387
AO-PQ (Pure ADC Multi-Epoch),0.7894580048741773
Static PQ (Pure ADC),0.618042002315633
AO-PQ (Pure ADC Multi-Epoch),0.5251669936114922
Static PQ (Pure ADC),0.3349170001456514
AO-PQ (Pure ADC Multi-Epoch),0.4210420011077076
Static PQ (Pure ADC),0.9033749956870452
AO-PQ (Pure ADC Multi-Epoch),0.40633299795445055
Static PQ (Pure ADC),0.30808399606030434
AO-PQ (Pure ADC Multi-Epoch),1.032625004881993
Static PQ (Pure ADC),0.3309159947093576
AO-PQ (Pure ADC Multi-Epoch),0.3542079939506948
Static PQ (Pure ADC),0.2954579977085814
AO-PQ (Pure ADC Multi-Epoch),0.34145898825954646
Static PQ (Pure ADC),0.25387499772477895
AO-PQ (Pure ADC Multi-Epoch),0.3610420098993927
Static PQ (Pure ADC),0.2887919981731102
AO-PQ (Pure ADC Multi-Epoch),0.3645839897217229
Static PQ (Pure ADC),0.3206669935025275
AO-PQ (Pure ADC Multi-Epoch),0.3450419899309054
Static PQ (Pure ADC),0.29066699789837
AO-PQ (Pure ADC Multi-Epoch),0.3485000052023679
Static PQ (Pure ADC),0.3064579941565171
AO-PQ (Pure ADC Multi-Epoch),0.3811250062426552
Static PQ (Pure ADC),0.2638750011101365
AO-PQ (Pure ADC Multi-Epoch),0.3280000091763213
Static PQ (Pure ADC),0.31274999491870403
AO-PQ (Pure ADC Multi-Epoch),0.3665420081233606
Static PQ (Pure ADC),0.3039580042241141
AO-PQ (Pure ADC Multi-Epoch),0.3206249966751784
Static PQ (Pure ADC),0.2963330043712631
AO-PQ (Pure ADC Multi-Epoch),0.38316599966492504
Static PQ (Pure ADC),0.3425839968258515
AO-PQ (Pure ADC Multi-Epoch),0.5262920021777973
Static PQ (Pure ADC),0.29195800016168505
AO-PQ (Pure ADC Multi-Epoch),0.32370799453929067
Static PQ (Pure ADC),0.27949998911935836
AO-PQ (Pure ADC Multi-Epoch),0.603542008320801
Static PQ (Pure ADC),0.28366700280457735
AO-PQ (Pure ADC Multi-Epoch),0.3301249962532893
Static PQ (Pure ADC),0.26899999647866935
AO-PQ (Pure ADC Multi-Epoch),0.45404200500342995
Static PQ (Pure ADC),0.617666999460198
AO-PQ (Pure ADC Multi-Epoch),0.913042007596232
Static PQ (Pure ADC),0.9993330022552982
AO-PQ (Pure ADC Multi-Epoch),0.34283399872947484
Static PQ (Pure ADC),0.3620830102590844
AO-PQ (Pure ADC Multi-Epoch),0.45954198867548257
Static PQ (Pure ADC),0.8740419871173799
AO-PQ (Pure ADC Multi-Epoch),0.39775000186637044
Static PQ (Pure ADC),0.3602090000640601
AO-PQ (Pure ADC Multi-Epoch),0.4306250048102811
Static PQ (Pure ADC),0.3088749945163727
AO-PQ (Pure ADC Multi-Epoch),0.4430410044733435
Static PQ (Pure ADC),0.3066249919356778
AO-PQ (Pure ADC Multi-Epoch),0.41633400542195886
Static PQ (Pure ADC),0.31358299020212144
AO-PQ (Pure ADC Multi-Epoch),0.4062079970026389
Static PQ (Pure ADC),0.33387499570380896
AO-PQ (Pure ADC Multi-Epoch),0.48320900532417
Static PQ (Pure ADC),0.32449999707750976
AO-PQ (Pure ADC Multi-Epoch),0.46954199206084013
Static PQ (Pure ADC),0.3438749990891665
AO-PQ (Pure ADC Multi-Epoch),0.5452080076793209
Static PQ (Pure ADC),0.3566250088624656
AO-PQ (Pure ADC Multi-Epoch),0.44233299558982253
Static PQ (Pure ADC),0.7173330086516216
AO-PQ (Pure ADC Multi-Epoch),0.8173749956768006
Static PQ (Pure ADC),0.3757499944185838
AO-PQ (Pure ADC Multi-Epoch),0.498042005347088
Static PQ (Pure ADC),0.3556669980753213
AO-PQ (Pure ADC Multi-Epoch),0.3690409939736128
Static PQ (Pure ADC),0.3450419899309054
AO-PQ (Pure ADC Multi-Epoch),0.3506250068312511
Static PQ (Pure ADC),0.6187499966472387
AO-PQ (Pure ADC Multi-Epoch),0.34149999555666
Static PQ (Pure ADC),0.2711670094868168
AO-PQ (Pure ADC Multi-Epoch),0.295541001833044
Static PQ (Pure ADC),0.3374579973751679
AO-PQ (Pure ADC Multi-Epoch),0.3296670038253069
Static PQ (Pure ADC),0.3034169931197539
AO-PQ (Pure ADC Multi-Epoch),0.3732080076588318
Static PQ (Pure ADC),0.28079199546482414
AO-PQ (Pure ADC Multi-Epoch),0.3062920004595071
Static PQ (Pure ADC),0.2507500030333176
AO-PQ (Pure ADC Multi-Epoch),0.33645800431258976
Static PQ (Pure ADC),0.2582090091891587
AO-PQ (Pure ADC Multi-Epoch),0.8179170108633116
Static PQ (Pure ADC),0.31024999043438584
AO-PQ (Pure ADC Multi-Epoch),0.3378750116098672
Static PQ (Pure ADC),0.283582994597964
AO-PQ (Pure ADC Multi-Epoch),0.3741669934242964
Static PQ (Pure ADC),0.31687501177657396
AO-PQ (Pure ADC Multi-Epoch),0.33879200054798275
Static PQ (Pure ADC),0.32058299984782934
AO-PQ (Pure ADC Multi-Epoch),0.3094160056207329
Static PQ (Pure ADC),0.27800000680144876
AO-PQ (Pure ADC Multi-Epoch),0.29687500500585884
Static PQ (Pure ADC),0.30179099121596664
AO-PQ (Pure ADC Multi-Epoch),0.31841700547374785
Static PQ (Pure ADC),0.3223750100005418
AO-PQ (Pure ADC Multi-Epoch),0.3880829899571836
Static PQ (Pure ADC),0.276708000455983
AO-PQ (Pure ADC Multi-Epoch),0.3656250046333298
Static PQ (Pure ADC),0.2565000031609088
AO-PQ (Pure ADC Multi-Epoch),0.34620799124240875
Static PQ (Pure ADC),0.3946250071749091
AO-PQ (Pure ADC Multi-Epoch),0.4286250041332096
Static PQ (Pure ADC),0.595208999584429
AO-PQ (Pure ADC Multi-Epoch),0.7642080017831177
Static PQ (Pure ADC),0.38174999644979835
AO-PQ (Pure ADC Multi-Epoch),0.4883329966105521
Static PQ (Pure ADC),0.36249999538995326
AO-PQ (Pure ADC Multi-Epoch),0.49449999642092735
Static PQ (Pure ADC),0.3440409927861765
AO-PQ (Pure ADC Multi-Epoch),0.42495899833738804
Static PQ (Pure ADC),0.3428750060265884
AO-PQ (Pure ADC Multi-Epoch),0.4236249951645732
Static PQ (Pure ADC),0.5809160065837204
AO-PQ (Pure ADC Multi-Epoch),0.38420798955485225
Static PQ (Pure ADC),0.6485830090241507
AO-PQ (Pure ADC Multi-Epoch),0.3714159975061193
Static PQ (Pure ADC),0.6632080039707944
AO-PQ (Pure ADC Multi-Epoch),0.4203749995213002
Static PQ (Pure ADC),0.9355410002171993
AO-PQ (Pure ADC Multi-Epoch),0.4070830036653206
Static PQ (Pure ADC),0.3991670091636479
AO-PQ (Pure ADC Multi-Epoch),0.4121249949093908
Static PQ (Pure ADC),0.38920799852348864
AO-PQ (Pure ADC Multi-Epoch),0.5433750047814101
Static PQ (Pure ADC),0.27616599982138723
AO-PQ (Pure ADC Multi-Epoch),0.4342500033089891
Static PQ (Pure ADC),0.7297919946722686
AO-PQ (Pure ADC Multi-Epoch),0.48683299974072725
Static PQ (Pure ADC),0.3607499966165051
AO-PQ (Pure ADC Multi-Epoch),0.5100829876028001
Static PQ (Pure ADC),0.2646670036483556
AO-PQ (Pure ADC Multi-Epoch),0.42183299956377596
Static PQ (Pure ADC),0.34749999758787453
AO-PQ (Pure ADC Multi-Epoch),0.3872500092256814
Static PQ (Pure ADC),0.6717910000588745
AO-PQ (Pure ADC Multi-Epoch),0.702375007676892
Static PQ (Pure ADC),0.35166600719094276
AO-PQ (Pure ADC Multi-Epoch),0.40337500104214996
Static PQ (Pure ADC),0.6580000044777989
AO-PQ (Pure ADC Multi-Epoch),0.5455829959828407
Static PQ (Pure ADC),0.6418749981094152
AO-PQ (Pure ADC Multi-Epoch),0.49337500240653753
Static PQ (Pure ADC),0.8255419961642474
AO-PQ (Pure ADC Multi-Epoch),0.47383300261572003
Static PQ (Pure ADC),0.6079589948058128
AO-PQ (Pure ADC Multi-Epoch),0.5685409996658564
Static PQ (Pure ADC),0.7068749982863665
AO-PQ (Pure ADC Multi-Epoch),0.558999992790632
Static PQ (Pure ADC),0.792124992585741
AO-PQ (Pure ADC Multi-Epoch),0.4827499942621216
Static PQ (Pure ADC),0.2811250014929101
AO-PQ (Pure ADC Multi-Epoch),0.37570799759123474
Static PQ (Pure ADC),0.6444169994210824
AO-PQ (Pure ADC Multi-Epoch),0.4859589971601963
Static PQ (Pure ADC),0.38666700129397213
AO-PQ (Pure ADC Multi-Epoch),0.4272499936632812
Static PQ (Pure ADC),0.3672500024549663
AO-PQ (Pure ADC Multi-Epoch),0.4087080014869571
Static PQ (Pure ADC),0.4257499967934564
AO-PQ (Pure ADC Multi-Epoch),0.45087501348461956
Static PQ (Pure ADC),0.3538750024745241
AO-PQ (Pure ADC Multi-Epoch),0.3905000048689544
Static PQ (Pure ADC),0.33812499896157533
AO-PQ (Pure ADC Multi-Epoch),0.45383301039692014
Static PQ (Pure ADC),0.3020410076715052
AO-PQ (Pure ADC Multi-Epoch),0.3762499982258305
Static PQ (Pure ADC),0.28483400819823146
AO-PQ (Pure ADC Multi-Epoch),0.36541601002682
Static PQ (Pure ADC),0.28383299650158733
AO-PQ (Pure ADC Multi-Epoch),0.38316599966492504
Static PQ (Pure ADC),0.391999987186864
AO-PQ (Pure ADC Multi-Epoch),0.4200409894110635
Static PQ (Pure ADC),0.32212500809691846
AO-PQ (Pure ADC Multi-Epoch),0.39362499956041574
Static PQ (Pure ADC),0.30041699938010424
AO-PQ (Pure ADC Multi-Epoch),0.3937500005122274
Static PQ (Pure ADC),0.28737499087583274
AO-PQ (Pure ADC Multi-Epoch),0.38225000025704503
Static PQ (Pure ADC),0.32554099743720144
AO-PQ (Pure ADC Multi-Epoch),0.3986249939771369
Static PQ (Pure ADC),0.3442499873926863
AO-PQ (Pure ADC Multi-Epoch),0.4351670067990199
Static PQ (Pure ADC),0.2898339880630374
AO-PQ (Pure ADC Multi-Epoch),0.36179099697619677
Static PQ (Pure ADC),0.29962499684188515
AO-PQ (Pure ADC Multi-Epoch),0.38533400220330805
Static PQ (Pure ADC),0.2920419938163832
AO-PQ (Pure ADC Multi-Epoch),0.39283299702219665
Static PQ (Pure ADC),0.29829199775122106
AO-PQ (Pure ADC Multi-Epoch),0.3709580050781369
Static PQ (Pure ADC),0.9147079981630668
AO-PQ (Pure ADC Multi-Epoch),0.4337920108810067
Static PQ (Pure ADC),0.30074999085627496
AO-PQ (Pure ADC Multi-Epoch),0.39599998854100704
Static PQ (Pure ADC),0.36662499769590795
AO-PQ (Pure ADC Multi-Epoch),0.47416599409189075
Static PQ (Pure ADC),0.3051670064451173
AO-PQ (Pure ADC Multi-Epoch),0.3743330016732216
Static PQ (Pure ADC),0.8347920083906502
AO-PQ (Pure ADC Multi-Epoch),0.4163330013398081
Static PQ (Pure ADC),0.3767500020330772
AO-PQ (Pure ADC Multi-Epoch),0.43887499487027526
Static PQ (Pure ADC),0.4116249911021441
AO-PQ (Pure ADC Multi-Epoch),0.4921670042676851
Static PQ (Pure ADC),0.29945900314487517
AO-PQ (Pure ADC Multi-Epoch),0.39887499588076025
Static PQ (Pure ADC),0.3313329943921417
AO-PQ (Pure ADC Multi-Epoch),0.4547090065898374
Static PQ (Pure ADC),0.33762499515432864
AO-PQ (Pure ADC Multi-Epoch),0.46112500422168523
Static PQ (Pure ADC),0.2707919920794666
AO-PQ (Pure ADC Multi-Epoch),0.33670899574644864
Static PQ (Pure ADC),0.3155839949613437
AO-PQ (Pure ADC Multi-Epoch),0.6854999955976382
Static PQ (Pure ADC),0.3416660038055852
AO-PQ (Pure ADC Multi-Epoch),0.3811670030700043
Static PQ (Pure ADC),0.3420830034883693
AO-PQ (Pure ADC Multi-Epoch),0.3881659940816462
Static PQ (Pure ADC),0.2610420051496476
AO-PQ (Pure ADC Multi-Epoch),0.32566700247116387
Static PQ (Pure ADC),0.39633399865124375
AO-PQ (Pure ADC Multi-Epoch),0.458042006357573
Static PQ (Pure ADC),0.3672909952001646
AO-PQ (Pure ADC Multi-Epoch),0.4530419973889366
Static PQ (Pure ADC),0.7342500030063093
AO-PQ (Pure ADC Multi-Epoch),0.469833001261577
Static PQ (Pure ADC),0.7184170099208131
AO-PQ (Pure ADC Multi-Epoch),0.6861669971840456
Static PQ (Pure ADC),0.31420899904333055
AO-PQ (Pure ADC Multi-Epoch),0.38158301322255284
Static PQ (Pure ADC),0.6909160001669079
AO-PQ (Pure ADC Multi-Epoch),0.35604200093075633
Static PQ (Pure ADC),0.32741700124461204
AO-PQ (Pure ADC Multi-Epoch),0.44012500438839197
Static PQ (Pure ADC),0.31925000075716525
AO-PQ (Pure ADC Multi-Epoch),0.3937919973395765
Static PQ (Pure ADC),0.7137500069802627
AO-PQ (Pure ADC Multi-Epoch),0.7476669998141006
Static PQ (Pure ADC),0.36462499701883644
AO-PQ (Pure ADC Multi-Epoch),0.40366699977312237
Static PQ (Pure ADC),0.3629580023698509
AO-PQ (Pure ADC Multi-Epoch),0.43825000466313213
Static PQ (Pure ADC),0.3410829958738759
AO-PQ (Pure ADC Multi-Epoch),0.39695799932815135
Static PQ (Pure ADC),0.32183300936594605
AO-PQ (Pure ADC Multi-Epoch),0.3946249926229939
Static PQ (Pure ADC),0.3250419977121055
AO-PQ (Pure ADC Multi-Epoch),0.42133299575652927
Static PQ (Pure ADC),0.34095799492206424
AO-PQ (Pure ADC Multi-Epoch),0.44333399273455143
Static PQ (Pure ADC),0.34837500425055623
AO-PQ (Pure ADC Multi-Epoch),0.38825000228825957
Static PQ (Pure ADC),0.3362090064911172
AO-PQ (Pure ADC Multi-Epoch),0.37887500366196036
Static PQ (Pure ADC),0.36366700078360736
AO-PQ (Pure ADC Multi-Epoch),0.3748330054804683
Static PQ (Pure ADC),0.32654199458193034
AO-PQ (Pure ADC Multi-Epoch),0.33725000685080886
Static PQ (Pure ADC),0.31120800122153014
AO-PQ (Pure ADC Multi-Epoch),0.2955000090878457
Static PQ (Pure ADC),0.3029999934369698
AO-PQ (Pure ADC Multi-Epoch),0.2871250035241246
Static PQ (Pure ADC),0.30120900191832334
AO-PQ (Pure ADC Multi-Epoch),0.2961249992949888
Static PQ (Pure ADC),0.3130409895675257
AO-PQ (Pure ADC Multi-Epoch),0.28058300085831434
Static PQ (Pure ADC),0.3197499900124967
AO-PQ (Pure ADC Multi-Epoch),0.33858300594147295
Static PQ (Pure ADC),0.3164999943692237
AO-PQ (Pure ADC Multi-Epoch),0.2908750029746443
Static PQ (Pure ADC),0.3129999968223274
AO-PQ (Pure ADC Multi-Epoch),0.29545900179073215
Static PQ (Pure ADC),0.3120829933322966
AO-PQ (Pure ADC Multi-Epoch),0.3440000000409782
Static PQ (Pure ADC),0.31029200181365013
AO-PQ (Pure ADC Multi-Epoch),0.35554199712350965
Static PQ (Pure ADC),0.31887499790173024
AO-PQ (Pure ADC Multi-Epoch),0.3370420017745346
Static PQ (Pure ADC),0.30866700399201363
AO-PQ (Pure ADC Multi-Epoch),0.3410829958738759
Static PQ (Pure ADC),0.3609590057749301
AO-PQ (Pure ADC Multi-Epoch),0.4308749921619892
Static PQ (Pure ADC),0.35391699930187315
AO-PQ (Pure ADC Multi-Epoch),0.40079199243336916
Static PQ (Pure ADC),0.37104199873283505
AO-PQ (Pure ADC Multi-Epoch),0.41024999518413097
Static PQ (Pure ADC),0.34620799124240875
AO-PQ (Pure ADC Multi-Epoch),0.43370800267439336
Static PQ (Pure ADC),0.3612909931689501
AO-PQ (Pure ADC Multi-Epoch),0.4500420036492869
Static PQ (Pure ADC),0.33691599674057215
AO-PQ (Pure ADC Multi-Epoch),0.44208399776834995
Static PQ (Pure ADC),0.3520839964039624
AO-PQ (Pure ADC Multi-Epoch),0.44216700189281255
Static PQ (Pure ADC),1.021999996737577
AO-PQ (Pure ADC Multi-Epoch),0.4239999980200082
Static PQ (Pure ADC),0.7147500000428408
AO-PQ (Pure ADC Multi-Epoch),0.5597079871222377
Static PQ (Pure ADC),0.8579580025980249
AO-PQ (Pure ADC Multi-Epoch),0.4007499956060201
Static PQ (Pure ADC),0.334084004862234
AO-PQ (Pure ADC Multi-Epoch),0.9634579910198227
Static PQ (Pure ADC),0.613666998106055
AO-PQ (Pure ADC Multi-Epoch),0.46120899787638336
Static PQ (Pure ADC),0.3699590015457943
AO-PQ (Pure ADC Multi-Epoch),0.4665419983211905
Static PQ (Pure ADC),0.3388330078450963
AO-PQ (Pure ADC Multi-Epoch),0.6002079899189994
Static PQ (Pure ADC),0.30833300843369216
AO-PQ (Pure ADC Multi-Epoch),0.3140420012641698
Static PQ (Pure ADC),0.3023750032298267
AO-PQ (Pure ADC Multi-Epoch),0.41724999027792364
Static PQ (Pure ADC),0.36108300264459103
AO-PQ (Pure ADC Multi-Epoch),0.3341669944347814
Static PQ (Pure ADC),0.31637500796932727
AO-PQ (Pure ADC Multi-Epoch),0.30374999914783984
Static PQ (Pure ADC),0.3107499942416325
AO-PQ (Pure ADC Multi-Epoch),0.40774999069981277
Static PQ (Pure ADC),0.34875000710599124
AO-PQ (Pure ADC Multi-Epoch),0.3020410076715052
Static PQ (Pure ADC),0.29245800396893173
AO-PQ (Pure ADC Multi-Epoch),0.3234579926356673
Static PQ (Pure ADC),0.6244170072022825
AO-PQ (Pure ADC Multi-Epoch),0.7049159903544933
Static PQ (Pure ADC),0.37458300357684493
AO-PQ (Pure ADC Multi-Epoch),0.3670840087579563
Static PQ (Pure ADC),0.3041669988306239
AO-PQ (Pure ADC Multi-Epoch),0.5133330123499036
Static PQ (Pure ADC),0.6175000016810372
AO-PQ (Pure ADC Multi-Epoch),0.6431660003727302
Static PQ (Pure ADC),0.3477909922366962
AO-PQ (Pure ADC Multi-Epoch),0.34870799572672695
Static PQ (Pure ADC),0.31804200261831284
AO-PQ (Pure ADC Multi-Epoch),0.3562079946277663
Static PQ (Pure ADC),0.2952920040115714
AO-PQ (Pure ADC Multi-Epoch),0.3269580047344789
Static PQ (Pure ADC),0.30183300259523094
AO-PQ (Pure ADC Multi-Epoch),0.29254199762362987
Static PQ (Pure ADC),0.31279200629796833
AO-PQ (Pure ADC Multi-Epoch),0.2968749904539436
Static PQ (Pure ADC),0.6169170083012432
AO-PQ (Pure ADC Multi-Epoch),0.4092500021215528
Static PQ (Pure ADC),0.4336669953772798
AO-PQ (Pure ADC Multi-Epoch),0.8233329863287508
Static PQ (Pure ADC),0.6916249985806644
AO-PQ (Pure ADC Multi-Epoch),0.4529579891823232
Static PQ (Pure ADC),0.36345800617709756
AO-PQ (Pure ADC Multi-Epoch),0.38862499059177935
Static PQ (Pure ADC),0.44750000233761966
AO-PQ (Pure ADC Multi-Epoch),0.45845900604035705
Static PQ (Pure ADC),0.3512920084176585
AO-PQ (Pure ADC Multi-Epoch),0.6492500106105581
Static PQ (Pure ADC),0.3901669988408685
AO-PQ (Pure ADC Multi-Epoch),1.1531249911058694
Static PQ (Pure ADC),0.4388329980429262
AO-PQ (Pure ADC Multi-Epoch),0.7739580032648519
Static PQ (Pure ADC),0.37570799759123474
AO-PQ (Pure ADC Multi-Epoch),0.792124992585741
Static PQ (Pure ADC),0.3714580088853836
AO-PQ (Pure ADC Multi-Epoch),0.4430839908309281
Static PQ (Pure ADC),0.3478330036159605
AO-PQ (Pure ADC Multi-Epoch),0.3632500011008233
Static PQ (Pure ADC),0.29641701257787645
AO-PQ (Pure ADC Multi-Epoch),0.5453750054584816
Static PQ (Pure ADC),0.33237499883398414
AO-PQ (Pure ADC Multi-Epoch),0.32779200410004705
Static PQ (Pure ADC),0.4565419949358329
AO-PQ (Pure ADC Multi-Epoch),0.4649159964174032
Static PQ (Pure ADC),0.6262920069275424
AO-PQ (Pure ADC Multi-Epoch),0.6659160135313869
Static PQ (Pure ADC),1.0345830087317154
AO-PQ (Pure ADC Multi-Epoch),0.44541699753608555
Static PQ (Pure ADC),0.40441600140184164
AO-PQ (Pure ADC Multi-Epoch),0.42174999543931335
Static PQ (Pure ADC),1.038959002471529
AO-PQ (Pure ADC Multi-Epoch),0.3548749955371022
Static PQ (Pure ADC),0.3700829984154552
AO-PQ (Pure ADC Multi-Epoch),0.3337500093039125
Static PQ (Pure ADC),0.3224170068278909
AO-PQ (Pure ADC Multi-Epoch),0.6345840083668008
Static PQ (Pure ADC),0.7161250105127692
AO-PQ (Pure ADC Multi-Epoch),0.7924169913167134
Static PQ (Pure ADC),0.31812500674277544
AO-PQ (Pure ADC Multi-Epoch),0.34329200570937246
Static PQ (Pure ADC),0.3775420045712963
AO-PQ (Pure ADC Multi-Epoch),0.3908340004272759
Static PQ (Pure ADC),0.31970901181921363
AO-PQ (Pure ADC Multi-Epoch),0.3368339966982603
Static PQ (Pure ADC),0.4428329993970692
AO-PQ (Pure ADC Multi-Epoch),0.46504200145136565
Static PQ (Pure ADC),0.33920900023076683
AO-PQ (Pure ADC Multi-Epoch),0.3113749990006909
Static PQ (Pure ADC),0.3527919907355681
AO-PQ (Pure ADC Multi-Epoch),0.3600409982027486
Static PQ (Pure ADC),0.3227499983040616
AO-PQ (Pure ADC Multi-Epoch),0.34587499976623803
Static PQ (Pure ADC),0.2947920002043247
AO-PQ (Pure ADC Multi-Epoch),0.3862499870592728
Static PQ (Pure ADC),0.3501250030240044
AO-PQ (Pure ADC Multi-Epoch),0.35641700378619134
Static PQ (Pure ADC),0.3522500046528876
AO-PQ (Pure ADC Multi-Epoch),0.39754199679009616
Static PQ (Pure ADC),0.47258300764951855
AO-PQ (Pure ADC Multi-Epoch),0.47683400043752044
Static PQ (Pure ADC),0.4598749947035685
AO-PQ (Pure ADC Multi-Epoch),0.44762500328943133
Static PQ (Pure ADC),0.49287499859929085
AO-PQ (Pure ADC Multi-Epoch),0.5399159999797121
Static PQ (Pure ADC),0.39895800000522286
AO-PQ (Pure ADC Multi-Epoch),0.4388329980429262
Static PQ (Pure ADC),1.1175420077051967
AO-PQ (Pure ADC Multi-Epoch),0.5325840029399842
Static PQ (Pure ADC),0.41695800609886646
AO-PQ (Pure ADC Multi-Epoch),0.45079200936015695
Static PQ (Pure ADC),0.4416250012582168
AO-PQ (Pure ADC Multi-Epoch),0.4082089872099459
Static PQ (Pure ADC),0.44995799544267356
AO-PQ (Pure ADC Multi-Epoch),0.49037499411497265
Static PQ (Pure ADC),0.6627080001635477
AO-PQ (Pure ADC Multi-Epoch),0.6936660065548494
Static PQ (Pure ADC),0.3946659999201074
AO-PQ (Pure ADC Multi-Epoch),0.45295800373423845
Static PQ (Pure ADC),0.47766699572093785
AO-PQ (Pure ADC Multi-Epoch),0.4844999930355698
Static PQ (Pure ADC),0.6838749977760017
AO-PQ (Pure ADC Multi-Epoch),0.5792089941678569
Static PQ (Pure ADC),0.4223750001983717
AO-PQ (Pure ADC Multi-Epoch),0.4251670034136623
Static PQ (Pure ADC),0.4389590030768886
AO-PQ (Pure ADC Multi-Epoch),0.401041004806757
Static PQ (Pure ADC),0.4540419904515147
AO-PQ (Pure ADC Multi-Epoch),0.4519579961197451
Static PQ (Pure ADC),0.4503750096773729
AO-PQ (Pure ADC Multi-Epoch),0.4772910033352673
Static PQ (Pure ADC),0.47950001317076385
AO-PQ (Pure ADC Multi-Epoch),0.5627089994959533
Static PQ (Pure ADC),0.36662499769590795
AO-PQ (Pure ADC Multi-Epoch),0.49316699733026326
Static PQ (Pure ADC),0.5125830066390336
AO-PQ (Pure ADC Multi-Epoch),0.4516669869190082
Static PQ (Pure ADC),0.4709579952759668
AO-PQ (Pure ADC Multi-Epoch),0.39770900912117213
Static PQ (Pure ADC),0.4671669885283336
AO-PQ (Pure ADC Multi-Epoch),0.4596250073518604
Static PQ (Pure ADC),0.4424579965416342
AO-PQ (Pure ADC Multi-Epoch),0.5208340007811785
Static PQ (Pure ADC),0.44045899994671345
AO-PQ (Pure ADC Multi-Epoch),0.4831670084968209
Static PQ (Pure ADC),0.38241699803620577
AO-PQ (Pure ADC Multi-Epoch),0.3693330072565004
Static PQ (Pure ADC),0.4468749975785613
AO-PQ (Pure ADC Multi-Epoch),0.43812500371132046
Static PQ (Pure ADC),0.42512500658631325
AO-PQ (Pure ADC Multi-Epoch),0.44424999214243144
Static PQ (Pure ADC),0.45729200064670295
AO-PQ (Pure ADC Multi-Epoch),0.4930419963784516
Static PQ (Pure ADC),0.7714999956078827
AO-PQ (Pure ADC Multi-Epoch),0.771125007304363
Static PQ (Pure ADC),0.4352079995442182
AO-PQ (Pure ADC Multi-Epoch),0.47562499821651727
Static PQ (Pure ADC),0.7876669988036156
AO-PQ (Pure ADC Multi-Epoch),0.4487080004764721
Static PQ (Pure ADC),0.9135839936789125
AO-PQ (Pure ADC Multi-Epoch),0.4885420057689771
Static PQ (Pure ADC),0.41820800106506795
AO-PQ (Pure ADC Multi-Epoch),0.3788330068346113
Static PQ (Pure ADC),0.7521250081481412
AO-PQ (Pure ADC Multi-Epoch),0.5003749975003302
Static PQ (Pure ADC),0.425124992034398
AO-PQ (Pure ADC Multi-Epoch),0.46391700743697584
Static PQ (Pure ADC),0.4863749927608296
AO-PQ (Pure ADC Multi-Epoch),0.46445800398942083
Static PQ (Pure ADC),0.4145419952692464
AO-PQ (Pure ADC Multi-Epoch),0.4622910055331886
Static PQ (Pure ADC),0.4017089959233999
AO-PQ (Pure ADC Multi-Epoch),0.41149999015033245
Static PQ (Pure ADC),0.4518750065471977
AO-PQ (Pure ADC Multi-Epoch),0.43537501187529415
Static PQ (Pure ADC),0.9610419947421178
AO-PQ (Pure ADC Multi-Epoch),0.5127089971210808
Static PQ (Pure ADC),0.4235420055920258
AO-PQ (Pure ADC Multi-Epoch),0.39858299714978784
Static PQ (Pure ADC),0.7590840104967356
AO-PQ (Pure ADC Multi-Epoch),0.6689580040983856
Static PQ (Pure ADC),0.9106250072363764
AO-PQ (Pure ADC Multi-Epoch),0.5118329863762483
Static PQ (Pure ADC),0.46187500993255526
AO-PQ (Pure ADC Multi-Epoch),0.4702500009443611
Static PQ (Pure ADC),0.4132499889237806
AO-PQ (Pure ADC Multi-Epoch),0.42379200749564916
Static PQ (Pure ADC),0.35170800401829183
AO-PQ (Pure ADC Multi-Epoch),0.4079999926034361
Static PQ (Pure ADC),0.9986670047510415
AO-PQ (Pure ADC Multi-Epoch),0.8545830060029402
Static PQ (Pure ADC),0.9428329940419644
AO-PQ (Pure ADC Multi-Epoch),0.5367499979911372
Static PQ (Pure ADC),0.41154200152959675
AO-PQ (Pure ADC Multi-Epoch),0.545292001334019
Static PQ (Pure ADC),0.8933749923016876
AO-PQ (Pure ADC Multi-Epoch),0.47495799663010985
Static PQ (Pure ADC),0.7877500029280782
AO-PQ (Pure ADC Multi-Epoch),0.709082989487797
Static PQ (Pure ADC),0.7044589874567464
AO-PQ (Pure ADC Multi-Epoch),0.465832999907434
Static PQ (Pure ADC),0.47133299813140184
AO-PQ (Pure ADC Multi-Epoch),0.43283299601171166
Static PQ (Pure ADC),0.41608299943618476
AO-PQ (Pure ADC Multi-Epoch),0.6316660001175478
Static PQ (Pure ADC),0.44675001117866486
AO-PQ (Pure ADC Multi-Epoch),0.7420829933835194
Static PQ (Pure ADC),0.4189999890513718
AO-PQ (Pure ADC Multi-Epoch),0.31204099650494754
Static PQ (Pure ADC),0.392542002373375
AO-PQ (Pure ADC Multi-Epoch),0.4048340051667765
Static PQ (Pure ADC),0.8526250021532178
AO-PQ (Pure ADC Multi-Epoch),0.38095799391157925
Static PQ (Pure ADC),0.455000001238659
AO-PQ (Pure ADC Multi-Epoch),0.44008399709127843
Static PQ (Pure ADC),0.6892500096000731
AO-PQ (Pure ADC Multi-Epoch),0.44554099440574646
Static PQ (Pure ADC),0.5154589889571071
AO-PQ (Pure ADC Multi-Epoch),0.42475000373087823
Static PQ (Pure ADC),0.3766250010812655
AO-PQ (Pure ADC Multi-Epoch),0.41604200669098645
Static PQ (Pure ADC),0.38958300137892365
AO-PQ (Pure ADC Multi-Epoch),0.47208300384227186
Static PQ (Pure ADC),0.41116699867416173
AO-PQ (Pure ADC Multi-Epoch),0.5143750022398308
Static PQ (Pure ADC),0.4114159964956343
AO-PQ (Pure ADC Multi-Epoch),0.4028330004075542
Static PQ (Pure ADC),0.4526249977061525
AO-PQ (Pure ADC Multi-Epoch),0.5107089964440092
Static PQ (Pure ADC),0.39158300205599517
AO-PQ (Pure ADC Multi-Epoch),0.4785000055562705
Static PQ (Pure ADC),0.45208299707155675
AO-PQ (Pure ADC Multi-Epoch),0.39924999873619527
Static PQ (Pure ADC),0.9245410037692636
AO-PQ (Pure ADC Multi-Epoch),0.46670799201820046
Static PQ (Pure ADC),0.42387499706819654
AO-PQ (Pure ADC Multi-Epoch),0.4560000088531524
Static PQ (Pure ADC),1.0289579950040206
AO-PQ (Pure ADC Multi-Epoch),0.4160000098636374
Static PQ (Pure ADC),0.7178749947343022
AO-PQ (Pure ADC Multi-Epoch),0.7345000049099326
Static PQ (Pure ADC),0.778792003984563
AO-PQ (Pure ADC Multi-Epoch),0.8539169939467683
Static PQ (Pure ADC),0.48337499902118
AO-PQ (Pure ADC Multi-Epoch),0.4659169935621321
Static PQ (Pure ADC),1.078583998605609
AO-PQ (Pure ADC Multi-Epoch),0.49295800272375345
Static PQ (Pure ADC),0.39412500336766243
AO-PQ (Pure ADC Multi-Epoch),0.4353749973233789
Static PQ (Pure ADC),0.49820799904409796
AO-PQ (Pure ADC Multi-Epoch),0.3850840002996847
Static PQ (Pure ADC),1.063083007466048
AO-PQ (Pure ADC Multi-Epoch),0.34583300293888897
Static PQ (Pure ADC),0.3877080016536638
AO-PQ (Pure ADC Multi-Epoch),0.3917499998351559
Static PQ (Pure ADC),0.49012500676326454
AO-PQ (Pure ADC Multi-Epoch),0.45416598732117563
Static PQ (Pure ADC),0.32900000223889947
AO-PQ (Pure ADC Multi-Epoch),0.35370800469536334
Static PQ (Pure ADC),0.3642920055426657
AO-PQ (Pure ADC Multi-Epoch),0.3021669981535524
Static PQ (Pure ADC),0.4453750007087365
AO-PQ (Pure ADC Multi-Epoch),0.40137500036507845
Static PQ (Pure ADC),1.037084002746269
AO-PQ (Pure ADC Multi-Epoch),0.40137500036507845
Static PQ (Pure ADC),0.3508749941829592
AO-PQ (Pure ADC Multi-Epoch),0.32470800215378404
Static PQ (Pure ADC),0.6906670023454353
AO-PQ (Pure ADC Multi-Epoch),0.727332997485064
Static PQ (Pure ADC),0.3832499933196232
AO-PQ (Pure ADC Multi-Epoch),0.5356670008040965
Static PQ (Pure ADC),0.37895799323450774
AO-PQ (Pure ADC Multi-Epoch),0.3396669926587492
Static PQ (Pure ADC),0.44837499444838613
AO-PQ (Pure ADC Multi-Epoch),0.44916701153852046
Static PQ (Pure ADC),0.4544580006040633
AO-PQ (Pure ADC Multi-Epoch),0.33637500018812716
Static PQ (Pure ADC),0.41274999966844916
AO-PQ (Pure ADC Multi-Epoch),0.43004201143048704
Static PQ (Pure ADC),0.4170419997535646
AO-PQ (Pure ADC Multi-Epoch),0.4668750043492764
Static PQ (Pure ADC),0.48025000432971865
AO-PQ (Pure ADC Multi-Epoch),0.39854200440458953
Static PQ (Pure ADC),0.8193749963538721
AO-PQ (Pure ADC Multi-Epoch),0.48674999561626464
Static PQ (Pure ADC),0.3943750052712858
AO-PQ (Pure ADC Multi-Epoch),0.469292004709132
Static PQ (Pure ADC),0.6691669987048954
AO-PQ (Pure ADC Multi-Epoch),0.4810839891433716
Static PQ (Pure ADC),0.6630840071011335
AO-PQ (Pure ADC Multi-Epoch),0.6710830057272688
Static PQ (Pure ADC),0.4506660043261945
AO-PQ (Pure ADC Multi-Epoch),0.5055840010754764
Static PQ (Pure ADC),0.45266699453350157
AO-PQ (Pure ADC Multi-Epoch),0.5103750008856878
Static PQ (Pure ADC),0.78600000415463
AO-PQ (Pure ADC Multi-Epoch),0.4163749981671572
Static PQ (Pure ADC),0.42212499829474837
AO-PQ (Pure ADC Multi-Epoch),0.42945900349877775
Static PQ (Pure ADC),0.44058299681637436
AO-PQ (Pure ADC Multi-Epoch),0.501832997542806
Static PQ (Pure ADC),0.873625001986511
AO-PQ (Pure ADC Multi-Epoch),0.4166250000707805
Static PQ (Pure ADC),0.36583299515768886
AO-PQ (Pure ADC Multi-Epoch),0.4722500016214326
Static PQ (Pure ADC),0.7163330010371283
AO-PQ (Pure ADC Multi-Epoch),0.30258299375418574
Static PQ (Pure ADC),0.6204170058481395
AO-PQ (Pure ADC Multi-Epoch),0.673625007038936
Static PQ (Pure ADC),0.4792499967152253
AO-PQ (Pure ADC Multi-Epoch),0.40345799061469734
Static PQ (Pure ADC),0.3676250053104013
AO-PQ (Pure ADC Multi-Epoch),0.345499996910803
Static PQ (Pure ADC),0.3756660007638857
AO-PQ (Pure ADC Multi-Epoch),0.3982920025009662
Static PQ (Pure ADC),0.4075420001754537
AO-PQ (Pure ADC Multi-Epoch),0.3828750050161034
Static PQ (Pure ADC),0.3873329987982288
AO-PQ (Pure ADC Multi-Epoch),0.596290992689319
Static PQ (Pure ADC),1.3030840054852888
AO-PQ (Pure ADC Multi-Epoch),0.308374990709126
Static PQ (Pure ADC),0.3456250124145299
AO-PQ (Pure ADC Multi-Epoch),0.6989999965298921
Static PQ (Pure ADC),0.39250000554602593
AO-PQ (Pure ADC Multi-Epoch),0.49649999709799886
Static PQ (Pure ADC),0.39845900028012693
AO-PQ (Pure ADC Multi-Epoch),0.34074998984578997
Static PQ (Pure ADC),0.4950420116074383
AO-PQ (Pure ADC Multi-Epoch),0.3844579914584756
Static PQ (Pure ADC),0.426208003773354
AO-PQ (Pure ADC Multi-Epoch),0.7196249935077503
Static PQ (Pure ADC),0.6633339944528416
AO-PQ (Pure ADC Multi-Epoch),0.5933329957770184
Static PQ (Pure ADC),0.49937500443775207
AO-PQ (Pure ADC Multi-Epoch),0.7991250022314489
Static PQ (Pure ADC),0.34679099917411804
AO-PQ (Pure ADC Multi-Epoch),0.6345419969875365
Static PQ (Pure ADC),0.9711249877000228
AO-PQ (Pure ADC Multi-Epoch),0.48245899961329997
Static PQ (Pure ADC),0.40604198875371367
AO-PQ (Pure ADC Multi-Epoch),0.4029580013593659
Static PQ (Pure ADC),0.6652080046478659
AO-PQ (Pure ADC Multi-Epoch),0.720875003025867
Static PQ (Pure ADC),1.3905829982832074
AO-PQ (Pure ADC Multi-Epoch),0.48504100413993
Static PQ (Pure ADC),0.45629100350197405
AO-PQ (Pure ADC Multi-Epoch),0.42491700151003897
Static PQ (Pure ADC),0.4607500013662502
AO-PQ (Pure ADC Multi-Epoch),0.5707910022465512
Static PQ (Pure ADC),0.7110000005923212
AO-PQ (Pure ADC Multi-Epoch),0.4418749886099249
Static PQ (Pure ADC),0.8144580060616136
AO-PQ (Pure ADC Multi-Epoch),0.490083999466151
Static PQ (Pure ADC),0.4574579943437129
AO-PQ (Pure ADC Multi-Epoch),0.4604580026352778
Static PQ (Pure ADC),0.417709001339972
AO-PQ (Pure ADC Multi-Epoch),0.4594589991029352
Static PQ (Pure ADC),0.42233300337102264
AO-PQ (Pure ADC Multi-Epoch),0.3672499879030511
Static PQ (Pure ADC),0.4697499971371144
AO-PQ (Pure ADC Multi-Epoch),0.38895900070201606
Static PQ (Pure ADC),0.6667919951723889
AO-PQ (Pure ADC Multi-Epoch),0.6652920128544793
Static PQ (Pure ADC),0.6759579991921782
AO-PQ (Pure ADC Multi-Epoch),0.5511670024134219
Static PQ (Pure ADC),0.41524998960085213
AO-PQ (Pure ADC Multi-Epoch),0.6977080047363415
Static PQ (Pure ADC),0.39183400804176927
AO-PQ (Pure ADC Multi-Epoch),0.4222919960739091
Static PQ (Pure ADC),0.8791250002104789
AO-PQ (Pure ADC Multi-Epoch),0.44345798960421234
Static PQ (Pure ADC),0.42300000495743006
AO-PQ (Pure ADC Multi-Epoch),0.44695899123325944
Static PQ (Pure ADC),0.5691669939551502
AO-PQ (Pure ADC Multi-Epoch),0.6013749953126535
Static PQ (Pure ADC),0.6743330013705418
AO-PQ (Pure ADC Multi-Epoch),0.38208400656003505
Static PQ (Pure ADC),0.9875419927993789
AO-PQ (Pure ADC Multi-Epoch),0.45891699846833944
Static PQ (Pure ADC),0.3933749976567924
AO-PQ (Pure ADC Multi-Epoch),0.39687499520368874
Static PQ (Pure ADC),0.49104100617114455
AO-PQ (Pure ADC Multi-Epoch),0.4837080050492659
Static PQ (Pure ADC),0.3962499904446304
AO-PQ (Pure ADC Multi-Epoch),0.3533749986672774
Static PQ (Pure ADC),0.8086250018095598
AO-PQ (Pure ADC Multi-Epoch),0.4690000059781596
Static PQ (Pure ADC),0.47654200170654804
AO-PQ (Pure ADC Multi-Epoch),0.3547910018824041
Static PQ (Pure ADC),0.4877499886788428
AO-PQ (Pure ADC Multi-Epoch),0.39337501220870763
Static PQ (Pure ADC),0.41470899304840714
AO-PQ (Pure ADC Multi-Epoch),0.6562909984495491
Static PQ (Pure ADC),0.9116250002989545
AO-PQ (Pure ADC Multi-Epoch),0.3780000115511939
Static PQ (Pure ADC),0.3979580069426447
AO-PQ (Pure ADC Multi-Epoch),0.4911249998258427
Static PQ (Pure ADC),0.4126249987166375
AO-PQ (Pure ADC Multi-Epoch),0.4417080053826794
Static PQ (Pure ADC),0.4331250092945993
AO-PQ (Pure ADC Multi-Epoch),0.4612500051734969
Static PQ (Pure ADC),0.4855419974774122
AO-PQ (Pure ADC Multi-Epoch),0.40991700370796025
Static PQ (Pure ADC),0.45087499893270433
AO-PQ (Pure ADC Multi-Epoch),0.39537501288577914
Static PQ (Pure ADC),0.44020799396093935
AO-PQ (Pure ADC Multi-Epoch),0.726083992049098
Static PQ (Pure ADC),1.0042079957202077
AO-PQ (Pure ADC Multi-Epoch),0.5223750049481168
Static PQ (Pure ADC),0.43312499474268407
AO-PQ (Pure ADC Multi-Epoch),0.4233329964336008
Static PQ (Pure ADC),0.43279200326651335
AO-PQ (Pure ADC Multi-Epoch),0.4590410098899156
Static PQ (Pure ADC),0.40416700358036906
AO-PQ (Pure ADC Multi-Epoch),0.39983300666790456
Static PQ (Pure ADC),0.9138329915003851
AO-PQ (Pure ADC Multi-Epoch),0.4547080025076866
Static PQ (Pure ADC),0.41445800161454827
AO-PQ (Pure ADC Multi-Epoch),0.44970800809096545
Static PQ (Pure ADC),0.4595420032273978
AO-PQ (Pure ADC Multi-Epoch),0.49108399252872914
Static PQ (Pure ADC),0.8383329986827448
AO-PQ (Pure ADC Multi-Epoch),0.5401250091381371
Static PQ (Pure ADC),0.9195830061798915
AO-PQ (Pure ADC Multi-Epoch),0.4397089942358434
Static PQ (Pure ADC),0.7754170073894784
AO-PQ (Pure ADC Multi-Epoch),0.4861659981543198
Static PQ (Pure ADC),0.40779200207907706
AO-PQ (Pure ADC Multi-Epoch),0.4665419983211905
Static PQ (Pure ADC),0.6999589968472719
AO-PQ (Pure ADC Multi-Epoch),0.4302500019548461
Static PQ (Pure ADC),0.7284169987542555
AO-PQ (Pure ADC Multi-Epoch),0.4167079896433279
Static PQ (Pure ADC),1.0241669951938093
AO-PQ (Pure ADC Multi-Epoch),0.5212499963818118
Static PQ (Pure ADC),0.4851669946219772
AO-PQ (Pure ADC Multi-Epoch),0.5415829946286976
Static PQ (Pure ADC),0.9342920093331486
AO-PQ (Pure ADC Multi-Epoch),0.4592909972416237
Static PQ (Pure ADC),0.44258400157559663
AO-PQ (Pure ADC Multi-Epoch),0.5146670009708032
Static PQ (Pure ADC),0.417499992181547
AO-PQ (Pure ADC Multi-Epoch),0.42004199349321425
Static PQ (Pure ADC),0.7501669897465035
AO-PQ (Pure ADC Multi-Epoch),0.3901669988408685
Static PQ (Pure ADC),0.40787499165162444
AO-PQ (Pure ADC Multi-Epoch),0.4497500049183145
Static PQ (Pure ADC),0.3964589996030554
AO-PQ (Pure ADC Multi-Epoch),0.4184160061413422
Static PQ (Pure ADC),0.3999170003226027
AO-PQ (Pure ADC Multi-Epoch),0.42174999543931335
Static PQ (Pure ADC),0.4132920003030449
AO-PQ (Pure ADC Multi-Epoch),0.35099999513477087
Static PQ (Pure ADC),0.5217919970164075
AO-PQ (Pure ADC Multi-Epoch),0.7503340020775795
Static PQ (Pure ADC),0.731708001694642
AO-PQ (Pure ADC Multi-Epoch),0.3220000071451068
Static PQ (Pure ADC),0.47395900764968246
AO-PQ (Pure ADC Multi-Epoch),0.4922499938402325
Static PQ (Pure ADC),0.6209999992279336
AO-PQ (Pure ADC Multi-Epoch),0.6094170094002038
Static PQ (Pure ADC),0.5082079878775403
AO-PQ (Pure ADC Multi-Epoch),0.5347080004867166
Static PQ (Pure ADC),0.9992499981308356
AO-PQ (Pure ADC Multi-Epoch),0.538249994860962
Static PQ (Pure ADC),0.48291699204128236
AO-PQ (Pure ADC Multi-Epoch),0.5172920064069331
Static PQ (Pure ADC),0.5181659944355488
AO-PQ (Pure ADC Multi-Epoch),0.5018340016249567
Static PQ (Pure ADC),1.2592499988386407
AO-PQ (Pure ADC Multi-Epoch),0.5149170028744265
Static PQ (Pure ADC),1.0344579932279885
AO-PQ (Pure ADC Multi-Epoch),0.5141669971635565
Static PQ (Pure ADC),1.164291999884881
AO-PQ (Pure ADC Multi-Epoch),0.556500002858229
Static PQ (Pure ADC),0.6460829899879172
AO-PQ (Pure ADC Multi-Epoch),0.5720829940401018
Static PQ (Pure ADC),0.8438329969067127
AO-PQ (Pure ADC Multi-Epoch),0.738000002456829
Static PQ (Pure ADC),0.5194170080358163
AO-PQ (Pure ADC Multi-Epoch),0.4840420006075874
Static PQ (Pure ADC),0.4597910010488704
AO-PQ (Pure ADC Multi-Epoch),0.4734999965876341
Static PQ (Pure ADC),0.4847080126637593
AO-PQ (Pure ADC Multi-Epoch),0.4601660039043054
Static PQ (Pure ADC),0.535167011548765
AO-PQ (Pure ADC Multi-Epoch),0.5123750015627593
Static PQ (Pure ADC),0.5655419954564422
AO-PQ (Pure ADC Multi-Epoch),0.4531660088105127
Static PQ (Pure ADC),0.530958001036197
AO-PQ (Pure ADC Multi-Epoch),0.4232079954817891
Static PQ (Pure ADC),0.9124589996645227
AO-PQ (Pure ADC Multi-Epoch),0.8441250101896003
Static PQ (Pure ADC),0.9915830014506355
AO-PQ (Pure ADC Multi-Epoch),0.43754199577961117
Static PQ (Pure ADC),0.873625001986511
AO-PQ (Pure ADC Multi-Epoch),0.47208300384227186
Static PQ (Pure ADC),0.6604999944102019
AO-PQ (Pure ADC Multi-Epoch),0.7272910006577149
Static PQ (Pure ADC),0.6491249951068312
AO-PQ (Pure ADC Multi-Epoch),0.4079589998582378
Static PQ (Pure ADC),0.8258749876404181
AO-PQ (Pure ADC Multi-Epoch),0.4758750001201406
Static PQ (Pure ADC),0.7459999906131998
AO-PQ (Pure ADC Multi-Epoch),0.4598749947035685
Static PQ (Pure ADC),0.8057499944698066
AO-PQ (Pure ADC Multi-Epoch),0.4248750046826899
Static PQ (Pure ADC),0.47137500951066613
AO-PQ (Pure ADC Multi-Epoch),0.38458401104435325
Static PQ (Pure ADC),0.48533399240113795
AO-PQ (Pure ADC Multi-Epoch),0.35370899422559887
Static PQ (Pure ADC),1.0641660046530887
AO-PQ (Pure ADC Multi-Epoch),0.4430410044733435
Static PQ (Pure ADC),0.4514169995673001
AO-PQ (Pure ADC Multi-Epoch),0.39695799932815135
Static PQ (Pure ADC),0.5126660107634962
AO-PQ (Pure ADC Multi-Epoch),0.43162499787285924
Static PQ (Pure ADC),0.9824999870033935
AO-PQ (Pure ADC Multi-Epoch),0.5207499925745651
Static PQ (Pure ADC),0.48237500595860183
AO-PQ (Pure ADC Multi-Epoch),0.45858300291001797
Static PQ (Pure ADC),0.7114999898476526
AO-PQ (Pure ADC Multi-Epoch),0.56245899759233
Static PQ (Pure ADC),0.54095899395179
AO-PQ (Pure ADC Multi-Epoch),0.48824999248608947
Static PQ (Pure ADC),0.5828749999636784
AO-PQ (Pure ADC Multi-Epoch),0.4827919910894707
Static PQ (Pure ADC),0.5080409900983796
AO-PQ (Pure ADC Multi-Epoch),0.51420800446067
Static PQ (Pure ADC),0.5178330029593781
AO-PQ (Pure ADC Multi-Epoch),0.4530409933067858
Static PQ (Pure ADC),0.5290829867590219
AO-PQ (Pure ADC Multi-Epoch),0.4334999975981191
Static PQ (Pure ADC),0.4849580000154674
AO-PQ (Pure ADC Multi-Epoch),0.4223750001983717
Static PQ (Pure ADC),0.542792011401616
AO-PQ (Pure ADC Multi-Epoch),0.5126670002937317
Static PQ (Pure ADC),0.4986660060239956
AO-PQ (Pure ADC Multi-Epoch),0.42808399302884936
Static PQ (Pure ADC),0.6167090032249689
AO-PQ (Pure ADC Multi-Epoch),0.5587920022662729
Static PQ (Pure ADC),0.4878750041825697
AO-PQ (Pure ADC Multi-Epoch),0.4947499983245507
Static PQ (Pure ADC),0.519209002959542
AO-PQ (Pure ADC Multi-Epoch),0.40291699406225234
Static PQ (Pure ADC),0.5070419865660369
AO-PQ (Pure ADC Multi-Epoch),0.44020799396093935
Static PQ (Pure ADC),0.8534160006092861
AO-PQ (Pure ADC Multi-Epoch),0.5362079973565415
Static PQ (Pure ADC),0.4940830112900585
AO-PQ (Pure ADC Multi-Epoch),0.49208299606107175
Static PQ (Pure ADC),0.6527079967781901
AO-PQ (Pure ADC Multi-Epoch),0.37200000951997936
Static PQ (Pure ADC),0.5433750047814101
AO-PQ (Pure ADC Multi-Epoch),0.5047919985372573
Static PQ (Pure ADC),1.0655420046532527
AO-PQ (Pure ADC Multi-Epoch),0.4223750001983717
Static PQ (Pure ADC),0.5155420076334849
AO-PQ (Pure ADC Multi-Epoch),0.48420901293866336
Static PQ (Pure ADC),0.5254169955151156
AO-PQ (Pure ADC Multi-Epoch),0.509833000251092
Static PQ (Pure ADC),0.4541670059552416
AO-PQ (Pure ADC Multi-Epoch),0.4099590005353093
Static PQ (Pure ADC),0.4501670046010986
AO-PQ (Pure ADC Multi-Epoch),0.4123329999856651
Static PQ (Pure ADC),0.44991698814556
AO-PQ (Pure ADC Multi-Epoch),0.45804199180565774
Static PQ (Pure ADC),0.9124580101342872
AO-PQ (Pure ADC Multi-Epoch),0.40829200588632375
Static PQ (Pure ADC),0.8742079953663051
AO-PQ (Pure ADC Multi-Epoch),0.39666699012741446
Static PQ (Pure ADC),0.5006669962313026
AO-PQ (Pure ADC Multi-Epoch),0.45891699846833944
Static PQ (Pure ADC),0.8694999996805564
AO-PQ (Pure ADC Multi-Epoch),0.7520419894717634
Static PQ (Pure ADC),0.49516699800733477
AO-PQ (Pure ADC Multi-Epoch),0.399791999370791
Static PQ (Pure ADC),0.9773749916348606
AO-PQ (Pure ADC Multi-Epoch),0.6553749990416691
Static PQ (Pure ADC),0.516707994393073
AO-PQ (Pure ADC Multi-Epoch),0.48545798927079886
Static PQ (Pure ADC),0.8333750010933727
AO-PQ (Pure ADC Multi-Epoch),0.7971660088514909
Static PQ (Pure ADC),0.9293329931097105
AO-PQ (Pure ADC Multi-Epoch),0.7553339964943007
Static PQ (Pure ADC),0.7574580085929483
AO-PQ (Pure ADC Multi-Epoch),0.46291699982248247
Static PQ (Pure ADC),0.5441660032374784
AO-PQ (Pure ADC Multi-Epoch),0.5723340000258759
Static PQ (Pure ADC),0.5186250054975972
AO-PQ (Pure ADC Multi-Epoch),0.5780830106232315
Static PQ (Pure ADC),0.567750001209788
AO-PQ (Pure ADC Multi-Epoch),0.6360840052366257
Static PQ (Pure ADC),0.5611250089714304
AO-PQ (Pure ADC Multi-Epoch),0.47987500147428364
Static PQ (Pure ADC),0.5890839966014028
AO-PQ (Pure ADC Multi-Epoch),0.6343330023810267
Static PQ (Pure ADC),0.8886670111678541
AO-PQ (Pure ADC Multi-Epoch),0.5743329966207966
Static PQ (Pure ADC),0.4967920103808865
AO-PQ (Pure ADC Multi-Epoch),0.510042009409517
Static PQ (Pure ADC),0.5012500041630119
AO-PQ (Pure ADC Multi-Epoch),0.5542080034501851
Static PQ (Pure ADC),0.5438329972093925
AO-PQ (Pure ADC Multi-Epoch),0.4385000065667555
Static PQ (Pure ADC),0.5850000015925616
AO-PQ (Pure ADC Multi-Epoch),0.5368749989429489
Static PQ (Pure ADC),0.4974170005880296
AO-PQ (Pure ADC Multi-Epoch),0.502042006701231
Static PQ (Pure ADC),0.5602500023087487
AO-PQ (Pure ADC Multi-Epoch),0.47724999603815377
Static PQ (Pure ADC),0.5824999971082434
AO-PQ (Pure ADC Multi-Epoch),0.4939580103382468
Static PQ (Pure ADC),0.49087501247413456
AO-PQ (Pure ADC Multi-Epoch),0.561791006475687
Static PQ (Pure ADC),0.793583007180132
AO-PQ (Pure ADC Multi-Epoch),0.4448340041562915
Static PQ (Pure ADC),0.560125001356937
AO-PQ (Pure ADC Multi-Epoch),0.8122500003082678
Static PQ (Pure ADC),0.6273340113693848
AO-PQ (Pure ADC Multi-Epoch),0.5209170049056411
Static PQ (Pure ADC),0.8212079992517829
AO-PQ (Pure ADC Multi-Epoch),0.7536249904660508
Static PQ (Pure ADC),0.4486250109039247
AO-PQ (Pure ADC Multi-Epoch),0.4202090058242902
Static PQ (Pure ADC),0.4804580094059929
AO-PQ (Pure ADC Multi-Epoch),0.4409579996718094
Static PQ (Pure ADC),0.49575000593904406
AO-PQ (Pure ADC Multi-Epoch),0.4591250035446137
Static PQ (Pure ADC),0.5042919947300106
AO-PQ (Pure ADC Multi-Epoch),0.4257910040905699
Static PQ (Pure ADC),0.7077080081216991
AO-PQ (Pure ADC Multi-Epoch),0.47029199777171016
Static PQ (Pure ADC),0.6157500029075891
AO-PQ (Pure ADC Multi-Epoch),0.5574169917963445
Static PQ (Pure ADC),0.5870000022696331
AO-PQ (Pure ADC Multi-Epoch),0.5192920070840046
Static PQ (Pure ADC),0.8787080005276948
AO-PQ (Pure ADC Multi-Epoch),0.41195799713023007
Static PQ (Pure ADC),0.5196249985601753
AO-PQ (Pure ADC Multi-Epoch),0.49729199963621795
Static PQ (Pure ADC),0.47612500202376395
AO-PQ (Pure ADC Multi-Epoch),0.4521670052781701
Static PQ (Pure ADC),0.5532089999178424
AO-PQ (Pure ADC Multi-Epoch),0.8013750048121437
Static PQ (Pure ADC),0.48945899470709264
AO-PQ (Pure ADC Multi-Epoch),0.5898340023122728
Static PQ (Pure ADC),0.49945799401029944
AO-PQ (Pure ADC Multi-Epoch),0.5372079904191196
Static PQ (Pure ADC),0.6078750011511147
AO-PQ (Pure ADC Multi-Epoch),0.47391699627041817
Static PQ (Pure ADC),0.5661670002155006
AO-PQ (Pure ADC Multi-Epoch),0.5135410028742626
Static PQ (Pure ADC),0.6156249874038622
AO-PQ (Pure ADC Multi-Epoch),0.5110000056447461
Static PQ (Pure ADC),0.5734169972129166
AO-PQ (Pure ADC Multi-Epoch),0.37908399826847017
Static PQ (Pure ADC),0.5640000017592683
AO-PQ (Pure ADC Multi-Epoch),0.6082920008338988
Static PQ (Pure ADC),0.6053750112187117
AO-PQ (Pure ADC Multi-Epoch),0.41479199717286974
Static PQ (Pure ADC),0.5204580083955079
AO-PQ (Pure ADC Multi-Epoch),0.3509170055622235
Static PQ (Pure ADC),0.5051670013926923
AO-PQ (Pure ADC Multi-Epoch),0.41866600804496557
Static PQ (Pure ADC),0.4387500084703788
AO-PQ (Pure ADC Multi-Epoch),0.7240410050144419
Static PQ (Pure ADC),0.438666989794001
AO-PQ (Pure ADC Multi-Epoch),0.3966250078519806
Static PQ (Pure ADC),0.5252080009086058
AO-PQ (Pure ADC Multi-Epoch),0.724500001524575
Static PQ (Pure ADC),0.5645420023938641
AO-PQ (Pure ADC Multi-Epoch),0.4964170075254515
Static PQ (Pure ADC),0.4673749936046079
AO-PQ (Pure ADC Multi-Epoch),0.3699590015457943
Static PQ (Pure ADC),0.5038340023020282
AO-PQ (Pure ADC Multi-Epoch),0.7838750025257468
Static PQ (Pure ADC),0.4887500108452514
AO-PQ (Pure ADC Multi-Epoch),0.3867499908665195
Static PQ (Pure ADC),0.5391250015236437
AO-PQ (Pure ADC Multi-Epoch),0.3741249965969473
Static PQ (Pure ADC),0.5469589959830046
AO-PQ (Pure ADC Multi-Epoch),0.4432909918250516
Static PQ (Pure ADC),0.4325829941080883
AO-PQ (Pure ADC Multi-Epoch),0.6606669921893626
Static PQ (Pure ADC),0.4512089944910258
AO-PQ (Pure ADC Multi-Epoch),0.6410000059986487
Static PQ (Pure ADC),0.5498749960679561
AO-PQ (Pure ADC Multi-Epoch),0.46437501441687346
Static PQ (Pure ADC),0.5259999888949096
AO-PQ (Pure ADC Multi-Epoch),0.4816250002477318
Static PQ (Pure ADC),0.5593340029008687
AO-PQ (Pure ADC Multi-Epoch),0.36433299828786403
Static PQ (Pure ADC),0.5455829959828407
AO-PQ (Pure ADC Multi-Epoch),0.7763340108795092
Static PQ (Pure ADC),0.549625008716248
AO-PQ (Pure ADC Multi-Epoch),0.5044999998062849
Static PQ (Pure ADC),1.0465410014148802
AO-PQ (Pure ADC Multi-Epoch),0.5028750019846484
Static PQ (Pure ADC),0.5672499974025413
AO-PQ (Pure ADC Multi-Epoch),0.5072499916423112
Static PQ (Pure ADC),0.5686249933205545
AO-PQ (Pure ADC Multi-Epoch),0.7184169953688979
Static PQ (Pure ADC),0.6180839991429821
AO-PQ (Pure ADC Multi-Epoch),0.48166699707508087
Static PQ (Pure ADC),0.6406669999705628
AO-PQ (Pure ADC Multi-Epoch),0.5255839932942763
Static PQ (Pure ADC),0.6037090060999617
AO-PQ (Pure ADC Multi-Epoch),0.7613750058226287
Static PQ (Pure ADC),0.6168749969219789
AO-PQ (Pure ADC Multi-Epoch),0.4926249966956675
Static PQ (Pure ADC),1.2050420045852661
AO-PQ (Pure ADC Multi-Epoch),0.4425000079208985
Static PQ (Pure ADC),0.9386669989908114
AO-PQ (Pure ADC Multi-Epoch),0.4875830054515973
Static PQ (Pure ADC),0.6209999992279336
AO-PQ (Pure ADC Multi-Epoch),0.6737920048180968
Static PQ (Pure ADC),0.5348749982658774
AO-PQ (Pure ADC Multi-Epoch),0.5490000039571896
Static PQ (Pure ADC),0.519374996656552
AO-PQ (Pure ADC Multi-Epoch),0.4669579939218238
Static PQ (Pure ADC),0.4861670022364706
AO-PQ (Pure ADC Multi-Epoch),0.5188749928493053
Static PQ (Pure ADC),0.8767499966779724
AO-PQ (Pure ADC Multi-Epoch),0.550208002096042
Static PQ (Pure ADC),0.5252499977359548
AO-PQ (Pure ADC Multi-Epoch),0.48754199815448374
Static PQ (Pure ADC),0.5182500026421621
AO-PQ (Pure ADC Multi-Epoch),0.5554579984163865
Static PQ (Pure ADC),0.5655419954564422
AO-PQ (Pure ADC Multi-Epoch),0.542583002243191
Static PQ (Pure ADC),0.5868750013178214
AO-PQ (Pure ADC Multi-Epoch),0.4845410003326833
Static PQ (Pure ADC),0.7194579957285896
AO-PQ (Pure ADC Multi-Epoch),0.5493749922607094
Static PQ (Pure ADC),0.5182500026421621
AO-PQ (Pure ADC Multi-Epoch),0.4759159928653389
Static PQ (Pure ADC),0.5710409895982593
AO-PQ (Pure ADC Multi-Epoch),0.47812500270083547
Static PQ (Pure ADC),0.450249994173646
AO-PQ (Pure ADC Multi-Epoch),0.4928339913021773
Static PQ (Pure ADC),0.5531250062631443
AO-PQ (Pure ADC Multi-Epoch),0.43445799383334816
Static PQ (Pure ADC),0.5189579969737679
AO-PQ (Pure ADC Multi-Epoch),0.38012499862816185
Static PQ (Pure ADC),0.52375000086613
AO-PQ (Pure ADC Multi-Epoch),0.5065829900559038
Static PQ (Pure ADC),0.5875409988220781
AO-PQ (Pure ADC Multi-Epoch),0.47233399527613074
Static PQ (Pure ADC),0.493874991661869
AO-PQ (Pure ADC Multi-Epoch),0.5542919971048832
Static PQ (Pure ADC),0.5573329981416464
AO-PQ (Pure ADC Multi-Epoch),0.4052079893881455
Static PQ (Pure ADC),0.5407080025179312
AO-PQ (Pure ADC Multi-Epoch),0.36183300835546106
Static PQ (Pure ADC),0.5599580035777763
AO-PQ (Pure ADC Multi-Epoch),0.5757500039180741
Static PQ (Pure ADC),0.5294580041663721
AO-PQ (Pure ADC Multi-Epoch),0.600665996898897
Static PQ (Pure ADC),0.5973340012133121
AO-PQ (Pure ADC Multi-Epoch),0.8742499921936542
Static PQ (Pure ADC),0.5585829931078479
AO-PQ (Pure ADC Multi-Epoch),0.5799999926239252
Static PQ (Pure ADC),1.0179580131080002
AO-PQ (Pure ADC Multi-Epoch),0.4870839911745861
Static PQ (Pure ADC),0.5379159993026406
AO-PQ (Pure ADC Multi-Epoch),0.4684589948737994
Static PQ (Pure ADC),0.5599169962806627
AO-PQ (Pure ADC Multi-Epoch),0.5005000130040571
Static PQ (Pure ADC),0.6419999990612268
AO-PQ (Pure ADC Multi-Epoch),0.5562500009546056
Static PQ (Pure ADC),0.5531250062631443
AO-PQ (Pure ADC Multi-Epoch),0.8737499883864075
Static PQ (Pure ADC),0.4962090024491772
AO-PQ (Pure ADC Multi-Epoch),0.5198330036364496
Static PQ (Pure ADC),0.6604999944102019
AO-PQ (Pure ADC Multi-Epoch),0.5795000033685938
Static PQ (Pure ADC),1.094584004022181
AO-PQ (Pure ADC Multi-Epoch),0.5784169916296378
Static PQ (Pure ADC),0.5675830034306273
AO-PQ (Pure ADC Multi-Epoch),0.5767919938080013
Static PQ (Pure ADC),0.6308329902822152
AO-PQ (Pure ADC Multi-Epoch),0.5602919991360977
Static PQ (Pure ADC),0.5632500106003135
AO-PQ (Pure ADC Multi-Epoch),0.8946669986471534
Static PQ (Pure ADC),1.101000001654029
AO-PQ (Pure ADC Multi-Epoch),0.5676250002579764
Static PQ (Pure ADC),0.5894170026294887
AO-PQ (Pure ADC Multi-Epoch),0.8643750043120235
Static PQ (Pure ADC),0.545832997886464
AO-PQ (Pure ADC Multi-Epoch),0.5056249938206747
Static PQ (Pure ADC),0.6886250048410147
AO-PQ (Pure ADC Multi-Epoch),0.458249996881932
Static PQ (Pure ADC),0.6418749981094152
AO-PQ (Pure ADC Multi-Epoch),0.46808300248812884
Static PQ (Pure ADC),0.5181250016903505
AO-PQ (Pure ADC Multi-Epoch),0.8405000116908923
Static PQ (Pure ADC),0.5394159961724654
AO-PQ (Pure ADC Multi-Epoch),0.8423330000368878
Static PQ (Pure ADC),0.5252499977359548
AO-PQ (Pure ADC Multi-Epoch),0.6525829958263785
Static PQ (Pure ADC),0.6395410018740222
AO-PQ (Pure ADC Multi-Epoch),0.43062499025836587
Static PQ (Pure ADC),0.6029579963069409
AO-PQ (Pure ADC Multi-Epoch),0.5667499935952947
Static PQ (Pure ADC),0.5758749903179705
AO-PQ (Pure ADC Multi-Epoch),0.5228750087553635
Static PQ (Pure ADC),0.5561659927479923
AO-PQ (Pure ADC Multi-Epoch),0.5328329862095416
Static PQ (Pure ADC),0.5885830032639205
AO-PQ (Pure ADC Multi-Epoch),0.4587500006891787
Static PQ (Pure ADC),0.5041250115027651
AO-PQ (Pure ADC Multi-Epoch),0.4150830063736066
Static PQ (Pure ADC),0.5879170057596639
AO-PQ (Pure ADC Multi-Epoch),0.4612500051734969
Static PQ (Pure ADC),0.6230409926502034
AO-PQ (Pure ADC Multi-Epoch),0.45487500028684735
Static PQ (Pure ADC),0.5357500049285591
AO-PQ (Pure ADC Multi-Epoch),0.9369170002173632
Static PQ (Pure ADC),0.7172499899752438
AO-PQ (Pure ADC Multi-Epoch),0.7022080098977312
Static PQ (Pure ADC),0.5326249956851825
AO-PQ (Pure ADC Multi-Epoch),0.658417004160583
Static PQ (Pure ADC),1.0107910056831315
AO-PQ (Pure ADC Multi-Epoch),0.8572500082664192
Static PQ (Pure ADC),0.6446670013247058
AO-PQ (Pure ADC Multi-Epoch),0.7111669983714819
Static PQ (Pure ADC),0.7984160038176924
AO-PQ (Pure ADC Multi-Epoch),0.5875000060768798
Static PQ (Pure ADC),0.5732080026064068
AO-PQ (Pure ADC Multi-Epoch),0.5128329939907417
Static PQ (Pure ADC),0.7035829912638292
AO-PQ (Pure ADC Multi-Epoch),0.5383749958127737
Static PQ (Pure ADC),0.6682910025119781
AO-PQ (Pure ADC Multi-Epoch),0.6610419950447977
Static PQ (Pure ADC),0.5251659895293415
AO-PQ (Pure ADC Multi-Epoch),0.47354199341498315
Static PQ (Pure ADC),0.43337501119822264
AO-PQ (Pure ADC Multi-Epoch),0.39450000622309744
Static PQ (Pure ADC),0.8770419954089448
AO-PQ (Pure ADC Multi-Epoch),0.8150000066962093
Static PQ (Pure ADC),0.5802910018246621
AO-PQ (Pure ADC Multi-Epoch),0.6348750030156225
Static PQ (Pure ADC),0.7570000016130507
AO-PQ (Pure ADC Multi-Epoch),0.4501670046010986
Static PQ (Pure ADC),0.8900420070858672
AO-PQ (Pure ADC Multi-Epoch),0.7918330084066838
Static PQ (Pure ADC),0.5685830110451207
AO-PQ (Pure ADC Multi-Epoch),0.7138749933801591
Static PQ (Pure ADC),0.5417080101324245
AO-PQ (Pure ADC Multi-Epoch),0.36445900332182646
Static PQ (Pure ADC),0.5286250088829547
AO-PQ (Pure ADC Multi-Epoch),0.4242919967509806
Static PQ (Pure ADC),0.5065000004833564
AO-PQ (Pure ADC Multi-Epoch),0.5605840124189854
Static PQ (Pure ADC),0.5581670120591298
AO-PQ (Pure ADC Multi-Epoch),0.5997089901939034
Static PQ (Pure ADC),0.4374170093797147
AO-PQ (Pure ADC Multi-Epoch),0.44833299762103707
Static PQ (Pure ADC),0.4804579948540777
AO-PQ (Pure ADC Multi-Epoch),0.5390419973991811
Static PQ (Pure ADC),1.0094590106746182
AO-PQ (Pure ADC Multi-Epoch),0.7712910010013729
Static PQ (Pure ADC),0.5205830093473196
AO-PQ (Pure ADC Multi-Epoch),0.6713750044582412
Static PQ (Pure ADC),1.1071249900851399
AO-PQ (Pure ADC Multi-Epoch),0.4909590061288327
Static PQ (Pure ADC),0.5210000090301037
AO-PQ (Pure ADC Multi-Epoch),0.4433330032043159
Static PQ (Pure ADC),0.6265420088311657
AO-PQ (Pure ADC Multi-Epoch),0.34324999433010817
Static PQ (Pure ADC),0.899125006981194
AO-PQ (Pure ADC Multi-Epoch),0.5328330007614568
Static PQ (Pure ADC),0.6613750010728836
AO-PQ (Pure ADC Multi-Epoch),0.5482909909915179
Static PQ (Pure ADC),0.6738329975632951
AO-PQ (Pure ADC Multi-Epoch),0.6620829954044893
Static PQ (Pure ADC),0.6072079995647073
AO-PQ (Pure ADC Multi-Epoch),0.47066700062714517
Static PQ (Pure ADC),0.48400000378023833
AO-PQ (Pure ADC Multi-Epoch),0.44683300075121224
Static PQ (Pure ADC),0.504916999489069
AO-PQ (Pure ADC Multi-Epoch),0.5190830124774948
Static PQ (Pure ADC),0.4683330043917522
AO-PQ (Pure ADC Multi-Epoch),0.40412499220110476
Static PQ (Pure ADC),0.506040989421308
AO-PQ (Pure ADC Multi-Epoch),0.7630420004716143
Static PQ (Pure ADC),0.5393339961301535
AO-PQ (Pure ADC Multi-Epoch),0.4210420011077076
Static PQ (Pure ADC),0.5932920030318201
AO-PQ (Pure ADC Multi-Epoch),0.44412499119061977
Static PQ (Pure ADC),0.49820799904409796
AO-PQ (Pure ADC Multi-Epoch),0.439416995504871
Static PQ (Pure ADC),0.4947079869452864
AO-PQ (Pure ADC Multi-Epoch),0.4734169924631715
Static PQ (Pure ADC),1.0154579940717667
AO-PQ (Pure ADC Multi-Epoch),0.4803749907296151
Static PQ (Pure ADC),0.5010829918319359
AO-PQ (Pure ADC Multi-Epoch),0.3855419927276671
Static PQ (Pure ADC),0.8500830008415505
AO-PQ (Pure ADC Multi-Epoch),0.5753329896833748
Static PQ (Pure ADC),0.5214590055402368
AO-PQ (Pure ADC Multi-Epoch),0.6747500010533258
Static PQ (Pure ADC),0.5067500023869798
AO-PQ (Pure ADC Multi-Epoch),0.42954098898917437
Static PQ (Pure ADC),1.0573749896138906
AO-PQ (Pure ADC Multi-Epoch),0.8674160053487867
Static PQ (Pure ADC),0.44499999785330147
AO-PQ (Pure ADC Multi-Epoch),0.6921669992152601
Static PQ (Pure ADC),0.5373750027501956
AO-PQ (Pure ADC Multi-Epoch),0.48741600767243654
Static PQ (Pure ADC),0.44550000166054815
AO-PQ (Pure ADC Multi-Epoch),0.3577919997042045
Static PQ (Pure ADC),0.5346660036593676
AO-PQ (Pure ADC Multi-Epoch),0.6481659947894514
Static PQ (Pure ADC),0.46141700295265764
AO-PQ (Pure ADC Multi-Epoch),0.3480419982224703
Static PQ (Pure ADC),0.4828749952139333
AO-PQ (Pure ADC Multi-Epoch),0.6203329976415262
Static PQ (Pure ADC),0.8758329931879416
AO-PQ (Pure ADC Multi-Epoch),0.7056660106172785
Static PQ (Pure ADC),0.43487499351613224
AO-PQ (Pure ADC Multi-Epoch),0.39316598849836737
Static PQ (Pure ADC),0.46683300752192736
AO-PQ (Pure ADC Multi-Epoch),0.6311250035651028
Static PQ (Pure ADC),0.45170799421612173
AO-PQ (Pure ADC Multi-Epoch),0.36541699955705553
Static PQ (Pure ADC),0.5600830045295879
AO-PQ (Pure ADC Multi-Epoch),0.44158399396110326
Static PQ (Pure ADC),0.49908299115486443
AO-PQ (Pure ADC Multi-Epoch),0.38704200414940715
Static PQ (Pure ADC),0.4629159957403317
AO-PQ (Pure ADC Multi-Epoch),0.4187090089544654
Static PQ (Pure ADC),0.5323750083334744
AO-PQ (Pure ADC Multi-Epoch),0.7586249994346872
Static PQ (Pure ADC),0.4871669952990487
AO-PQ (Pure ADC Multi-Epoch),0.3828329936368391
Static PQ (Pure ADC),0.5610829975921661
AO-PQ (Pure ADC Multi-Epoch),0.48770800640340894
Static PQ (Pure ADC),1.3987080019433051
AO-PQ (Pure ADC Multi-Epoch),0.4195420042378828
Static PQ (Pure ADC),0.5442919937195256
AO-PQ (Pure ADC Multi-Epoch),0.6224999960977584
Static PQ (Pure ADC),0.6582910136785358
AO-PQ (Pure ADC Multi-Epoch),0.7814999989932403
Static PQ (Pure ADC),0.6986670050537214
AO-PQ (Pure ADC Multi-Epoch),0.6828340119682252
Static PQ (Pure ADC),0.5139169952599332
AO-PQ (Pure ADC Multi-Epoch),0.45191698882263154
Static PQ (Pure ADC),0.5587920022662729
AO-PQ (Pure ADC Multi-Epoch),0.5209999944781885
Static PQ (Pure ADC),0.5316250026226044
AO-PQ (Pure ADC Multi-Epoch),0.9441669972147793
Static PQ (Pure ADC),0.5669579986715689
AO-PQ (Pure ADC Multi-Epoch),0.6634169985773042
Static PQ (Pure ADC),0.5109159974381328
AO-PQ (Pure ADC Multi-Epoch),0.39658299647271633
Static PQ (Pure ADC),0.560125001356937
AO-PQ (Pure ADC Multi-Epoch),0.7857500022510067
Static PQ (Pure ADC),0.5908749881200492
AO-PQ (Pure ADC Multi-Epoch),0.4141669924138114
Static PQ (Pure ADC),0.5240830068942159
AO-PQ (Pure ADC Multi-Epoch),0.7729579956503585
Static PQ (Pure ADC),0.5018340016249567
AO-PQ (Pure ADC Multi-Epoch),0.6241670052986592
Static PQ (Pure ADC),0.48916699597612023
AO-PQ (Pure ADC Multi-Epoch),0.3627499972935766
Static PQ (Pure ADC),0.48520800191909075
AO-PQ (Pure ADC Multi-Epoch),0.6984589999774471
Static PQ (Pure ADC),0.9945839992724359
AO-PQ (Pure ADC Multi-Epoch),0.41620800038799644
Static PQ (Pure ADC),0.52299999515526
AO-PQ (Pure ADC Multi-Epoch),0.4171250038780272
Static PQ (Pure ADC),0.5205830093473196
AO-PQ (Pure ADC Multi-Epoch),0.450624997029081
Static PQ (Pure ADC),0.7492089935112745
AO-PQ (Pure ADC Multi-Epoch),0.6932910036994144
Static PQ (Pure ADC),1.2122920015826821
AO-PQ (Pure ADC Multi-Epoch),0.345499996910803
Static PQ (Pure ADC),0.4969580040778965
AO-PQ (Pure ADC Multi-Epoch),0.36858298699371517
Static PQ (Pure ADC),0.5373749881982803
AO-PQ (Pure ADC Multi-Epoch),0.40541699854657054
Static PQ (Pure ADC),0.535375002073124
AO-PQ (Pure ADC Multi-Epoch),0.3900840092683211
Static PQ (Pure ADC),0.8826249977573752
AO-PQ (Pure ADC Multi-Epoch),0.3609160048654303
Static PQ (Pure ADC),0.502583003253676
AO-PQ (Pure ADC Multi-Epoch),0.36166700010653585
Static PQ (Pure ADC),0.5554999952437356
AO-PQ (Pure ADC Multi-Epoch),0.4575420025503263
Static PQ (Pure ADC),1.111499994294718
AO-PQ (Pure ADC Multi-Epoch),0.3403330047149211
Static PQ (Pure ADC),0.9461250010645017
AO-PQ (Pure ADC Multi-Epoch),0.46470799134112895
Static PQ (Pure ADC),0.5535840027732775
AO-PQ (Pure ADC Multi-Epoch),0.4565419949358329
Static PQ (Pure ADC),0.600290994043462
AO-PQ (Pure ADC Multi-Epoch),0.5453749909065664
Static PQ (Pure ADC),0.8128339977702126
AO-PQ (Pure ADC Multi-Epoch),0.7752090023132041
Static PQ (Pure ADC),0.9577499877195805
AO-PQ (Pure ADC Multi-Epoch),0.5711250123567879
Static PQ (Pure ADC),0.6445829931180924
AO-PQ (Pure ADC Multi-Epoch),0.8420420053880662
Static PQ (Pure ADC),0.6095830030972138
AO-PQ (Pure ADC Multi-Epoch),0.5643750046147034
Static PQ (Pure ADC),0.6489579973276705
AO-PQ (Pure ADC Multi-Epoch),0.6776660011382774
Static PQ (Pure ADC),0.617874989984557
AO-PQ (Pure ADC Multi-Epoch),0.5935830122325569
Static PQ (Pure ADC),0.7775410049362108
AO-PQ (Pure ADC Multi-Epoch),0.4844170034630224
Static PQ (Pure ADC),0.6219579954631627
AO-PQ (Pure ADC Multi-Epoch),0.5338329938240349
Static PQ (Pure ADC),0.6170419947011396
AO-PQ (Pure ADC Multi-Epoch),0.4754999972647056
Static PQ (Pure ADC),1.0670420015230775
AO-PQ (Pure ADC Multi-Epoch),0.9030410001287237
Static PQ (Pure ADC),1.106333002098836
AO-PQ (Pure ADC Multi-Epoch),0.5175829865038395
Static PQ (Pure ADC),0.6494589906651527
AO-PQ (Pure ADC Multi-Epoch),0.738000002456829
Static PQ (Pure ADC),0.6170419947011396
AO-PQ (Pure ADC Multi-Epoch),0.4530840087682009
Static PQ (Pure ADC),0.5832080059917644
AO-PQ (Pure ADC Multi-Epoch),0.531375000718981
Static PQ (Pure ADC),0.5691669939551502
AO-PQ (Pure ADC Multi-Epoch),0.6068329967092723
Static PQ (Pure ADC),0.6160829943837598
AO-PQ (Pure ADC Multi-Epoch),0.5719170003430918
Static PQ (Pure ADC),0.8734580042073503
AO-PQ (Pure ADC Multi-Epoch),0.7520419894717634
Static PQ (Pure ADC),0.6332089978968725
AO-PQ (Pure ADC Multi-Epoch),0.5501249979715794
Static PQ (Pure ADC),0.6504580087494105
AO-PQ (Pure ADC Multi-Epoch),0.46504200145136565
Static PQ (Pure ADC),0.6049999938113615
AO-PQ (Pure ADC Multi-Epoch),0.5164159956621006
Static PQ (Pure ADC),0.7207919989014044
AO-PQ (Pure ADC Multi-Epoch),0.49537500308360904
Static PQ (Pure ADC),0.5911250045755878
AO-PQ (Pure ADC Multi-Epoch),0.5054580105934292
Static PQ (Pure ADC),0.6130420078989118
AO-PQ (Pure ADC Multi-Epoch),0.7338750001508743
Static PQ (Pure ADC),0.7294579991139472
AO-PQ (Pure ADC Multi-Epoch),0.4893750010523945
Static PQ (Pure ADC),0.6542500050272793
AO-PQ (Pure ADC Multi-Epoch),0.4182919947197661
Static PQ (Pure ADC),0.9351670014439151
AO-PQ (Pure ADC Multi-Epoch),0.5131250072736293
Static PQ (Pure ADC),0.7495000027120113
AO-PQ (Pure ADC Multi-Epoch),0.429082996561192
Static PQ (Pure ADC),0.651708003715612
AO-PQ (Pure ADC Multi-Epoch),0.4555829946184531
Static PQ (Pure ADC),0.5811250011902303
AO-PQ (Pure ADC Multi-Epoch),0.4709999921033159
Static PQ (Pure ADC),0.671959001920186
AO-PQ (Pure ADC Multi-Epoch),0.5912080087000504
Static PQ (Pure ADC),0.6880419969093055
AO-PQ (Pure ADC Multi-Epoch),0.5697079905075952
Static PQ (Pure ADC),0.6043339963071048
AO-PQ (Pure ADC Multi-Epoch),0.4967499990016222
Static PQ (Pure ADC),0.6811249913880602
AO-PQ (Pure ADC Multi-Epoch),0.46441599261015654
Static PQ (Pure ADC),0.5503749998752028
AO-PQ (Pure ADC Multi-Epoch),0.40395800897385925
Static PQ (Pure ADC),0.6537500012200326
AO-PQ (Pure ADC Multi-Epoch),0.8556659886380658
Static PQ (Pure ADC),0.6055840058252215
AO-PQ (Pure ADC Multi-Epoch),0.4457500035641715
Static PQ (Pure ADC),0.5657080037053674
AO-PQ (Pure ADC Multi-Epoch),0.5174590041860938
Static PQ (Pure ADC),0.6406250031432137
AO-PQ (Pure ADC Multi-Epoch),0.5454580095829442
Static PQ (Pure ADC),0.6628749979427084
AO-PQ (Pure ADC Multi-Epoch),0.883875007275492
Static PQ (Pure ADC),0.6491249951068312
AO-PQ (Pure ADC Multi-Epoch),0.5248329980531707
Static PQ (Pure ADC),0.5921250121900812
AO-PQ (Pure ADC Multi-Epoch),0.4612079937942326
Static PQ (Pure ADC),0.8566250035073608
AO-PQ (Pure ADC Multi-Epoch),0.5350839928723872
Static PQ (Pure ADC),0.7104999967850745
AO-PQ (Pure ADC Multi-Epoch),0.829249998787418
Static PQ (Pure ADC),0.6239170033950359
AO-PQ (Pure ADC Multi-Epoch),0.5432920006569475
Static PQ (Pure ADC),0.5952920037088916
AO-PQ (Pure ADC Multi-Epoch),0.5115410021971911
Static PQ (Pure ADC),0.6428329943446442
AO-PQ (Pure ADC Multi-Epoch),0.4718340060207993
Static PQ (Pure ADC),0.58562500635162
AO-PQ (Pure ADC Multi-Epoch),0.3794169897446409
Static PQ (Pure ADC),0.5855829949723557
AO-PQ (Pure ADC Multi-Epoch),0.45362500532064587
Static PQ (Pure ADC),0.6661249935859814
AO-PQ (Pure ADC Multi-Epoch),0.45954099914524704
Static PQ (Pure ADC),0.5864580016350374
AO-PQ (Pure ADC Multi-Epoch),0.4319580039009452
Static PQ (Pure ADC),0.5846669955644757
AO-PQ (Pure ADC Multi-Epoch),0.4612500051734969
Static PQ (Pure ADC),0.6472079985542223
AO-PQ (Pure ADC Multi-Epoch),0.4536669875960797
Static PQ (Pure ADC),0.6632909935433418
AO-PQ (Pure ADC Multi-Epoch),0.49154199950862676
Static PQ (Pure ADC),0.6264169933274388
AO-PQ (Pure ADC Multi-Epoch),0.5321249918779358
Static PQ (Pure ADC),0.5533340008696541
AO-PQ (Pure ADC Multi-Epoch),0.3890840016538277
Static PQ (Pure ADC),0.5788330017821863
AO-PQ (Pure ADC Multi-Epoch),0.5134579987498
Static PQ (Pure ADC),0.6431249930756167
AO-PQ (Pure ADC Multi-Epoch),0.4925840039504692
Static PQ (Pure ADC),0.6516670109704137
AO-PQ (Pure ADC Multi-Epoch),0.5329580017132685
Static PQ (Pure ADC),0.6354159995680675
AO-PQ (Pure ADC Multi-Epoch),0.37745801091659814
Static PQ (Pure ADC),0.7125420088414103
AO-PQ (Pure ADC Multi-Epoch),0.5853750044479966
Static PQ (Pure ADC),0.6401669961633161
AO-PQ (Pure ADC Multi-Epoch),0.6487920036306605
Static PQ (Pure ADC),0.7103749958332628
AO-PQ (Pure ADC Multi-Epoch),1.040791001287289
Static PQ (Pure ADC),0.6542920018546283
AO-PQ (Pure ADC Multi-Epoch),0.640124999335967
Static PQ (Pure ADC),1.1766249954234809
AO-PQ (Pure ADC Multi-Epoch),0.5904580029891804
Static PQ (Pure ADC),0.702582998201251
AO-PQ (Pure ADC Multi-Epoch),0.639584002783522
Static PQ (Pure ADC),0.6946250068722293
AO-PQ (Pure ADC Multi-Epoch),0.5105000018374994
Static PQ (Pure ADC),0.6352920026984066
AO-PQ (Pure ADC Multi-Epoch),0.5485410074470565
Static PQ (Pure ADC),0.7132090104278177
AO-PQ (Pure ADC Multi-Epoch),1.0445000079926103
Static PQ (Pure ADC),0.6721659883623943
AO-PQ (Pure ADC Multi-Epoch),0.6199159979587421
Static PQ (Pure ADC),0.6614159938180819
AO-PQ (Pure ADC Multi-Epoch),0.6441669975174591
Static PQ (Pure ADC),0.6027079944033176
AO-PQ (Pure ADC Multi-Epoch),0.4484999954001978
Static PQ (Pure ADC),1.062167008058168
AO-PQ (Pure ADC Multi-Epoch),0.873208002303727
Static PQ (Pure ADC),0.5966250027995557
AO-PQ (Pure ADC Multi-Epoch),0.49195899919141084
Static PQ (Pure ADC),0.6559160101460293
AO-PQ (Pure ADC Multi-Epoch),0.4596660000970587
Static PQ (Pure ADC),0.6483750039478764
AO-PQ (Pure ADC Multi-Epoch),0.732083004550077
Static PQ (Pure ADC),0.638999990769662
AO-PQ (Pure ADC Multi-Epoch),0.5422919930424541
Static PQ (Pure ADC),0.6812920037191361
AO-PQ (Pure ADC Multi-Epoch),0.838791995192878
Static PQ (Pure ADC),0.6267919961828738
AO-PQ (Pure ADC Multi-Epoch),0.5070000042906031
Static PQ (Pure ADC),0.5812499875901267
AO-PQ (Pure ADC Multi-Epoch),0.7165419956436381
Static PQ (Pure ADC),0.6017499981680885
AO-PQ (Pure ADC Multi-Epoch),0.47083299432415515
Static PQ (Pure ADC),0.7028330001048744
AO-PQ (Pure ADC Multi-Epoch),0.5265830113785341
Static PQ (Pure ADC),0.5968749901512638
AO-PQ (Pure ADC Multi-Epoch),0.5235830030869693
Static PQ (Pure ADC),0.6529169913846999
AO-PQ (Pure ADC Multi-Epoch),0.5400000081863254
Static PQ (Pure ADC),0.6641660002060235
AO-PQ (Pure ADC Multi-Epoch),0.4783329932251945
Static PQ (Pure ADC),0.657832992146723
AO-PQ (Pure ADC Multi-Epoch),0.8980830025393516
Static PQ (Pure ADC),0.656958989566192
AO-PQ (Pure ADC Multi-Epoch),0.40441699093207717
Static PQ (Pure ADC),0.6471250089816749
AO-PQ (Pure ADC Multi-Epoch),0.4776249988935888
Static PQ (Pure ADC),0.6346669979393482
AO-PQ (Pure ADC Multi-Epoch),0.846041992190294
Static PQ (Pure ADC),0.6467919884016737
AO-PQ (Pure ADC Multi-Epoch),0.5909169994993135
Static PQ (Pure ADC),1.0199579992331564
AO-PQ (Pure ADC Multi-Epoch),0.5795420001959428
Static PQ (Pure ADC),0.6849999917903915
AO-PQ (Pure ADC Multi-Epoch),0.5780000064987689
Static PQ (Pure ADC),0.7317090057767928
AO-PQ (Pure ADC Multi-Epoch),1.178875012556091
Static PQ (Pure ADC),0.6475839909398928
AO-PQ (Pure ADC Multi-Epoch),0.6219999922905117
Static PQ (Pure ADC),0.7283750019269064
AO-PQ (Pure ADC Multi-Epoch),0.5765829992014915
Static PQ (Pure ADC),0.7312499947147444
AO-PQ (Pure ADC Multi-Epoch),1.000874995952472
Static PQ (Pure ADC),0.7318749994738027
AO-PQ (Pure ADC Multi-Epoch),0.5523750005522743
Static PQ (Pure ADC),0.7022089994279668
AO-PQ (Pure ADC Multi-Epoch),0.8202500030165538
Static PQ (Pure ADC),0.7216660014819354
AO-PQ (Pure ADC Multi-Epoch),0.5310839915182441
Static PQ (Pure ADC),0.7652909989701584
AO-PQ (Pure ADC Multi-Epoch),0.8243749907705933
Static PQ (Pure ADC),1.8145409994758666
AO-PQ (Pure ADC Multi-Epoch),0.4805830103578046
Static PQ (Pure ADC),0.673791000735946
AO-PQ (Pure ADC Multi-Epoch),0.5847080028615892
Static PQ (Pure ADC),0.6384580046869814
AO-PQ (Pure ADC Multi-Epoch),0.4942090017721057
Static PQ (Pure ADC),0.7596659997943789
AO-PQ (Pure ADC Multi-Epoch),0.6311250035651028
Static PQ (Pure ADC),0.5978330009384081
AO-PQ (Pure ADC Multi-Epoch),0.9967079968191683
Static PQ (Pure ADC),0.6129999965196475
AO-PQ (Pure ADC Multi-Epoch),0.42675000440794975
Static PQ (Pure ADC),0.6634160090470687
AO-PQ (Pure ADC Multi-Epoch),0.745291996281594
Static PQ (Pure ADC),0.7278330012923107
AO-PQ (Pure ADC Multi-Epoch),0.4435419978108257
Static PQ (Pure ADC),0.6259579968173057
AO-PQ (Pure ADC Multi-Epoch),0.6273749895626679
Static PQ (Pure ADC),0.6117499870015308
AO-PQ (Pure ADC Multi-Epoch),0.5123339942656457
Static PQ (Pure ADC),0.637416000245139
AO-PQ (Pure ADC Multi-Epoch),0.4209580074530095
Static PQ (Pure ADC),0.6084589986130595
AO-PQ (Pure ADC Multi-Epoch),0.5218750011408702
Static PQ (Pure ADC),0.7149590092012659
AO-PQ (Pure ADC Multi-Epoch),0.439957992057316
Static PQ (Pure ADC),0.6195839960128069
AO-PQ (Pure ADC Multi-Epoch),0.4778750007972121
Static PQ (Pure ADC),0.6711250025546178
AO-PQ (Pure ADC Multi-Epoch),0.33941600122489035
Static PQ (Pure ADC),0.6987910019233823
AO-PQ (Pure ADC Multi-Epoch),1.0132089955732226
Static PQ (Pure ADC),1.0205419966951013
AO-PQ (Pure ADC Multi-Epoch),0.5987499898765236
Static PQ (Pure ADC),0.7194999925559387
AO-PQ (Pure ADC Multi-Epoch),0.4255419917171821
Static PQ (Pure ADC),0.6534169951919466
AO-PQ (Pure ADC Multi-Epoch),0.5478750099427998
Static PQ (Pure ADC),0.6536250002682209
AO-PQ (Pure ADC Multi-Epoch),0.45604200568050146
Static PQ (Pure ADC),0.6369589973473921
AO-PQ (Pure ADC Multi-Epoch),0.5556250107474625
Static PQ (Pure ADC),0.6877089908812195
AO-PQ (Pure ADC Multi-Epoch),0.493874991661869
Static PQ (Pure ADC),0.9552079864079133
AO-PQ (Pure ADC Multi-Epoch),0.45095899258740246
Static PQ (Pure ADC),0.629791000392288
AO-PQ (Pure ADC Multi-Epoch),0.9543329942971468
Static PQ (Pure ADC),0.7658749964321032
AO-PQ (Pure ADC Multi-Epoch),0.666000007186085
Static PQ (Pure ADC),0.8964169974206015
AO-PQ (Pure ADC Multi-Epoch),0.7285000028787181
Static PQ (Pure ADC),0.6157919997349381
AO-PQ (Pure ADC Multi-Epoch),0.5352909938665107
Static PQ (Pure ADC),0.8153749949997291
AO-PQ (Pure ADC Multi-Epoch),0.6337500090012327
Static PQ (Pure ADC),0.7562079990748316
AO-PQ (Pure ADC Multi-Epoch),0.6215829926077276
Static PQ (Pure ADC),0.6557079905178398
AO-PQ (Pure ADC Multi-Epoch),0.7938339986139908
Static PQ (Pure ADC),0.687708001350984
AO-PQ (Pure ADC Multi-Epoch),0.7394169952021912
Static PQ (Pure ADC),0.8895000064512715
AO-PQ (Pure ADC Multi-Epoch),0.6060000014258549
Static PQ (Pure ADC),0.951916998019442
AO-PQ (Pure ADC Multi-Epoch),0.6630419957218692
Static PQ (Pure ADC),0.6977500015636906
AO-PQ (Pure ADC Multi-Epoch),0.662417005514726
Static PQ (Pure ADC),0.8317080064443871
AO-PQ (Pure ADC Multi-Epoch),0.9576670126989484
Static PQ (Pure ADC),0.6629999988945201
AO-PQ (Pure ADC Multi-Epoch),0.44341701141092926
Static PQ (Pure ADC),0.657666998449713
AO-PQ (Pure ADC Multi-Epoch),0.8419160003541037
Static PQ (Pure ADC),0.7010420085862279
AO-PQ (Pure ADC Multi-Epoch),0.8096660021692514
Static PQ (Pure ADC),0.6682079983875155
AO-PQ (Pure ADC Multi-Epoch),0.411750006605871
Static PQ (Pure ADC),0.7682499999646097
AO-PQ (Pure ADC Multi-Epoch),0.7189169991761446
Static PQ (Pure ADC),0.8972920040832832
AO-PQ (Pure ADC Multi-Epoch),0.4588750016409904
Static PQ (Pure ADC),0.6450829969253391
AO-PQ (Pure ADC Multi-Epoch),0.493708997964859
Static PQ (Pure ADC),0.6266249984037131
AO-PQ (Pure ADC Multi-Epoch),0.7694160012761131
Static PQ (Pure ADC),0.6019170104991645
AO-PQ (Pure ADC Multi-Epoch),0.440500007243827
Static PQ (Pure ADC),0.6427089974749833
AO-PQ (Pure ADC Multi-Epoch),0.7946660043671727
Static PQ (Pure ADC),0.7269580091815442
AO-PQ (Pure ADC Multi-Epoch),0.5413750041043386
Static PQ (Pure ADC),0.6476249982370064
AO-PQ (Pure ADC Multi-Epoch),0.5111250065965578
Static PQ (Pure ADC),0.6393750081770122
AO-PQ (Pure ADC Multi-Epoch),0.5013750051148236
Static PQ (Pure ADC),0.8234999986598268
AO-PQ (Pure ADC Multi-Epoch),0.7584999984828755
Static PQ (Pure ADC),0.8256669971160591
AO-PQ (Pure ADC Multi-Epoch),0.4920409992337227
Static PQ (Pure ADC),0.7198749954113737
AO-PQ (Pure ADC Multi-Epoch),0.8617080020485446
Static PQ (Pure ADC),0.6524159980472177
AO-PQ (Pure ADC Multi-Epoch),0.5502920103026554
Static PQ (Pure ADC),0.6887500057928264
AO-PQ (Pure ADC Multi-Epoch),0.618958001723513
Static PQ (Pure ADC),0.6897499988554046
AO-PQ (Pure ADC Multi-Epoch),0.5247090011835098
Static PQ (Pure ADC),0.7015419978415594
AO-PQ (Pure ADC Multi-Epoch),0.5777909973403439
Static PQ (Pure ADC),0.6858330016257241
AO-PQ (Pure ADC Multi-Epoch),0.49383300938643515
Static PQ (Pure ADC),0.6824580050306395
AO-PQ (Pure ADC Multi-Epoch),0.5835839983774349
Static PQ (Pure ADC),0.6995839939918369
AO-PQ (Pure ADC Multi-Epoch),0.512500002514571
Static PQ (Pure ADC),0.6596659950446337
AO-PQ (Pure ADC Multi-Epoch),0.5513750074896961
Static PQ (Pure ADC),0.7129169971449301
AO-PQ (Pure ADC Multi-Epoch),0.545832997886464
Static PQ (Pure ADC),0.6681250088149682
AO-PQ (Pure ADC Multi-Epoch),0.5339589988579974
Static PQ (Pure ADC),0.6845829921076074
AO-PQ (Pure ADC Multi-Epoch),0.5748749972553924
Static PQ (Pure ADC),0.6434169918065891
AO-PQ (Pure ADC Multi-Epoch),0.5066250014351681
Static PQ (Pure ADC),0.6489999941550195
AO-PQ (Pure ADC Multi-Epoch),0.5027500010328367
Static PQ (Pure ADC),0.6995410076342523
AO-PQ (Pure ADC Multi-Epoch),0.8461249963147566
Static PQ (Pure ADC),0.687542007653974
AO-PQ (Pure ADC Multi-Epoch),0.5712080019293353
Static PQ (Pure ADC),0.6899159925524145
AO-PQ (Pure ADC Multi-Epoch),0.5498749960679561
Static PQ (Pure ADC),0.6816670065745711
AO-PQ (Pure ADC Multi-Epoch),0.47900000936351717
Static PQ (Pure ADC),0.6908749928697944
AO-PQ (Pure ADC Multi-Epoch),0.45700000191573054
Static PQ (Pure ADC),0.7011660054558888
AO-PQ (Pure ADC Multi-Epoch),0.4771249950863421
Static PQ (Pure ADC),0.6873750098748133
AO-PQ (Pure ADC Multi-Epoch),0.42475000373087823
Static PQ (Pure ADC),0.6590419943677261
AO-PQ (Pure ADC Multi-Epoch),0.4775830020662397
Static PQ (Pure ADC),0.6665840046480298
AO-PQ (Pure ADC Multi-Epoch),0.45787500857841223
Static PQ (Pure ADC),0.6850839999970049
AO-PQ (Pure ADC Multi-Epoch),0.4844590002903715
Static PQ (Pure ADC),0.673250004183501
AO-PQ (Pure ADC Multi-Epoch),0.4304589965613559
Static PQ (Pure ADC),0.7019159966148436
AO-PQ (Pure ADC Multi-Epoch),0.5262920021777973
Static PQ (Pure ADC),0.6704170082230121
AO-PQ (Pure ADC Multi-Epoch),0.4661250131903216
Static PQ (Pure ADC),0.7150000019464642
AO-PQ (Pure ADC Multi-Epoch),0.5412090104073286
Static PQ (Pure ADC),0.7207500020740554
AO-PQ (Pure ADC Multi-Epoch),0.6731660105288029
Static PQ (Pure ADC),0.635374992270954
AO-PQ (Pure ADC Multi-Epoch),0.42637500155251473
Static PQ (Pure ADC),0.6890829972689971
AO-PQ (Pure ADC Multi-Epoch),0.8547089964849874
Static PQ (Pure ADC),0.6632090080529451
AO-PQ (Pure ADC Multi-Epoch),0.5896660004509613
Static PQ (Pure ADC),0.7165419956436381
AO-PQ (Pure ADC Multi-Epoch),0.4766249912790954
Static PQ (Pure ADC),0.7704590098001063
AO-PQ (Pure ADC Multi-Epoch),0.6225420074770227
Static PQ (Pure ADC),0.6771249900339171
AO-PQ (Pure ADC Multi-Epoch),0.5211660027271137
Static PQ (Pure ADC),0.6430840003304183
AO-PQ (Pure ADC Multi-Epoch),0.5798750062240288
Static PQ (Pure ADC),0.6494169938378036
AO-PQ (Pure ADC Multi-Epoch),0.5624170007649809
Static PQ (Pure ADC),0.6455830007325858
AO-PQ (Pure ADC Multi-Epoch),0.476166998851113
Static PQ (Pure ADC),0.663291008095257
AO-PQ (Pure ADC Multi-Epoch),0.5577500123763457
Static PQ (Pure ADC),0.6330839969450608
AO-PQ (Pure ADC Multi-Epoch),0.5220000020926818
Static PQ (Pure ADC),0.6744169950252399
AO-PQ (Pure ADC Multi-Epoch),0.4981250094715506
Static PQ (Pure ADC),0.6785840087104589
AO-PQ (Pure ADC Multi-Epoch),0.4929999995511025
Static PQ (Pure ADC),0.6759999960195273
AO-PQ (Pure ADC Multi-Epoch),0.4680840065702796
Static PQ (Pure ADC),0.6636659963987768
AO-PQ (Pure ADC Multi-Epoch),0.532958991243504
Static PQ (Pure ADC),0.6846670003142208
AO-PQ (Pure ADC Multi-Epoch),0.5636660062009469
Static PQ (Pure ADC),0.6487089995061979
AO-PQ (Pure ADC Multi-Epoch),0.4974589974153787
Static PQ (Pure ADC),0.7036250026430935
AO-PQ (Pure ADC Multi-Epoch),0.5231249961070716
Static PQ (Pure ADC),0.6560000038007274
AO-PQ (Pure ADC Multi-Epoch),0.5991660000290722
Static PQ (Pure ADC),0.6934170087333769
AO-PQ (Pure ADC Multi-Epoch),0.5001249955967069
Static PQ (Pure ADC),0.673250004183501
AO-PQ (Pure ADC Multi-Epoch),0.40787499165162444
Static PQ (Pure ADC),0.6522079929709435
AO-PQ (Pure ADC Multi-Epoch),0.3970419929828495
Static PQ (Pure ADC),0.6516249995911494
AO-PQ (Pure ADC Multi-Epoch),0.4119590012123808
Static PQ (Pure ADC),0.708334002410993
AO-PQ (Pure ADC Multi-Epoch),0.45458300155587494
Static PQ (Pure ADC),0.669625005684793
AO-PQ (Pure ADC Multi-Epoch),0.4701249999925494
Static PQ (Pure ADC),0.7427919917972758
AO-PQ (Pure ADC Multi-Epoch),0.4988750006305054
Static PQ (Pure ADC),0.6572080019395798
AO-PQ (Pure ADC Multi-Epoch),0.44266700570005924
Static PQ (Pure ADC),0.6800830014981329
AO-PQ (Pure ADC Multi-Epoch),0.4819169989787042
Static PQ (Pure ADC),0.6837920082034543
AO-PQ (Pure ADC Multi-Epoch),0.4554579936666414
Static PQ (Pure ADC),0.6403750012395903
AO-PQ (Pure ADC Multi-Epoch),0.4121249949093908
Static PQ (Pure ADC),0.7190839969553053
AO-PQ (Pure ADC Multi-Epoch),0.5343749944586307
Static PQ (Pure ADC),0.7458330073859543
AO-PQ (Pure ADC Multi-Epoch),0.5597080016741529
Static PQ (Pure ADC),1.2780410033883527
AO-PQ (Pure ADC Multi-Epoch),0.6878750136820599
Static PQ (Pure ADC),0.811125006293878
AO-PQ (Pure ADC Multi-Epoch),0.6512079999083653
Static PQ (Pure ADC),0.6845840107416734
AO-PQ (Pure ADC Multi-Epoch),0.5740419874200597
Static PQ (Pure ADC),0.7979170040925965
AO-PQ (Pure ADC Multi-Epoch),0.5922500131418929
Static PQ (Pure ADC),0.7650830084457994
AO-PQ (Pure ADC Multi-Epoch),0.5134579987498
Static PQ (Pure ADC),0.7503749948227778
AO-PQ (Pure ADC Multi-Epoch),1.2157919991295785
Static PQ (Pure ADC),0.727708000340499
AO-PQ (Pure ADC Multi-Epoch),0.5284170038066804
Static PQ (Pure ADC),0.683917009155266
AO-PQ (Pure ADC Multi-Epoch),0.6098330050008371
Static PQ (Pure ADC),0.7906250102678314
AO-PQ (Pure ADC Multi-Epoch),0.7962500094436109
Static PQ (Pure ADC),0.6383750005625188
AO-PQ (Pure ADC Multi-Epoch),0.5579999997280538
Static PQ (Pure ADC),0.723332996130921
AO-PQ (Pure ADC Multi-Epoch),0.4935000033583492
Static PQ (Pure ADC),0.7893750007497147
AO-PQ (Pure ADC Multi-Epoch),0.4749999934574589
Static PQ (Pure ADC),0.7400409958790988
AO-PQ (Pure ADC Multi-Epoch),0.8544590091332793
Static PQ (Pure ADC),0.646417000098154
AO-PQ (Pure ADC Multi-Epoch),1.1673330009216443
Static PQ (Pure ADC),0.7275829993886873
AO-PQ (Pure ADC Multi-Epoch),0.8804170065559447
Static PQ (Pure ADC),1.017207992845215
AO-PQ (Pure ADC Multi-Epoch),0.49412499356549233
Static PQ (Pure ADC),0.7101670053089038
AO-PQ (Pure ADC Multi-Epoch),0.8578749984735623
Static PQ (Pure ADC),0.7538339996244758
AO-PQ (Pure ADC Multi-Epoch),0.4731250082841143
Static PQ (Pure ADC),0.6717910000588745
AO-PQ (Pure ADC Multi-Epoch),0.8022090041777119
Static PQ (Pure ADC),0.7333749963436276
AO-PQ (Pure ADC Multi-Epoch),0.5562919977819547
Static PQ (Pure ADC),0.7289159984793514
AO-PQ (Pure ADC Multi-Epoch),0.8702909981366247
Static PQ (Pure ADC),0.6750839966116473
AO-PQ (Pure ADC Multi-Epoch),0.3872920060530305
Static PQ (Pure ADC),0.6887500057928264
AO-PQ (Pure ADC Multi-Epoch),0.45254100405145437
Static PQ (Pure ADC),0.6792909989599138
AO-PQ (Pure ADC Multi-Epoch),0.5792090087197721
Static PQ (Pure ADC),0.7954999891808257
AO-PQ (Pure ADC Multi-Epoch),0.5760839994763955
Static PQ (Pure ADC),0.669084009132348
AO-PQ (Pure ADC Multi-Epoch),0.7840830076020211
Static PQ (Pure ADC),0.591959003941156
AO-PQ (Pure ADC Multi-Epoch),0.43562499922700226
Static PQ (Pure ADC),0.7080420036800206
AO-PQ (Pure ADC Multi-Epoch),0.5033749912399799
Static PQ (Pure ADC),0.6653750024270266
AO-PQ (Pure ADC Multi-Epoch),0.4911249998258427
Static PQ (Pure ADC),0.7217920065158978
AO-PQ (Pure ADC Multi-Epoch),0.6108750094426796
Static PQ (Pure ADC),0.8325410017278045
AO-PQ (Pure ADC Multi-Epoch),0.930374997551553
Static PQ (Pure ADC),0.690458997269161
AO-PQ (Pure ADC Multi-Epoch),0.5449159943964332
Static PQ (Pure ADC),0.7850420079194009
AO-PQ (Pure ADC Multi-Epoch),0.5380829970818013
Static PQ (Pure ADC),0.7576670031994581
AO-PQ (Pure ADC Multi-Epoch),0.5464589921757579
Static PQ (Pure ADC),0.6478340073954314
AO-PQ (Pure ADC Multi-Epoch),0.6060419982532039
Static PQ (Pure ADC),0.7444999937433749
AO-PQ (Pure ADC Multi-Epoch),0.5930000043008476
Static PQ (Pure ADC),0.7358750008279458
AO-PQ (Pure ADC Multi-Epoch),0.603542008320801
Static PQ (Pure ADC),0.6681670056423172
AO-PQ (Pure ADC Multi-Epoch),0.586958005442284
Static PQ (Pure ADC),0.7225830049719661
AO-PQ (Pure ADC Multi-Epoch),0.47716699191369116
Static PQ (Pure ADC),0.7034169975668192
AO-PQ (Pure ADC Multi-Epoch),0.4792079998878762
Static PQ (Pure ADC),0.7135000050766394
AO-PQ (Pure ADC Multi-Epoch),0.5479999963426962
Static PQ (Pure ADC),0.7638340030098334
AO-PQ (Pure ADC Multi-Epoch),0.4918749909847975
Static PQ (Pure ADC),0.6808329926570877
AO-PQ (Pure ADC Multi-Epoch),0.49745799333322793
Static PQ (Pure ADC),0.7643339922651649
AO-PQ (Pure ADC Multi-Epoch),0.5843750113854185
Static PQ (Pure ADC),0.7532919989898801
AO-PQ (Pure ADC Multi-Epoch),0.49170800775755197
Static PQ (Pure ADC),0.6787080055801198
AO-PQ (Pure ADC Multi-Epoch),0.5255409923847765
Static PQ (Pure ADC),0.7141249952837825
AO-PQ (Pure ADC Multi-Epoch),0.892041003680788
Static PQ (Pure ADC),1.6928749973885715
AO-PQ (Pure ADC Multi-Epoch),1.0435830045025796
Static PQ (Pure ADC),0.7685839955229312
AO-PQ (Pure ADC Multi-Epoch),0.5586670013144612
Static PQ (Pure ADC),0.705625003320165
AO-PQ (Pure ADC Multi-Epoch),0.5566250038100407
Static PQ (Pure ADC),0.7098749920260161
AO-PQ (Pure ADC Multi-Epoch),0.40879200969357044
Static PQ (Pure ADC),0.772916988353245
AO-PQ (Pure ADC Multi-Epoch),0.4665000014938414
Static PQ (Pure ADC),0.8047500014072284
AO-PQ (Pure ADC Multi-Epoch),0.56170899188146
Static PQ (Pure ADC),0.7702910079387948
AO-PQ (Pure ADC Multi-Epoch),0.5517500103451312
Static PQ (Pure ADC),0.7367910002358258
AO-PQ (Pure ADC Multi-Epoch),0.5300829943735152
Static PQ (Pure ADC),0.7378750015050173
AO-PQ (Pure ADC Multi-Epoch),0.5543330044019967
Static PQ (Pure ADC),0.8043749985517934
AO-PQ (Pure ADC Multi-Epoch),0.5147909978404641
Static PQ (Pure ADC),0.7616660004714504
AO-PQ (Pure ADC Multi-Epoch),0.4825000069104135
Static PQ (Pure ADC),0.6965829961700365
AO-PQ (Pure ADC Multi-Epoch),0.8617080020485446
Static PQ (Pure ADC),0.6793339998694137
AO-PQ (Pure ADC Multi-Epoch),0.6355000077746809
Static PQ (Pure ADC),0.8001660025911406
AO-PQ (Pure ADC Multi-Epoch),0.6400420097634196
Static PQ (Pure ADC),0.8574160019634292
AO-PQ (Pure ADC Multi-Epoch),0.5979590059723705
Static PQ (Pure ADC),0.6111669936217368
AO-PQ (Pure ADC Multi-Epoch),0.5321670032572001
Static PQ (Pure ADC),0.7543329993495718
AO-PQ (Pure ADC Multi-Epoch),0.7008329994278029
Static PQ (Pure ADC),0.7647500024177134
AO-PQ (Pure ADC Multi-Epoch),0.516125001013279
Static PQ (Pure ADC),0.8567500044591725
AO-PQ (Pure ADC Multi-Epoch),0.5402090027928352
Static PQ (Pure ADC),0.7638749957550317
AO-PQ (Pure ADC Multi-Epoch),0.5451670003822073
Static PQ (Pure ADC),0.7054580055410042
AO-PQ (Pure ADC Multi-Epoch),0.5347919941414148
Static PQ (Pure ADC),0.7000830082688481
AO-PQ (Pure ADC Multi-Epoch),0.4525419935816899
Static PQ (Pure ADC),0.7833330018911511
AO-PQ (Pure ADC Multi-Epoch),0.46254199696704745
Static PQ (Pure ADC),0.7483329973183572
AO-PQ (Pure ADC Multi-Epoch),0.4915000026812777
Static PQ (Pure ADC),0.7717090047663078
AO-PQ (Pure ADC Multi-Epoch),0.46712500625289977
Static PQ (Pure ADC),0.7845420041121542
AO-PQ (Pure ADC Multi-Epoch),0.547416988410987
Static PQ (Pure ADC),0.7458339969161898
AO-PQ (Pure ADC Multi-Epoch),0.9508749935775995
Static PQ (Pure ADC),0.756124994950369
AO-PQ (Pure ADC Multi-Epoch),0.4969159926986322
Static PQ (Pure ADC),0.6954999989829957
AO-PQ (Pure ADC Multi-Epoch),0.5712919955840334
Static PQ (Pure ADC),0.6657500052824616
AO-PQ (Pure ADC Multi-Epoch),0.3954999992856756
Static PQ (Pure ADC),0.7734579994576052
AO-PQ (Pure ADC Multi-Epoch),0.7403750059893355
Static PQ (Pure ADC),0.7643749995622784
AO-PQ (Pure ADC Multi-Epoch),0.5058749957242981
Static PQ (Pure ADC),0.7390829996438697
AO-PQ (Pure ADC Multi-Epoch),0.48704199434723705
Static PQ (Pure ADC),0.7715419924352318
AO-PQ (Pure ADC Multi-Epoch),0.5249590030871332
Static PQ (Pure ADC),0.7864579965826124
AO-PQ (Pure ADC Multi-Epoch),0.5907909944653511
Static PQ (Pure ADC),0.8097079989966005
AO-PQ (Pure ADC Multi-Epoch),0.575915997615084
Static PQ (Pure ADC),0.7887499959906563
AO-PQ (Pure ADC Multi-Epoch),0.4889169940724969
Static PQ (Pure ADC),0.7684589945711195
AO-PQ (Pure ADC Multi-Epoch),0.9269169968320057
Static PQ (Pure ADC),0.7949999999254942
AO-PQ (Pure ADC Multi-Epoch),0.5739170010201633
Static PQ (Pure ADC),0.7709159981459379
AO-PQ (Pure ADC Multi-Epoch),0.5519169935723767
Static PQ (Pure ADC),0.8143330051098019
AO-PQ (Pure ADC Multi-Epoch),0.6092499970691279
Static PQ (Pure ADC),0.8217080030590296
AO-PQ (Pure ADC Multi-Epoch),0.6623329973081127
Static PQ (Pure ADC),0.8375000033993274
AO-PQ (Pure ADC Multi-Epoch),0.9221249929396436
Static PQ (Pure ADC),0.8952920034062117
AO-PQ (Pure ADC Multi-Epoch),0.6611249991692603
Static PQ (Pure ADC),0.7335840055020526
AO-PQ (Pure ADC Multi-Epoch),0.5630829982692376
Static PQ (Pure ADC),0.8209170046029612
AO-PQ (Pure ADC Multi-Epoch),0.9237089980160818
Static PQ (Pure ADC),0.9051670058397576
AO-PQ (Pure ADC Multi-Epoch),0.6828750047134236
Static PQ (Pure ADC),0.8117499965010211
AO-PQ (Pure ADC Multi-Epoch),0.6352499913191423
Static PQ (Pure ADC),0.8399590005865321
AO-PQ (Pure ADC Multi-Epoch),0.661832993500866
Static PQ (Pure ADC),0.7286250038305297
AO-PQ (Pure ADC Multi-Epoch),0.5309170082909986
Static PQ (Pure ADC),0.7005420047789812
AO-PQ (Pure ADC Multi-Epoch),0.5196659913053736
Static PQ (Pure ADC),0.8405840053455904
AO-PQ (Pure ADC Multi-Epoch),0.6172499997774139
Static PQ (Pure ADC),0.8224159973906353
AO-PQ (Pure ADC Multi-Epoch),0.9773329948075116
Static PQ (Pure ADC),0.8325419912580401
AO-PQ (Pure ADC Multi-Epoch),0.716709007974714
Static PQ (Pure ADC),0.7048330007819459
AO-PQ (Pure ADC Multi-Epoch),0.6362919957609847
Static PQ (Pure ADC),0.7507089903810993
AO-PQ (Pure ADC Multi-Epoch),0.6123749917605892
Static PQ (Pure ADC),0.7500419887946919
AO-PQ (Pure ADC Multi-Epoch),0.5846249987371266
Static PQ (Pure ADC),0.8423340041190386
AO-PQ (Pure ADC Multi-Epoch),0.5706660012947395
Static PQ (Pure ADC),0.7996670028660446
AO-PQ (Pure ADC Multi-Epoch),0.883875007275492
Static PQ (Pure ADC),0.727749997167848
AO-PQ (Pure ADC Multi-Epoch),0.5784590030089021
Static PQ (Pure ADC),0.8317500032717362
AO-PQ (Pure ADC Multi-Epoch),0.6635410099988803
Static PQ (Pure ADC),0.8059170068008825
AO-PQ (Pure ADC Multi-Epoch),0.4590410098899156
Static PQ (Pure ADC),0.7264159939950332
AO-PQ (Pure ADC Multi-Epoch),0.610041999607347
Static PQ (Pure ADC),0.7335840055020526
AO-PQ (Pure ADC Multi-Epoch),0.5536670068977401
Static PQ (Pure ADC),0.7723339949734509
AO-PQ (Pure ADC Multi-Epoch),0.4472500004339963
Static PQ (Pure ADC),0.8079590043053031
AO-PQ (Pure ADC Multi-Epoch),0.5621669988613576
Static PQ (Pure ADC),0.7569580047857016
AO-PQ (Pure ADC Multi-Epoch),0.5455420032376423
Static PQ (Pure ADC),0.739333001547493
AO-PQ (Pure ADC Multi-Epoch),0.5433749902294949
Static PQ (Pure ADC),0.7297079864656553
AO-PQ (Pure ADC Multi-Epoch),0.4230409977026284
Static PQ (Pure ADC),0.7495839963667095
AO-PQ (Pure ADC Multi-Epoch),0.6107499939389527
Static PQ (Pure ADC),0.8055420039454475
AO-PQ (Pure ADC Multi-Epoch),0.4598330124281347
Static PQ (Pure ADC),0.712499997462146
AO-PQ (Pure ADC Multi-Epoch),0.4915830068057403
Static PQ (Pure ADC),0.6852920050732791
AO-PQ (Pure ADC Multi-Epoch),0.5495420045917854
Static PQ (Pure ADC),0.7812089897925034
AO-PQ (Pure ADC Multi-Epoch),0.6125829968368635
Static PQ (Pure ADC),0.8339999913005158
AO-PQ (Pure ADC Multi-Epoch),0.7408329984173179
Static PQ (Pure ADC),0.7597090007038787
AO-PQ (Pure ADC Multi-Epoch),0.5559589917538688
Static PQ (Pure ADC),0.6811250059399754
AO-PQ (Pure ADC Multi-Epoch),0.6961670005694032
Static PQ (Pure ADC),0.772416009567678
AO-PQ (Pure ADC Multi-Epoch),0.6035830010659993
Static PQ (Pure ADC),0.6398330006049946
AO-PQ (Pure ADC Multi-Epoch),0.46387499605771154
Static PQ (Pure ADC),0.6603749934583902
AO-PQ (Pure ADC Multi-Epoch),0.5732919962611049
Static PQ (Pure ADC),0.8016670035431162
AO-PQ (Pure ADC Multi-Epoch),0.6755829963367432
Static PQ (Pure ADC),0.8848750003380701
AO-PQ (Pure ADC Multi-Epoch),0.6969160021981224
Static PQ (Pure ADC),0.7271250069607049
AO-PQ (Pure ADC Multi-Epoch),0.8085829904302955
Static PQ (Pure ADC),0.8027500007301569
AO-PQ (Pure ADC Multi-Epoch),0.6650419963989407
Static PQ (Pure ADC),0.7392499974230304
AO-PQ (Pure ADC Multi-Epoch),0.7693330117035657
Static PQ (Pure ADC),1.1735000007320195
AO-PQ (Pure ADC Multi-Epoch),0.7083749951561913
Static PQ (Pure ADC),0.8059579995460808
AO-PQ (Pure ADC Multi-Epoch),0.6738340016454458
Static PQ (Pure ADC),0.713625006028451
AO-PQ (Pure ADC Multi-Epoch),0.47004201042000204
Static PQ (Pure ADC),0.6757500086678192
AO-PQ (Pure ADC Multi-Epoch),0.7473340083379298
Static PQ (Pure ADC),0.7246250024763867
AO-PQ (Pure ADC Multi-Epoch),0.44800000614486635
Static PQ (Pure ADC),0.8964579901657999
AO-PQ (Pure ADC Multi-Epoch),0.5844999977853149
Static PQ (Pure ADC),0.8034999918891117
AO-PQ (Pure ADC Multi-Epoch),0.7670409977436066
Static PQ (Pure ADC),0.9323749982286245
AO-PQ (Pure ADC Multi-Epoch),0.5861249956069514
Static PQ (Pure ADC),0.840499997138977
AO-PQ (Pure ADC Multi-Epoch),0.8334169979207218
Static PQ (Pure ADC),0.7255000091390684
AO-PQ (Pure ADC Multi-Epoch),0.4239590052748099
Static PQ (Pure ADC),0.8385419932892546
AO-PQ (Pure ADC Multi-Epoch),0.5596669943770394
Static PQ (Pure ADC),0.6274580082390457
AO-PQ (Pure ADC Multi-Epoch),0.8533750078640878
Static PQ (Pure ADC),0.6253330066101626
AO-PQ (Pure ADC Multi-Epoch),0.37099998735357076
Static PQ (Pure ADC),0.629292000667192
AO-PQ (Pure ADC Multi-Epoch),0.34583298838697374
Static PQ (Pure ADC),0.658249991829507
AO-PQ (Pure ADC Multi-Epoch),0.44550000166054815
Static PQ (Pure ADC),0.6356250087264925
AO-PQ (Pure ADC Multi-Epoch),0.43079200258944184
Static PQ (Pure ADC),0.6882080051582307
AO-PQ (Pure ADC Multi-Epoch),0.4782920004799962
Static PQ (Pure ADC),0.7517080084653571
AO-PQ (Pure ADC Multi-Epoch),0.5331249994924292
Static PQ (Pure ADC),0.758833994041197
AO-PQ (Pure ADC Multi-Epoch),0.522458998602815
Static PQ (Pure ADC),0.7254579977598041
AO-PQ (Pure ADC Multi-Epoch),0.479416994494386
Static PQ (Pure ADC),0.7184580026660115
AO-PQ (Pure ADC Multi-Epoch),0.4446669918252155
Static PQ (Pure ADC),0.7650000043213367
AO-PQ (Pure ADC Multi-Epoch),0.5491670017363504
Static PQ (Pure ADC),0.675959003274329
AO-PQ (Pure ADC Multi-Epoch),0.4700839926954359
Static PQ (Pure ADC),0.8089159964583814
AO-PQ (Pure ADC Multi-Epoch),0.5859170050825924
Static PQ (Pure ADC),0.6366250017890707
AO-PQ (Pure ADC Multi-Epoch),0.47770900710020214
Static PQ (Pure ADC),0.8170829969458282
AO-PQ (Pure ADC Multi-Epoch),0.9455409890506417
Static PQ (Pure ADC),0.6722920079482719
AO-PQ (Pure ADC Multi-Epoch),0.4998749936930835
Static PQ (Pure ADC),0.8043330017244443
AO-PQ (Pure ADC Multi-Epoch),0.4995420022169128
Static PQ (Pure ADC),1.5476249973289669
AO-PQ (Pure ADC Multi-Epoch),0.5809170106658712
Static PQ (Pure ADC),0.6592499994440004
AO-PQ (Pure ADC Multi-Epoch),0.37354200321715325
Static PQ (Pure ADC),0.7043329969746992
AO-PQ (Pure ADC Multi-Epoch),0.4261249996488914
Static PQ (Pure ADC),0.7751669909339398
AO-PQ (Pure ADC Multi-Epoch),0.6120420002844185
Static PQ (Pure ADC),0.6153329886728898
AO-PQ (Pure ADC Multi-Epoch),0.39112499507609755
Static PQ (Pure ADC),0.782582996180281
AO-PQ (Pure ADC Multi-Epoch),0.5192919925320894
Static PQ (Pure ADC),0.7407909870380536
AO-PQ (Pure ADC Multi-Epoch),0.44116600474808365
Static PQ (Pure ADC),0.7279999990714714
AO-PQ (Pure ADC Multi-Epoch),0.4908339906251058
Static PQ (Pure ADC),0.7163749978644773
AO-PQ (Pure ADC Multi-Epoch),0.9019169956445694
Static PQ (Pure ADC),0.7827499939594418
AO-PQ (Pure ADC Multi-Epoch),0.48470799811184406
Static PQ (Pure ADC),0.626042005023919
AO-PQ (Pure ADC Multi-Epoch),0.4167909937677905
Static PQ (Pure ADC),0.6183329969644547
AO-PQ (Pure ADC Multi-Epoch),0.41900000360328704
Static PQ (Pure ADC),0.6724580016452819
AO-PQ (Pure ADC Multi-Epoch),0.43054099660366774
Static PQ (Pure ADC),0.6357910024235025
AO-PQ (Pure ADC Multi-Epoch),0.43524999637156725
Static PQ (Pure ADC),0.5692910053767264
AO-PQ (Pure ADC Multi-Epoch),0.34091700217686594
Static PQ (Pure ADC),0.6059159932192415
AO-PQ (Pure ADC Multi-Epoch),0.38795800355728716
Static PQ (Pure ADC),0.7097920024534687
AO-PQ (Pure ADC Multi-Epoch),0.48154201067518443
Static PQ (Pure ADC),0.6882500019855797
AO-PQ (Pure ADC Multi-Epoch),0.3870000073220581
Static PQ (Pure ADC),0.6642079970333725
AO-PQ (Pure ADC Multi-Epoch),0.410624998039566
Static PQ (Pure ADC),0.8158749988069758
AO-PQ (Pure ADC Multi-Epoch),0.6061669992050156
Static PQ (Pure ADC),0.660541991237551
AO-PQ (Pure ADC Multi-Epoch),0.48150001384783536
Static PQ (Pure ADC),0.8379579958273098
AO-PQ (Pure ADC Multi-Epoch),0.6716249918099493
Static PQ (Pure ADC),0.8221669995691627
AO-PQ (Pure ADC Multi-Epoch),0.6186249956954271
Static PQ (Pure ADC),0.8295829902635887
AO-PQ (Pure ADC Multi-Epoch),0.6997919990681112
Static PQ (Pure ADC),0.7659170078113675
AO-PQ (Pure ADC Multi-Epoch),0.4712080117315054
Static PQ (Pure ADC),0.6935410056030378
AO-PQ (Pure ADC Multi-Epoch),0.4302500019548461
Static PQ (Pure ADC),1.18770900007803
AO-PQ (Pure ADC Multi-Epoch),0.6081249885028228
Static PQ (Pure ADC),0.7913750014267862
AO-PQ (Pure ADC Multi-Epoch),0.5498340033227578
Static PQ (Pure ADC),0.8174589893314987
AO-PQ (Pure ADC Multi-Epoch),0.5762920045526698
Static PQ (Pure ADC),0.7766250055283308
AO-PQ (Pure ADC Multi-Epoch),0.5359579954529181
Static PQ (Pure ADC),0.8174999966286123
AO-PQ (Pure ADC Multi-Epoch),0.5098340043332428
Static PQ (Pure ADC),0.8254169952124357
AO-PQ (Pure ADC Multi-Epoch),0.5710830009775236
Static PQ (Pure ADC),0.7476669998141006
AO-PQ (Pure ADC Multi-Epoch),0.5087919998914003
Static PQ (Pure ADC),0.762791998567991
AO-PQ (Pure ADC Multi-Epoch),0.46912499237805605
Static PQ (Pure ADC),0.7069170096656308
AO-PQ (Pure ADC Multi-Epoch),0.4587500006891787
Static PQ (Pure ADC),0.8636659913463518
AO-PQ (Pure ADC Multi-Epoch),0.6093750125728548
Static PQ (Pure ADC),0.808833006885834
AO-PQ (Pure ADC Multi-Epoch),0.5353340093279257
Static PQ (Pure ADC),0.7327080093091354
AO-PQ (Pure ADC Multi-Epoch),0.4362920008134097
Static PQ (Pure ADC),0.7580840028822422
AO-PQ (Pure ADC Multi-Epoch),0.4972079914296046
Static PQ (Pure ADC),0.7902079960331321
AO-PQ (Pure ADC Multi-Epoch),0.48370899457950145
Static PQ (Pure ADC),0.861249995068647
AO-PQ (Pure ADC Multi-Epoch),0.5442499968921766
Static PQ (Pure ADC),0.8167919877450913
AO-PQ (Pure ADC Multi-Epoch),0.4546659911284223
Static PQ (Pure ADC),0.9766250004759058
AO-PQ (Pure ADC Multi-Epoch),0.7099590002326295
Static PQ (Pure ADC),0.7989160076249391
AO-PQ (Pure ADC Multi-Epoch),0.466208002762869
Static PQ (Pure ADC),0.6557500018971041
AO-PQ (Pure ADC Multi-Epoch),0.44545799028128386
Static PQ (Pure ADC),0.7082499942043796
AO-PQ (Pure ADC Multi-Epoch),0.4375830030767247
Static PQ (Pure ADC),0.8222080068662763
AO-PQ (Pure ADC Multi-Epoch),0.5476250080391765
Static PQ (Pure ADC),0.6926250061951578
AO-PQ (Pure ADC Multi-Epoch),0.4856669984292239
Static PQ (Pure ADC),0.8258330053649843
AO-PQ (Pure ADC Multi-Epoch),0.5076670058770105
Static PQ (Pure ADC),0.7960420043673366
AO-PQ (Pure ADC Multi-Epoch),0.7028749969322234
Static PQ (Pure ADC),0.7877500029280782
AO-PQ (Pure ADC Multi-Epoch),0.6755000067641959
Static PQ (Pure ADC),0.802791997557506
AO-PQ (Pure ADC Multi-Epoch),0.48733300354797393
Static PQ (Pure ADC),0.8052920020418242
AO-PQ (Pure ADC Multi-Epoch),0.6064170011086389
Static PQ (Pure ADC),0.8217499998863786
AO-PQ (Pure ADC Multi-Epoch),0.6194580055307597
Static PQ (Pure ADC),0.7921250071376562
AO-PQ (Pure ADC Multi-Epoch),0.5053749919170514
Static PQ (Pure ADC),0.7983749965205789
AO-PQ (Pure ADC Multi-Epoch),0.8573749946663156
Static PQ (Pure ADC),0.8800420037005097
AO-PQ (Pure ADC Multi-Epoch),1.0468749969732016
Static PQ (Pure ADC),0.9113330015679821
AO-PQ (Pure ADC Multi-Epoch),0.6731250032316893
Static PQ (Pure ADC),0.7454160077031702
AO-PQ (Pure ADC Multi-Epoch),0.47537501086480916
Static PQ (Pure ADC),0.7725829927949235
AO-PQ (Pure ADC Multi-Epoch),0.5519999976968393
Static PQ (Pure ADC),0.8161670120898634
AO-PQ (Pure ADC Multi-Epoch),0.48191599489655346
Static PQ (Pure ADC),0.8082910062512383
AO-PQ (Pure ADC Multi-Epoch),0.46829199709463865
Static PQ (Pure ADC),0.7560829981230199
AO-PQ (Pure ADC Multi-Epoch),0.5526250024558976
Static PQ (Pure ADC),0.7775419944664463
AO-PQ (Pure ADC Multi-Epoch),0.548916999832727
Static PQ (Pure ADC),0.8026670111576095
AO-PQ (Pure ADC Multi-Epoch),0.5705410003429279
Static PQ (Pure ADC),0.7967080018715933
AO-PQ (Pure ADC Multi-Epoch),0.8649579976918176
Static PQ (Pure ADC),0.7512080046581104
AO-PQ (Pure ADC Multi-Epoch),0.5955829983577132
Static PQ (Pure ADC),0.745666999137029
AO-PQ (Pure ADC Multi-Epoch),0.4941670049447566
Static PQ (Pure ADC),0.8339590131072327
AO-PQ (Pure ADC Multi-Epoch),0.45879199751652777
Static PQ (Pure ADC),0.7424579962389544
AO-PQ (Pure ADC Multi-Epoch),0.42141700396314263
Static PQ (Pure ADC),0.7955829933052883
AO-PQ (Pure ADC Multi-Epoch),0.5144580063642934
Static PQ (Pure ADC),0.7984170078998432
AO-PQ (Pure ADC Multi-Epoch),0.5061250121798366
Static PQ (Pure ADC),0.8746670064283535
AO-PQ (Pure ADC Multi-Epoch),0.7600409880978987
Static PQ (Pure ADC),0.8384999964619055
AO-PQ (Pure ADC Multi-Epoch),0.6359999970300123
Static PQ (Pure ADC),0.7089999999152496
AO-PQ (Pure ADC Multi-Epoch),0.5368339916458353
Static PQ (Pure ADC),0.7452080026268959
AO-PQ (Pure ADC Multi-Epoch),0.5298330070218071
Static PQ (Pure ADC),0.8310830016853288
AO-PQ (Pure ADC Multi-Epoch),0.6086249923100695
Static PQ (Pure ADC),0.8504589932272211
AO-PQ (Pure ADC Multi-Epoch),0.4837080050492659
Static PQ (Pure ADC),0.7964169926708564
AO-PQ (Pure ADC Multi-Epoch),0.5515419907169417
Static PQ (Pure ADC),0.9110410028370097
AO-PQ (Pure ADC Multi-Epoch),0.7800409948686138
Static PQ (Pure ADC),0.8414999902015552
AO-PQ (Pure ADC Multi-Epoch),0.6090840033721179
Static PQ (Pure ADC),0.9006669861264527
AO-PQ (Pure ADC Multi-Epoch),0.5692080012522638
Static PQ (Pure ADC),0.852416007546708
AO-PQ (Pure ADC Multi-Epoch),0.5793750024167821
Static PQ (Pure ADC),0.8817920024739578
AO-PQ (Pure ADC Multi-Epoch),0.69645800977014
Static PQ (Pure ADC),0.8474999922327697
AO-PQ (Pure ADC Multi-Epoch),0.6721670069964603
Static PQ (Pure ADC),0.8298329921672121
AO-PQ (Pure ADC Multi-Epoch),0.6475410045823082
Static PQ (Pure ADC),0.8367920090677217
AO-PQ (Pure ADC Multi-Epoch),0.610957999015227
Static PQ (Pure ADC),0.8068750030361116
AO-PQ (Pure ADC Multi-Epoch),0.9967500081984326
Static PQ (Pure ADC),0.8560830028727651
AO-PQ (Pure ADC Multi-Epoch),0.599374994635582
Static PQ (Pure ADC),0.8453750051558018
AO-PQ (Pure ADC Multi-Epoch),0.588875001994893
Static PQ (Pure ADC),0.8792500011622906
AO-PQ (Pure ADC Multi-Epoch),0.7316669943975285
Static PQ (Pure ADC),0.7657499954802915
AO-PQ (Pure ADC Multi-Epoch),0.6432080117519945
Static PQ (Pure ADC),0.7199579995358363
AO-PQ (Pure ADC Multi-Epoch),0.45112500083632767
Static PQ (Pure ADC),0.9034999966388568
AO-PQ (Pure ADC Multi-Epoch),0.7221669948194176
Static PQ (Pure ADC),0.9952079999493435
AO-PQ (Pure ADC Multi-Epoch),0.5414159968495369
Static PQ (Pure ADC),0.8418330107815564
AO-PQ (Pure ADC Multi-Epoch),0.463333009975031
Static PQ (Pure ADC),0.8668749942444265
AO-PQ (Pure ADC Multi-Epoch),0.472542000352405
Static PQ (Pure ADC),0.9226249967468902
AO-PQ (Pure ADC Multi-Epoch),0.5964169977232814
Static PQ (Pure ADC),0.7141670066630468
AO-PQ (Pure ADC Multi-Epoch),0.5936670058872551
Static PQ (Pure ADC),0.8292080019600689
AO-PQ (Pure ADC Multi-Epoch),0.5074590008007362
Static PQ (Pure ADC),0.8130420028464869
AO-PQ (Pure ADC Multi-Epoch),0.5586249899351969
Static PQ (Pure ADC),0.8461669931421056
AO-PQ (Pure ADC Multi-Epoch),0.47162499686237425
Static PQ (Pure ADC),0.8771659922786057
AO-PQ (Pure ADC Multi-Epoch),0.5052079941378906
Static PQ (Pure ADC),5.591582987108268
AO-PQ (Pure ADC Multi-Epoch),1.7107079911511391
Static PQ (Pure ADC),4.444958991371095
AO-PQ (Pure ADC Multi-Epoch),0.985999999102205
Static PQ (Pure ADC),0.9433749946765602
AO-PQ (Pure ADC Multi-Epoch),1.4381660002982244
Static PQ (Pure ADC),0.7914580055512488
AO-PQ (Pure ADC Multi-Epoch),0.6647499976679683
Static PQ (Pure ADC),0.7922090007923543
AO-PQ (Pure ADC Multi-Epoch),0.5163749883649871
Static PQ (Pure ADC),0.8817909983918071
AO-PQ (Pure ADC Multi-Epoch),0.5515829980140552
Static PQ (Pure ADC),0.7965000113472342
AO-PQ (Pure ADC Multi-Epoch),0.570417003473267
Static PQ (Pure ADC),0.7690420025028288
AO-PQ (Pure ADC Multi-Epoch),0.6953749980311841
Static PQ (Pure ADC),0.8597499981988221
AO-PQ (Pure ADC Multi-Epoch),0.6304999988060445
Static PQ (Pure ADC),0.8787909901002422
AO-PQ (Pure ADC Multi-Epoch),0.6343749992083758
Static PQ (Pure ADC),1.0791660024551675
AO-PQ (Pure ADC Multi-Epoch),0.8008339937077835
Static PQ (Pure ADC),0.8246250072261319
AO-PQ (Pure ADC Multi-Epoch),0.5062919954070821
Static PQ (Pure ADC),0.8965419983724132
AO-PQ (Pure ADC Multi-Epoch),0.5721659981645644
Static PQ (Pure ADC),0.8200420124921948
AO-PQ (Pure ADC Multi-Epoch),0.5690839898306876
Static PQ (Pure ADC),0.7556670025223866
AO-PQ (Pure ADC Multi-Epoch),0.5767499969806522
Static PQ (Pure ADC),0.8866249991115183
AO-PQ (Pure ADC Multi-Epoch),0.9318340016761795
Static PQ (Pure ADC),0.8649579976918176
AO-PQ (Pure ADC Multi-Epoch),0.49145899538416415
Static PQ (Pure ADC),0.8292909915326163
AO-PQ (Pure ADC Multi-Epoch),0.5441249959403649
Static PQ (Pure ADC),0.8502909913659096
AO-PQ (Pure ADC Multi-Epoch),0.6164579972391948
Static PQ (Pure ADC),0.8295829902635887
AO-PQ (Pure ADC Multi-Epoch),0.8197499992093071
Static PQ (Pure ADC),0.7942089869175106
AO-PQ (Pure ADC Multi-Epoch),0.5370830040192232
Static PQ (Pure ADC),0.8466669969493523
AO-PQ (Pure ADC Multi-Epoch),0.5948750040261075
Static PQ (Pure ADC),0.8446669962722808
AO-PQ (Pure ADC Multi-Epoch),0.5494999932125211
Static PQ (Pure ADC),0.7774170080665499
AO-PQ (Pure ADC Multi-Epoch),0.6295000057434663
Static PQ (Pure ADC),0.8732919959584251
AO-PQ (Pure ADC Multi-Epoch),0.5545409949263558
Static PQ (Pure ADC),0.8098340040305629
AO-PQ (Pure ADC Multi-Epoch),0.5175419937586412
Static PQ (Pure ADC),0.7204590074252337
AO-PQ (Pure ADC Multi-Epoch),0.40945899672806263
Static PQ (Pure ADC),0.7845410000300035
AO-PQ (Pure ADC Multi-Epoch),0.4990419984096661
Static PQ (Pure ADC),0.8015419880393893
AO-PQ (Pure ADC Multi-Epoch),0.5519169935723767
Static PQ (Pure ADC),0.8771670109126717
AO-PQ (Pure ADC Multi-Epoch),0.5621250020340085
Static PQ (Pure ADC),0.8137499971780926
AO-PQ (Pure ADC Multi-Epoch),0.5315000016707927
Static PQ (Pure ADC),0.8110000053420663
AO-PQ (Pure ADC Multi-Epoch),0.4301250010030344
Static PQ (Pure ADC),0.7239580008899793
AO-PQ (Pure ADC Multi-Epoch),0.56262499128934
Static PQ (Pure ADC),0.7947499980218709
AO-PQ (Pure ADC Multi-Epoch),0.8702909981366247
Static PQ (Pure ADC),0.8155420073308051
AO-PQ (Pure ADC Multi-Epoch),0.5265000072540715
Static PQ (Pure ADC),0.8953749929787591
AO-PQ (Pure ADC Multi-Epoch),0.7334999972954392
Static PQ (Pure ADC),0.7154999912017956
AO-PQ (Pure ADC Multi-Epoch),0.5147500050952658
Static PQ (Pure ADC),0.6720410019624978
AO-PQ (Pure ADC Multi-Epoch),0.46129200200084597
Static PQ (Pure ADC),0.741625000955537
AO-PQ (Pure ADC Multi-Epoch),0.5352089938241988
Static PQ (Pure ADC),0.7782920001773164
AO-PQ (Pure ADC Multi-Epoch),0.6572910060640424
Static PQ (Pure ADC),0.6962920015212148
AO-PQ (Pure ADC Multi-Epoch),0.47045800602063537
Static PQ (Pure ADC),0.7901670032879338
AO-PQ (Pure ADC Multi-Epoch),0.618582998868078
Static PQ (Pure ADC),0.760833005188033
AO-PQ (Pure ADC Multi-Epoch),0.5339589988579974
Static PQ (Pure ADC),0.6945000059204176
AO-PQ (Pure ADC Multi-Epoch),0.5002079997211695
Static PQ (Pure ADC),0.8997920085676014
AO-PQ (Pure ADC Multi-Epoch),0.6603329966310412
Static PQ (Pure ADC),0.7714999956078827
AO-PQ (Pure ADC Multi-Epoch),0.5808330024592578
Static PQ (Pure ADC),0.7064999954309314
AO-PQ (Pure ADC Multi-Epoch),0.481041002785787
Static PQ (Pure ADC),0.7078749913489446
AO-PQ (Pure ADC Multi-Epoch),0.4074580065207556
Static PQ (Pure ADC),0.7141250098356977
AO-PQ (Pure ADC Multi-Epoch),0.4430410044733435
Static PQ (Pure ADC),0.7230420014820993
AO-PQ (Pure ADC Multi-Epoch),0.49733299238141626
Static PQ (Pure ADC),0.7114589971024543
AO-PQ (Pure ADC Multi-Epoch),0.44958299258723855
Static PQ (Pure ADC),0.673250004183501
AO-PQ (Pure ADC Multi-Epoch),0.4142079997109249
Static PQ (Pure ADC),0.7714170060353354
AO-PQ (Pure ADC Multi-Epoch),0.516707994393073
Static PQ (Pure ADC),0.7390000100713223
AO-PQ (Pure ADC Multi-Epoch),0.47033299051690847
Static PQ (Pure ADC),0.8680419996380806
AO-PQ (Pure ADC Multi-Epoch),0.5047500017099082
Static PQ (Pure ADC),0.9319999953731894
AO-PQ (Pure ADC Multi-Epoch),0.6918340077390894
Static PQ (Pure ADC),0.7717909902567044
AO-PQ (Pure ADC Multi-Epoch),0.39333300082944334
Static PQ (Pure ADC),0.7139169902075082
AO-PQ (Pure ADC Multi-Epoch),0.3983750066254288
Static PQ (Pure ADC),0.727708000340499
AO-PQ (Pure ADC Multi-Epoch),0.4970839945599437
Static PQ (Pure ADC),0.7368750084424391
AO-PQ (Pure ADC Multi-Epoch),0.46587499673478305
Static PQ (Pure ADC),0.6752079934813082
AO-PQ (Pure ADC Multi-Epoch),0.38137500814627856
Static PQ (Pure ADC),0.6647500122198835
AO-PQ (Pure ADC Multi-Epoch),0.4440000047907233
Static PQ (Pure ADC),1.0098750062752515
AO-PQ (Pure ADC Multi-Epoch),0.4476249887375161
Static PQ (Pure ADC),0.7076670008245856
AO-PQ (Pure ADC Multi-Epoch),0.7385830103885382
Static PQ (Pure ADC),0.9006250038510188
AO-PQ (Pure ADC Multi-Epoch),0.604125001700595
Static PQ (Pure ADC),0.7549159927293658
AO-PQ (Pure ADC Multi-Epoch),0.3729169984580949
Static PQ (Pure ADC),0.8210410014726222
AO-PQ (Pure ADC Multi-Epoch),0.603167005465366
Static PQ (Pure ADC),0.8194580004783347
AO-PQ (Pure ADC Multi-Epoch),0.6337909871945158
Static PQ (Pure ADC),0.7539579964941368
AO-PQ (Pure ADC Multi-Epoch),0.4418339958647266
Static PQ (Pure ADC),0.7787089998601004
AO-PQ (Pure ADC Multi-Epoch),0.9485000045970082
Static PQ (Pure ADC),0.7286670006578788
AO-PQ (Pure ADC Multi-Epoch),0.4203749995213002
Static PQ (Pure ADC),0.7554170006187633
AO-PQ (Pure ADC Multi-Epoch),0.7792919932398945
Static PQ (Pure ADC),0.7324589969357476
AO-PQ (Pure ADC Multi-Epoch),0.4693749942816794
Static PQ (Pure ADC),0.7386670040432364
AO-PQ (Pure ADC Multi-Epoch),0.7205829897429794
Static PQ (Pure ADC),0.8810830040602013
AO-PQ (Pure ADC Multi-Epoch),0.9936670103343204
Static PQ (Pure ADC),0.7133329927455634
AO-PQ (Pure ADC Multi-Epoch),0.44962500396650285
Static PQ (Pure ADC),0.7874580041971058
AO-PQ (Pure ADC Multi-Epoch),0.8102920110104606
Static PQ (Pure ADC),0.8209590014303103
AO-PQ (Pure ADC Multi-Epoch),0.8538750116713345
Static PQ (Pure ADC),0.6881250010337681
AO-PQ (Pure ADC Multi-Epoch),0.40066600195132196
Static PQ (Pure ADC),0.7547910063294694
AO-PQ (Pure ADC Multi-Epoch),0.47491700388491154
Static PQ (Pure ADC),0.6962079933146015
AO-PQ (Pure ADC Multi-Epoch),0.472542000352405
Static PQ (Pure ADC),0.8078340033534914
AO-PQ (Pure ADC Multi-Epoch),0.5279580072965473
Static PQ (Pure ADC),0.86675000784453
AO-PQ (Pure ADC Multi-Epoch),0.5591669905697927
Static PQ (Pure ADC),0.8114999945973977
AO-PQ (Pure ADC Multi-Epoch),1.1310840054647997
Static PQ (Pure ADC),0.8290830010082573
AO-PQ (Pure ADC Multi-Epoch),0.4447090032044798
Static PQ (Pure ADC),0.69404199894052
AO-PQ (Pure ADC Multi-Epoch),0.42904200381599367
Static PQ (Pure ADC),0.758166002924554
AO-PQ (Pure ADC Multi-Epoch),0.5543340084841475
Static PQ (Pure ADC),0.7242499996209517
AO-PQ (Pure ADC Multi-Epoch),0.5006669962313026
Static PQ (Pure ADC),1.1896670039277524
AO-PQ (Pure ADC Multi-Epoch),0.4681249993154779
Static PQ (Pure ADC),0.7790839881636202
AO-PQ (Pure ADC Multi-Epoch),0.5541249993257225
Static PQ (Pure ADC),0.7605409919051453
AO-PQ (Pure ADC Multi-Epoch),0.47291700320784
Static PQ (Pure ADC),0.8257919980678707
AO-PQ (Pure ADC Multi-Epoch),0.51254199934192
Static PQ (Pure ADC),0.7757080020383
AO-PQ (Pure ADC Multi-Epoch),0.7552079914603382
Static PQ (Pure ADC),0.6827500037616119
AO-PQ (Pure ADC Multi-Epoch),0.8102499996311963
Static PQ (Pure ADC),0.7696660031797364
AO-PQ (Pure ADC Multi-Epoch),0.7337499991990626
Static PQ (Pure ADC),0.7436250016326085
AO-PQ (Pure ADC Multi-Epoch),0.47545800043735653
Static PQ (Pure ADC),0.7849170069675893
AO-PQ (Pure ADC Multi-Epoch),0.5148339987499639
Static PQ (Pure ADC),0.819500011857599
AO-PQ (Pure ADC Multi-Epoch),0.6263329996727407
Static PQ (Pure ADC),0.8230410021496937
AO-PQ (Pure ADC Multi-Epoch),0.5545830063056201
Static PQ (Pure ADC),0.8115829987218603
AO-PQ (Pure ADC Multi-Epoch),0.54279099276755
Static PQ (Pure ADC),0.8610420045442879
AO-PQ (Pure ADC Multi-Epoch),0.6328340095933527
Static PQ (Pure ADC),0.7835830037947744
AO-PQ (Pure ADC Multi-Epoch),0.5421669920906425
Static PQ (Pure ADC),0.7807079964550212
AO-PQ (Pure ADC Multi-Epoch),0.4786249919561669
Static PQ (Pure ADC),0.8667499932926148
AO-PQ (Pure ADC Multi-Epoch),1.149957999587059
Static PQ (Pure ADC),0.7752909878036007
AO-PQ (Pure ADC Multi-Epoch),0.40691600588615984
Static PQ (Pure ADC),0.7994170009624213
AO-PQ (Pure ADC Multi-Epoch),0.5015409988118336
Static PQ (Pure ADC),0.770624988945201
AO-PQ (Pure ADC Multi-Epoch),0.4742500022985041
Static PQ (Pure ADC),0.7679999980609864
AO-PQ (Pure ADC Multi-Epoch),0.44029099808540195
Static PQ (Pure ADC),0.7835419964976609
AO-PQ (Pure ADC Multi-Epoch),0.5231249961070716
Static PQ (Pure ADC),0.80750000779517
AO-PQ (Pure ADC Multi-Epoch),0.3912090032827109
Static PQ (Pure ADC),0.8425419946433976
AO-PQ (Pure ADC Multi-Epoch),0.9323749982286245
Static PQ (Pure ADC),0.7352090033236891
AO-PQ (Pure ADC Multi-Epoch),0.4668339970521629
Static PQ (Pure ADC),0.8217499998863786
AO-PQ (Pure ADC Multi-Epoch),0.5154579994268715
Static PQ (Pure ADC),0.8020420063985512
AO-PQ (Pure ADC Multi-Epoch),0.4090830043423921
Static PQ (Pure ADC),0.7579160010209307
AO-PQ (Pure ADC Multi-Epoch),0.3664999967440963
Static PQ (Pure ADC),0.7179579988587648
AO-PQ (Pure ADC Multi-Epoch),0.4455410089576617
Static PQ (Pure ADC),0.893459000508301
AO-PQ (Pure ADC Multi-Epoch),0.541291999979876
Static PQ (Pure ADC),0.8411250018980354
AO-PQ (Pure ADC Multi-Epoch),0.49862501327879727
Static PQ (Pure ADC),0.7939159986563027
AO-PQ (Pure ADC Multi-Epoch),0.8762090001255274
Static PQ (Pure ADC),0.8005830022739246
AO-PQ (Pure ADC Multi-Epoch),0.8990000060293823
Static PQ (Pure ADC),0.710833992343396
AO-PQ (Pure ADC Multi-Epoch),0.44395800796337426
Static PQ (Pure ADC),0.7598329975735396
AO-PQ (Pure ADC Multi-Epoch),0.46879200090188533
Static PQ (Pure ADC),0.73608300590422
AO-PQ (Pure ADC Multi-Epoch),0.5511659983312711
Static PQ (Pure ADC),0.7729999924777076
AO-PQ (Pure ADC Multi-Epoch),0.5299170006765053
Static PQ (Pure ADC),0.812041005701758
AO-PQ (Pure ADC Multi-Epoch),0.541667002835311
Static PQ (Pure ADC),0.8147079934133217
AO-PQ (Pure ADC Multi-Epoch),0.560125001356937
Static PQ (Pure ADC),0.8737499883864075
AO-PQ (Pure ADC Multi-Epoch),0.6181250064400956
Static PQ (Pure ADC),0.8727910026209429
AO-PQ (Pure ADC Multi-Epoch),0.9390000050188974
Static PQ (Pure ADC),1.269582993700169
AO-PQ (Pure ADC Multi-Epoch),0.8158330019796267
Static PQ (Pure ADC),0.8794169989414513
AO-PQ (Pure ADC Multi-Epoch),0.5885839927941561
Static PQ (Pure ADC),0.8973749936558306
AO-PQ (Pure ADC Multi-Epoch),0.9188749972963706
Static PQ (Pure ADC),0.8035829960135743
AO-PQ (Pure ADC Multi-Epoch),0.5737500032410026
Static PQ (Pure ADC),0.8486250007990748
AO-PQ (Pure ADC Multi-Epoch),0.535333005245775
Static PQ (Pure ADC),0.8974160009529442
AO-PQ (Pure ADC Multi-Epoch),0.4887079994659871
Static PQ (Pure ADC),0.8975420059869066
AO-PQ (Pure ADC Multi-Epoch),0.6618750048801303
Static PQ (Pure ADC),0.7873339927755296
AO-PQ (Pure ADC Multi-Epoch),0.5664579948643222
Static PQ (Pure ADC),0.8088749891612679
AO-PQ (Pure ADC Multi-Epoch),0.559374995646067
Static PQ (Pure ADC),0.7812080002622679
AO-PQ (Pure ADC Multi-Epoch),0.5578330019488931
Static PQ (Pure ADC),0.8693749987287447
AO-PQ (Pure ADC Multi-Epoch),0.5227089859545231
Static PQ (Pure ADC),0.8168749918695539
AO-PQ (Pure ADC Multi-Epoch),0.5292919959174469
Static PQ (Pure ADC),0.8852499886415899
AO-PQ (Pure ADC Multi-Epoch),0.6125420040916651
Static PQ (Pure ADC),0.7842079940019175
AO-PQ (Pure ADC Multi-Epoch),0.4530000005615875
Static PQ (Pure ADC),0.8737919997656718
AO-PQ (Pure ADC Multi-Epoch),0.4877920000581071
Static PQ (Pure ADC),0.8405409898841754
AO-PQ (Pure ADC Multi-Epoch),0.5266660009510815
Static PQ (Pure ADC),0.7998329965630546
AO-PQ (Pure ADC Multi-Epoch),0.5049159954069182
Static PQ (Pure ADC),0.9090000094147399
AO-PQ (Pure ADC Multi-Epoch),0.5661660106852651
Static PQ (Pure ADC),0.8795410103630275
AO-PQ (Pure ADC Multi-Epoch),0.5787499976577237
Static PQ (Pure ADC),0.8384579996345565
AO-PQ (Pure ADC Multi-Epoch),0.6246249977266416
Static PQ (Pure ADC),0.8292089914903045
AO-PQ (Pure ADC Multi-Epoch),0.5035829963162541
Static PQ (Pure ADC),0.8465830032946542
AO-PQ (Pure ADC Multi-Epoch),0.450999999884516
Static PQ (Pure ADC),0.8086659945547581
AO-PQ (Pure ADC Multi-Epoch),0.5010000022593886
Static PQ (Pure ADC),0.8079169929260388
AO-PQ (Pure ADC Multi-Epoch),0.4752910026581958
Static PQ (Pure ADC),0.9289160079788417
AO-PQ (Pure ADC Multi-Epoch),0.61329199525062
Static PQ (Pure ADC),0.7879169861553237
AO-PQ (Pure ADC Multi-Epoch),0.5396250053308904
Static PQ (Pure ADC),0.890416995389387
AO-PQ (Pure ADC Multi-Epoch),0.7162080000853166
Static PQ (Pure ADC),0.7557079952675849
AO-PQ (Pure ADC Multi-Epoch),0.4616249934770167
